ISO-10303-21;
HEADER;
FILE_DESCRIPTION(('Open CASCADE Model'),'2;1');
FILE_NAME('Open CASCADE Shape Model','2026-08-20T01:41:16',('Author'),(
    'Open CASCADE'),'Open CASCADE STEP processor 7.9','Open CASCADE 7.9'
  ,'Unknown');
FILE_SCHEMA(('AUTOMOTIVE_DESIGN { 1 0 10303 214 1 1 1 1 }'));
ENDSEC;
DATA;
#1 = APPLICATION_PROTOCOL_DEFINITION('international standard',
  'automotive_design',2000,#2);
#2 = APPLICATION_CONTEXT(
  'core data for automotive mechanical design processes');
#3 = SHAPE_DEFINITION_REPRESENTATION(#4,#10);
#4 = PRODUCT_DEFINITION_SHAPE('','',#5);
#5 = PRODUCT_DEFINITION('design','',#6,#9);
#6 = PRODUCT_DEFINITION_FORMATION('','',#7);
#7 = PRODUCT('Open CASCADE STEP translator 7.9 3',
  'Open CASCADE STEP translator 7.9 3','',(#8));
#8 = PRODUCT_CONTEXT('',#2,'mechanical');
#9 = PRODUCT_DEFINITION_CONTEXT('part definition',#2,'design');
#10 = ADVANCED_BREP_SHAPE_REPRESENTATION('',(#11,#15),#14313);
#11 = AXIS2_PLACEMENT_3D('',#12,#13,#14);
#12 = CARTESIAN_POINT('',(0.,0.,0.));
#13 = DIRECTION('',(0.,0.,1.));
#14 = DIRECTION('',(1.,0.,-0.));
#15 = MANIFOLD_SOLID_BREP('',#16);
#16 = CLOSED_SHELL('',(#17,#135,#5349,#5397,#9854,#9879,#9904,#9929,
    #9954,#9979,#10004,#10029,#10054,#10079,#10104,#10129,#10154,#10179,
    #10204,#10229,#10254,#10279,#10304,#10329,#10354,#10379,#10404,
    #10429,#10454,#10479,#10504,#10529,#10554,#10579,#10604,#10629,
    #10654,#10679,#10704,#10729,#10754,#10779,#10804,#10829,#10854,
    #10879,#10904,#10929,#10954,#10979,#11004,#11029,#11054,#11079,
    #11104,#11129,#11154,#11179,#11204,#11229,#11254,#11279,#11304,
    #11329,#11354,#11379,#11404,#11429,#11454,#11479,#11504,#11529,
    #11554,#11579,#11604,#11629,#11654,#11679,#11704,#11729,#11754,
    #11779,#11804,#11829,#11854,#11879,#11904,#11929,#11954,#11979,
    #12004,#12029,#12054,#12079,#12104,#12129,#12154,#12179,#12204,
    #12229,#12254,#12279,#12304,#12329,#12354,#12379,#12404,#12429,
    #12454,#12479,#12504,#12529,#12554,#12579,#12604,#12629,#12654,
    #12679,#12704,#12729,#12754,#12779,#12804,#12829,#12854,#12879,
    #12904,#12929,#12954,#12979,#13004,#13029,#13054,#13079,#13104,
    #13129,#13154,#13179,#13204,#13229,#13254,#13279,#13304,#13329,
    #13354,#13379,#13404,#13429,#13454,#13479,#13504,#13529,#13554,
    #13579,#13604,#13629,#13654,#13679,#13704,#13729,#13754,#13779,
    #13804,#13829,#13854,#13879,#13904,#13929,#13954,#13979,#14004,
    #14029,#14054,#14079,#14104,#14129,#14154,#14179,#14204,#14229,
    #14254,#14279,#14286));
#17 = ADVANCED_FACE('',(#18),#33,.T.);
#18 = FACE_BOUND('',#19,.F.);
#19 = EDGE_LOOP('',(#20,#56,#82,#111));
#20 = ORIENTED_EDGE('',*,*,#21,.F.);
#21 = EDGE_CURVE('',#22,#24,#26,.T.);
#22 = VERTEX_POINT('',#23);
#23 = CARTESIAN_POINT('',(34.995833333333,0.540045651363,0.));
#24 = VERTEX_POINT('',#25);
#25 = CARTESIAN_POINT('',(34.948256922518,1.902455801772,0.));
#26 = SURFACE_CURVE('',#27,(#32,#44),.PCURVE_S1.);
#27 = CIRCLE('',#28,35.);
#28 = AXIS2_PLACEMENT_3D('',#29,#30,#31);
#29 = CARTESIAN_POINT('',(0.,0.,0.));
#30 = DIRECTION('',(0.,0.,1.));
#31 = DIRECTION('',(1.,0.,0.));
#32 = PCURVE('',#33,#38);
#33 = CYLINDRICAL_SURFACE('',#34,35.);
#34 = AXIS2_PLACEMENT_3D('',#35,#36,#37);
#35 = CARTESIAN_POINT('',(0.,0.,0.));
#36 = DIRECTION('',(-0.,-0.,-1.));
#37 = DIRECTION('',(1.,0.,0.));
#38 = DEFINITIONAL_REPRESENTATION('',(#39),#43);
#39 = LINE('',#40,#41);
#40 = CARTESIAN_POINT('',(-0.,0.));
#41 = VECTOR('',#42,1.);
#42 = DIRECTION('',(-1.,0.));
#43 = ( GEOMETRIC_REPRESENTATION_CONTEXT(2) 
PARAMETRIC_REPRESENTATION_CONTEXT() REPRESENTATION_CONTEXT('2D SPACE',''
  ) );
#44 = PCURVE('',#45,#50);
#45 = PLANE('',#46);
#46 = AXIS2_PLACEMENT_3D('',#47,#48,#49);
#47 = CARTESIAN_POINT('',(-1.250230978322E-15,2.32193833596E-15,0.));
#48 = DIRECTION('',(0.,0.,1.));
#49 = DIRECTION('',(1.,0.,-0.));
#50 = DEFINITIONAL_REPRESENTATION('',(#51),#55);
#51 = CIRCLE('',#52,35.);
#52 = AXIS2_PLACEMENT_2D('',#53,#54);
#53 = CARTESIAN_POINT('',(1.250230978322E-15,-2.32193833596E-15));
#54 = DIRECTION('',(1.,0.));
#55 = ( GEOMETRIC_REPRESENTATION_CONTEXT(2) 
PARAMETRIC_REPRESENTATION_CONTEXT() REPRESENTATION_CONTEXT('2D SPACE',''
  ) );
#56 = ORIENTED_EDGE('',*,*,#57,.F.);
#57 = EDGE_CURVE('',#58,#22,#60,.T.);
#58 = VERTEX_POINT('',#59);
#59 = CARTESIAN_POINT('',(34.995833333333,0.540045651363,4.6));
#60 = SURFACE_CURVE('',#61,(#65,#71),.PCURVE_S1.);
#61 = LINE('',#62,#63);
#62 = CARTESIAN_POINT('',(34.995833333333,0.540045651362,0.));
#63 = VECTOR('',#64,1.);
#64 = DIRECTION('',(-0.,-0.,-1.));
#65 = PCURVE('',#33,#66);
#66 = DEFINITIONAL_REPRESENTATION('',(#67),#70);
#67 = B_SPLINE_CURVE_WITH_KNOTS('',1,(#68,#69),.UNSPECIFIED.,.F.,.F.,(2,
    2),(-4.6000006,6.E-07),.PIECEWISE_BEZIER_KNOTS.);
#68 = CARTESIAN_POINT('',(-1.543048807903E-02,-4.6000006));
#69 = CARTESIAN_POINT('',(-1.543048807903E-02,6.E-07));
#70 = ( GEOMETRIC_REPRESENTATION_CONTEXT(2) 
PARAMETRIC_REPRESENTATION_CONTEXT() REPRESENTATION_CONTEXT('2D SPACE',''
  ) );
#71 = PCURVE('',#72,#77);
#72 = CYLINDRICAL_SURFACE('',#73,0.55);
#73 = AXIS2_PLACEMENT_3D('',#74,#75,#76);
#74 = CARTESIAN_POINT('',(35.1,0.,0.));
#75 = DIRECTION('',(-0.,-0.,-1.));
#76 = DIRECTION('',(1.,0.,0.));
#77 = DEFINITIONAL_REPRESENTATION('',(#78),#81);
#78 = B_SPLINE_CURVE_WITH_KNOTS('',1,(#79,#80),.UNSPECIFIED.,.F.,.F.,(2,
    2),(-4.6000006,6.E-07),.PIECEWISE_BEZIER_KNOTS.);
#79 = CARTESIAN_POINT('',(-1.76134120477,-4.6000006));
#80 = CARTESIAN_POINT('',(-1.76134120477,6.E-07));
#81 = ( GEOMETRIC_REPRESENTATION_CONTEXT(2) 
PARAMETRIC_REPRESENTATION_CONTEXT() REPRESENTATION_CONTEXT('2D SPACE',''
  ) );
#82 = ORIENTED_EDGE('',*,*,#83,.T.);
#83 = EDGE_CURVE('',#58,#84,#86,.T.);
#84 = VERTEX_POINT('',#85);
#85 = CARTESIAN_POINT('',(34.948256922518,1.902455801772,4.6));
#86 = SURFACE_CURVE('',#87,(#92,#99),.PCURVE_S1.);
#87 = CIRCLE('',#88,35.);
#88 = AXIS2_PLACEMENT_3D('',#89,#90,#91);
#89 = CARTESIAN_POINT('',(0.,0.,4.6));
#90 = DIRECTION('',(0.,0.,1.));
#91 = DIRECTION('',(1.,0.,0.));
#92 = PCURVE('',#33,#93);
#93 = DEFINITIONAL_REPRESENTATION('',(#94),#98);
#94 = LINE('',#95,#96);
#95 = CARTESIAN_POINT('',(-0.,-4.6));
#96 = VECTOR('',#97,1.);
#97 = DIRECTION('',(-1.,0.));
#98 = ( GEOMETRIC_REPRESENTATION_CONTEXT(2) 
PARAMETRIC_REPRESENTATION_CONTEXT() REPRESENTATION_CONTEXT('2D SPACE',''
  ) );
#99 = PCURVE('',#100,#105);
#100 = PLANE('',#101);
#101 = AXIS2_PLACEMENT_3D('',#102,#103,#104);
#102 = CARTESIAN_POINT('',(-1.250230978322E-15,2.32193833596E-15,4.6));
#103 = DIRECTION('',(0.,0.,1.));
#104 = DIRECTION('',(1.,0.,-0.));
#105 = DEFINITIONAL_REPRESENTATION('',(#106),#110);
#106 = CIRCLE('',#107,35.);
#107 = AXIS2_PLACEMENT_2D('',#108,#109);
#108 = CARTESIAN_POINT('',(1.250230978322E-15,-2.32193833596E-15));
#109 = DIRECTION('',(1.,0.));
#110 = ( GEOMETRIC_REPRESENTATION_CONTEXT(2) 
PARAMETRIC_REPRESENTATION_CONTEXT() REPRESENTATION_CONTEXT('2D SPACE',''
  ) );
#111 = ORIENTED_EDGE('',*,*,#112,.T.);
#112 = EDGE_CURVE('',#84,#24,#113,.T.);
#113 = SURFACE_CURVE('',#114,(#118,#124),.PCURVE_S1.);
#114 = LINE('',#115,#116);
#115 = CARTESIAN_POINT('',(34.948256922518,1.902455801772,0.));
#116 = VECTOR('',#117,1.);
#117 = DIRECTION('',(-0.,-0.,-1.));
#118 = PCURVE('',#33,#119);
#119 = DEFINITIONAL_REPRESENTATION('',(#120),#123);
#120 = B_SPLINE_CURVE_WITH_KNOTS('',1,(#121,#122),.UNSPECIFIED.,.F.,.F.,
  (2,2),(-4.6000006,6.E-07),.PIECEWISE_BEZIER_KNOTS.);
#121 = CARTESIAN_POINT('',(-5.438268200075E-02,-4.6000006));
#122 = CARTESIAN_POINT('',(-5.438268200075E-02,6.E-07));
#123 = ( GEOMETRIC_REPRESENTATION_CONTEXT(2) 
PARAMETRIC_REPRESENTATION_CONTEXT() REPRESENTATION_CONTEXT('2D SPACE',''
  ) );
#124 = PCURVE('',#125,#130);
#125 = CYLINDRICAL_SURFACE('',#126,0.55);
#126 = AXIS2_PLACEMENT_3D('',#127,#128,#129);
#127 = CARTESIAN_POINT('',(35.01449816412,2.448452228419,0.));
#128 = DIRECTION('',(-0.,-0.,-1.));
#129 = DIRECTION('',(1.,0.,0.));
#130 = DEFINITIONAL_REPRESENTATION('',(#131),#134);
#131 = B_SPLINE_CURVE_WITH_KNOTS('',1,(#132,#133),.UNSPECIFIED.,.F.,.F.,
  (2,2),(-4.6000006,6.E-07),.PIECEWISE_BEZIER_KNOTS.);
#132 = CARTESIAN_POINT('',(-4.591657272489,-4.6000006));
#133 = CARTESIAN_POINT('',(-4.591657272489,6.E-07));
#134 = ( GEOMETRIC_REPRESENTATION_CONTEXT(2) 
PARAMETRIC_REPRESENTATION_CONTEXT() REPRESENTATION_CONTEXT('2D SPACE',''
  ) );
#135 = ADVANCED_FACE('',(#136,#5318),#45,.F.);
#136 = FACE_BOUND('',#137,.F.);
#137 = EDGE_LOOP('',(#138,#162,#163,#187,#216,#245,#274,#303,#332,#361,
    #390,#419,#448,#477,#506,#535,#564,#593,#622,#651,#680,#709,#738,
    #767,#796,#825,#854,#883,#912,#941,#970,#999,#1028,#1057,#1086,#1115
    ,#1144,#1173,#1202,#1231,#1260,#1289,#1318,#1347,#1376,#1405,#1434,
    #1463,#1492,#1521,#1550,#1579,#1608,#1637,#1666,#1695,#1724,#1753,
    #1782,#1811,#1840,#1869,#1898,#1927,#1956,#1985,#2014,#2043,#2072,
    #2101,#2130,#2159,#2188,#2217,#2246,#2275,#2304,#2333,#2362,#2391,
    #2420,#2449,#2478,#2507,#2536,#2565,#2594,#2623,#2652,#2681,#2710,
    #2739,#2768,#2797,#2826,#2855,#2884,#2913,#2942,#2971,#3000,#3029,
    #3058,#3087,#3116,#3145,#3174,#3203,#3232,#3261,#3290,#3319,#3348,
    #3377,#3406,#3435,#3464,#3493,#3522,#3551,#3580,#3609,#3638,#3667,
    #3696,#3725,#3754,#3783,#3812,#3841,#3870,#3899,#3928,#3957,#3986,
    #4015,#4044,#4073,#4102,#4131,#4160,#4189,#4218,#4247,#4276,#4305,
    #4334,#4363,#4392,#4421,#4450,#4479,#4508,#4537,#4566,#4595,#4624,
    #4653,#4682,#4711,#4740,#4769,#4798,#4827,#4856,#4885,#4914,#4943,
    #4972,#5001,#5030,#5059,#5088,#5117,#5146,#5175,#5204,#5233,#5262,
    #5291));
#138 = ORIENTED_EDGE('',*,*,#139,.F.);
#139 = EDGE_CURVE('',#22,#140,#142,.T.);
#140 = VERTEX_POINT('',#141);
#141 = CARTESIAN_POINT('',(34.995833333333,-0.540045651363,0.));
#142 = SURFACE_CURVE('',#143,(#148,#155),.PCURVE_S1.);
#143 = CIRCLE('',#144,0.55);
#144 = AXIS2_PLACEMENT_3D('',#145,#146,#147);
#145 = CARTESIAN_POINT('',(35.1,0.,0.));
#146 = DIRECTION('',(0.,0.,1.));
#147 = DIRECTION('',(1.,0.,0.));
#148 = PCURVE('',#45,#149);
#149 = DEFINITIONAL_REPRESENTATION('',(#150),#154);
#150 = CIRCLE('',#151,0.55);
#151 = AXIS2_PLACEMENT_2D('',#152,#153);
#152 = CARTESIAN_POINT('',(35.1,-2.32193833596E-15));
#153 = DIRECTION('',(1.,0.));
#154 = ( GEOMETRIC_REPRESENTATION_CONTEXT(2) 
PARAMETRIC_REPRESENTATION_CONTEXT() REPRESENTATION_CONTEXT('2D SPACE',''
  ) );
#155 = PCURVE('',#72,#156);
#156 = DEFINITIONAL_REPRESENTATION('',(#157),#161);
#157 = LINE('',#158,#159);
#158 = CARTESIAN_POINT('',(-0.,0.));
#159 = VECTOR('',#160,1.);
#160 = DIRECTION('',(-1.,0.));
#161 = ( GEOMETRIC_REPRESENTATION_CONTEXT(2) 
PARAMETRIC_REPRESENTATION_CONTEXT() REPRESENTATION_CONTEXT('2D SPACE',''
  ) );
#162 = ORIENTED_EDGE('',*,*,#21,.T.);
#163 = ORIENTED_EDGE('',*,*,#164,.F.);
#164 = EDGE_CURVE('',#165,#24,#167,.T.);
#165 = VERTEX_POINT('',#166);
#166 = CARTESIAN_POINT('',(34.872913561918,2.979916056369,0.));
#167 = SURFACE_CURVE('',#168,(#173,#180),.PCURVE_S1.);
#168 = CIRCLE('',#169,0.55);
#169 = AXIS2_PLACEMENT_3D('',#170,#171,#172);
#170 = CARTESIAN_POINT('',(35.01449816412,2.448452228419,0.));
#171 = DIRECTION('',(0.,0.,1.));
#172 = DIRECTION('',(1.,0.,0.));
#173 = PCURVE('',#45,#174);
#174 = DEFINITIONAL_REPRESENTATION('',(#175),#179);
#175 = CIRCLE('',#176,0.55);
#176 = AXIS2_PLACEMENT_2D('',#177,#178);
#177 = CARTESIAN_POINT('',(35.01449816412,2.448452228419));
#178 = DIRECTION('',(1.,0.));
#179 = ( GEOMETRIC_REPRESENTATION_CONTEXT(2) 
PARAMETRIC_REPRESENTATION_CONTEXT() REPRESENTATION_CONTEXT('2D SPACE',''
  ) );
#180 = PCURVE('',#125,#181);
#181 = DEFINITIONAL_REPRESENTATION('',(#182),#186);
#182 = LINE('',#183,#184);
#183 = CARTESIAN_POINT('',(-0.,0.));
#184 = VECTOR('',#185,1.);
#185 = DIRECTION('',(-1.,0.));
#186 = ( GEOMETRIC_REPRESENTATION_CONTEXT(2) 
PARAMETRIC_REPRESENTATION_CONTEXT() REPRESENTATION_CONTEXT('2D SPACE',''
  ) );
#187 = ORIENTED_EDGE('',*,*,#188,.T.);
#188 = EDGE_CURVE('',#165,#189,#191,.T.);
#189 = VERTEX_POINT('',#190);
#190 = CARTESIAN_POINT('',(34.730416116962,4.335688681475,0.));
#191 = SURFACE_CURVE('',#192,(#197,#204),.PCURVE_S1.);
#192 = CIRCLE('',#193,35.);
#193 = AXIS2_PLACEMENT_3D('',#194,#195,#196);
#194 = CARTESIAN_POINT('',(0.,0.,0.));
#195 = DIRECTION('',(0.,0.,1.));
#196 = DIRECTION('',(1.,0.,0.));
#197 = PCURVE('',#45,#198);
#198 = DEFINITIONAL_REPRESENTATION('',(#199),#203);
#199 = CIRCLE('',#200,35.);
#200 = AXIS2_PLACEMENT_2D('',#201,#202);
#201 = CARTESIAN_POINT('',(1.250230978322E-15,-2.32193833596E-15));
#202 = DIRECTION('',(1.,0.));
#203 = ( GEOMETRIC_REPRESENTATION_CONTEXT(2) 
PARAMETRIC_REPRESENTATION_CONTEXT() REPRESENTATION_CONTEXT('2D SPACE',''
  ) );
#204 = PCURVE('',#205,#210);
#205 = CYLINDRICAL_SURFACE('',#206,35.);
#206 = AXIS2_PLACEMENT_3D('',#207,#208,#209);
#207 = CARTESIAN_POINT('',(0.,0.,0.));
#208 = DIRECTION('',(-0.,-0.,-1.));
#209 = DIRECTION('',(1.,0.,0.));
#210 = DEFINITIONAL_REPRESENTATION('',(#211),#215);
#211 = LINE('',#212,#213);
#212 = CARTESIAN_POINT('',(-0.,0.));
#213 = VECTOR('',#214,1.);
#214 = DIRECTION('',(-1.,0.));
#215 = ( GEOMETRIC_REPRESENTATION_CONTEXT(2) 
PARAMETRIC_REPRESENTATION_CONTEXT() REPRESENTATION_CONTEXT('2D SPACE',''
  ) );
#216 = ORIENTED_EDGE('',*,*,#217,.F.);
#217 = EDGE_CURVE('',#218,#189,#220,.T.);
#218 = VERTEX_POINT('',#219);
#219 = CARTESIAN_POINT('',(34.580096461042,5.405268609889,0.));
#220 = SURFACE_CURVE('',#221,(#226,#233),.PCURVE_S1.);
#221 = CIRCLE('',#222,0.55);
#222 = AXIS2_PLACEMENT_3D('',#223,#224,#225);
#223 = CARTESIAN_POINT('',(34.758409212829,4.884975843698,0.));
#224 = DIRECTION('',(0.,0.,1.));
#225 = DIRECTION('',(1.,0.,0.));
#226 = PCURVE('',#45,#227);
#227 = DEFINITIONAL_REPRESENTATION('',(#228),#232);
#228 = CIRCLE('',#229,0.55);
#229 = AXIS2_PLACEMENT_2D('',#230,#231);
#230 = CARTESIAN_POINT('',(34.758409212829,4.884975843698));
#231 = DIRECTION('',(1.,0.));
#232 = ( GEOMETRIC_REPRESENTATION_CONTEXT(2) 
PARAMETRIC_REPRESENTATION_CONTEXT() REPRESENTATION_CONTEXT('2D SPACE',''
  ) );
#233 = PCURVE('',#234,#239);
#234 = CYLINDRICAL_SURFACE('',#235,0.55);
#235 = AXIS2_PLACEMENT_3D('',#236,#237,#238);
#236 = CARTESIAN_POINT('',(34.758409212829,4.884975843698,0.));
#237 = DIRECTION('',(-0.,-0.,-1.));
#238 = DIRECTION('',(1.,0.,0.));
#239 = DEFINITIONAL_REPRESENTATION('',(#240),#244);
#240 = LINE('',#241,#242);
#241 = CARTESIAN_POINT('',(-0.,0.));
#242 = VECTOR('',#243,1.);
#243 = DIRECTION('',(-1.,0.));
#244 = ( GEOMETRIC_REPRESENTATION_CONTEXT(2) 
PARAMETRIC_REPRESENTATION_CONTEXT() REPRESENTATION_CONTEXT('2D SPACE',''
  ) );
#245 = ORIENTED_EDGE('',*,*,#246,.T.);
#246 = EDGE_CURVE('',#218,#247,#249,.T.);
#247 = VERTEX_POINT('',#248);
#248 = CARTESIAN_POINT('',(34.343372215174,6.747798521743,0.));
#249 = SURFACE_CURVE('',#250,(#255,#262),.PCURVE_S1.);
#250 = CIRCLE('',#251,35.);
#251 = AXIS2_PLACEMENT_3D('',#252,#253,#254);
#252 = CARTESIAN_POINT('',(0.,0.,0.));
#253 = DIRECTION('',(0.,0.,1.));
#254 = DIRECTION('',(1.,0.,0.));
#255 = PCURVE('',#45,#256);
#256 = DEFINITIONAL_REPRESENTATION('',(#257),#261);
#257 = CIRCLE('',#258,35.);
#258 = AXIS2_PLACEMENT_2D('',#259,#260);
#259 = CARTESIAN_POINT('',(1.250230978322E-15,-2.32193833596E-15));
#260 = DIRECTION('',(1.,0.));
#261 = ( GEOMETRIC_REPRESENTATION_CONTEXT(2) 
PARAMETRIC_REPRESENTATION_CONTEXT() REPRESENTATION_CONTEXT('2D SPACE',''
  ) );
#262 = PCURVE('',#263,#268);
#263 = CYLINDRICAL_SURFACE('',#264,35.);
#264 = AXIS2_PLACEMENT_3D('',#265,#266,#267);
#265 = CARTESIAN_POINT('',(0.,0.,0.));
#266 = DIRECTION('',(-0.,-0.,-1.));
#267 = DIRECTION('',(1.,0.,0.));
#268 = DEFINITIONAL_REPRESENTATION('',(#269),#273);
#269 = LINE('',#270,#271);
#270 = CARTESIAN_POINT('',(-0.,0.));
#271 = VECTOR('',#272,1.);
#272 = DIRECTION('',(-1.,0.));
#273 = ( GEOMETRIC_REPRESENTATION_CONTEXT(2) 
PARAMETRIC_REPRESENTATION_CONTEXT() REPRESENTATION_CONTEXT('2D SPACE',''
  ) );
#274 = ORIENTED_EDGE('',*,*,#275,.F.);
#275 = EDGE_CURVE('',#276,#247,#278,.T.);
#276 = VERTEX_POINT('',#277);
#277 = CARTESIAN_POINT('',(34.118808606187,7.804287238077,0.));
#278 = SURFACE_CURVE('',#279,(#284,#291),.PCURVE_S1.);
#279 = CIRCLE('',#280,0.55);
#280 = AXIS2_PLACEMENT_3D('',#281,#282,#283);
#281 = CARTESIAN_POINT('',(34.332980785757,7.297700347703,0.));
#282 = DIRECTION('',(0.,0.,1.));
#283 = DIRECTION('',(1.,0.,0.));
#284 = PCURVE('',#45,#285);
#285 = DEFINITIONAL_REPRESENTATION('',(#286),#290);
#286 = CIRCLE('',#287,0.55);
#287 = AXIS2_PLACEMENT_2D('',#288,#289);
#288 = CARTESIAN_POINT('',(34.332980785757,7.297700347703));
#289 = DIRECTION('',(1.,0.));
#290 = ( GEOMETRIC_REPRESENTATION_CONTEXT(2) 
PARAMETRIC_REPRESENTATION_CONTEXT() REPRESENTATION_CONTEXT('2D SPACE',''
  ) );
#291 = PCURVE('',#292,#297);
#292 = CYLINDRICAL_SURFACE('',#293,0.55);
#293 = AXIS2_PLACEMENT_3D('',#294,#295,#296);
#294 = CARTESIAN_POINT('',(34.332980785757,7.297700347703,0.));
#295 = DIRECTION('',(-0.,-0.,-1.));
#296 = DIRECTION('',(1.,0.,0.));
#297 = DEFINITIONAL_REPRESENTATION('',(#298),#302);
#298 = LINE('',#299,#300);
#299 = CARTESIAN_POINT('',(-0.,0.));
#300 = VECTOR('',#301,1.);
#301 = DIRECTION('',(-1.,0.));
#302 = ( GEOMETRIC_REPRESENTATION_CONTEXT(2) 
PARAMETRIC_REPRESENTATION_CONTEXT() REPRESENTATION_CONTEXT('2D SPACE',''
  ) );
#303 = ORIENTED_EDGE('',*,*,#304,.T.);
#304 = EDGE_CURVE('',#276,#305,#307,.T.);
#305 = VERTEX_POINT('',#306);
#306 = CARTESIAN_POINT('',(33.789010856137,9.1270337659,0.));
#307 = SURFACE_CURVE('',#308,(#313,#320),.PCURVE_S1.);
#308 = CIRCLE('',#309,35.);
#309 = AXIS2_PLACEMENT_3D('',#310,#311,#312);
#310 = CARTESIAN_POINT('',(0.,0.,0.));
#311 = DIRECTION('',(0.,0.,1.));
#312 = DIRECTION('',(1.,0.,0.));
#313 = PCURVE('',#45,#314);
#314 = DEFINITIONAL_REPRESENTATION('',(#315),#319);
#315 = CIRCLE('',#316,35.);
#316 = AXIS2_PLACEMENT_2D('',#317,#318);
#317 = CARTESIAN_POINT('',(1.250230978322E-15,-2.32193833596E-15));
#318 = DIRECTION('',(1.,0.));
#319 = ( GEOMETRIC_REPRESENTATION_CONTEXT(2) 
PARAMETRIC_REPRESENTATION_CONTEXT() REPRESENTATION_CONTEXT('2D SPACE',''
  ) );
#320 = PCURVE('',#321,#326);
#321 = CYLINDRICAL_SURFACE('',#322,35.);
#322 = AXIS2_PLACEMENT_3D('',#323,#324,#325);
#323 = CARTESIAN_POINT('',(0.,0.,0.));
#324 = DIRECTION('',(-0.,-0.,-1.));
#325 = DIRECTION('',(1.,0.,0.));
#326 = DEFINITIONAL_REPRESENTATION('',(#327),#331);
#327 = LINE('',#328,#329);
#328 = CARTESIAN_POINT('',(-0.,0.));
#329 = VECTOR('',#330,1.);
#330 = DIRECTION('',(-1.,0.));
#331 = ( GEOMETRIC_REPRESENTATION_CONTEXT(2) 
PARAMETRIC_REPRESENTATION_CONTEXT() REPRESENTATION_CONTEXT('2D SPACE',''
  ) );
#332 = ORIENTED_EDGE('',*,*,#333,.F.);
#333 = EDGE_CURVE('',#334,#305,#336,.T.);
#334 = VERTEX_POINT('',#335);
#335 = CARTESIAN_POINT('',(33.491297345413,10.165284163325,0.));
#336 = SURFACE_CURVE('',#337,(#342,#349),.PCURVE_S1.);
#337 = CIRCLE('',#338,0.55);
#338 = AXIS2_PLACEMENT_3D('',#339,#340,#341);
#339 = CARTESIAN_POINT('',(33.740285527435,9.674871189177,0.));
#340 = DIRECTION('',(0.,0.,1.));
#341 = DIRECTION('',(1.,0.,0.));
#342 = PCURVE('',#45,#343);
#343 = DEFINITIONAL_REPRESENTATION('',(#344),#348);
#344 = CIRCLE('',#345,0.55);
#345 = AXIS2_PLACEMENT_2D('',#346,#347);
#346 = CARTESIAN_POINT('',(33.740285527435,9.674871189177));
#347 = DIRECTION('',(1.,0.));
#348 = ( GEOMETRIC_REPRESENTATION_CONTEXT(2) 
PARAMETRIC_REPRESENTATION_CONTEXT() REPRESENTATION_CONTEXT('2D SPACE',''
  ) );
#349 = PCURVE('',#350,#355);
#350 = CYLINDRICAL_SURFACE('',#351,0.55);
#351 = AXIS2_PLACEMENT_3D('',#352,#353,#354);
#352 = CARTESIAN_POINT('',(33.740285527435,9.674871189177,0.));
#353 = DIRECTION('',(-0.,-0.,-1.));
#354 = DIRECTION('',(1.,0.,0.));
#355 = DEFINITIONAL_REPRESENTATION('',(#356),#360);
#356 = LINE('',#357,#358);
#357 = CARTESIAN_POINT('',(-0.,0.));
#358 = VECTOR('',#359,1.);
#359 = DIRECTION('',(-1.,0.));
#360 = ( GEOMETRIC_REPRESENTATION_CONTEXT(2) 
PARAMETRIC_REPRESENTATION_CONTEXT() REPRESENTATION_CONTEXT('2D SPACE',''
  ) );
#361 = ORIENTED_EDGE('',*,*,#362,.T.);
#362 = EDGE_CURVE('',#334,#363,#365,.T.);
#363 = VERTEX_POINT('',#364);
#364 = CARTESIAN_POINT('',(33.070032832668,11.461803018995,0.));
#365 = SURFACE_CURVE('',#366,(#371,#378),.PCURVE_S1.);
#366 = CIRCLE('',#367,35.);
#367 = AXIS2_PLACEMENT_3D('',#368,#369,#370);
#368 = CARTESIAN_POINT('',(0.,0.,0.));
#369 = DIRECTION('',(0.,0.,1.));
#370 = DIRECTION('',(1.,0.,0.));
#371 = PCURVE('',#45,#372);
#372 = DEFINITIONAL_REPRESENTATION('',(#373),#377);
#373 = CIRCLE('',#374,35.);
#374 = AXIS2_PLACEMENT_2D('',#375,#376);
#375 = CARTESIAN_POINT('',(1.250230978322E-15,-2.32193833596E-15));
#376 = DIRECTION('',(1.,0.));
#377 = ( GEOMETRIC_REPRESENTATION_CONTEXT(2) 
PARAMETRIC_REPRESENTATION_CONTEXT() REPRESENTATION_CONTEXT('2D SPACE',''
  ) );
#378 = PCURVE('',#379,#384);
#379 = CYLINDRICAL_SURFACE('',#380,35.);
#380 = AXIS2_PLACEMENT_3D('',#381,#382,#383);
#381 = CARTESIAN_POINT('',(0.,0.,0.));
#382 = DIRECTION('',(-0.,-0.,-1.));
#383 = DIRECTION('',(1.,0.,0.));
#384 = DEFINITIONAL_REPRESENTATION('',(#385),#389);
#385 = LINE('',#386,#387);
#386 = CARTESIAN_POINT('',(-0.,0.));
#387 = VECTOR('',#388,1.);
#388 = DIRECTION('',(-1.,0.));
#389 = ( GEOMETRIC_REPRESENTATION_CONTEXT(2) 
PARAMETRIC_REPRESENTATION_CONTEXT() REPRESENTATION_CONTEXT('2D SPACE',''
  ) );
#390 = ORIENTED_EDGE('',*,*,#391,.F.);
#391 = EDGE_CURVE('',#392,#363,#394,.T.);
#392 = VERTEX_POINT('',#393);
#393 = CARTESIAN_POINT('',(32.700619850505,12.476756845941,0.));
#394 = SURFACE_CURVE('',#395,(#400,#407),.PCURVE_S1.);
#395 = CIRCLE('',#396,0.55);
#396 = AXIS2_PLACEMENT_3D('',#397,#398,#399);
#397 = CARTESIAN_POINT('',(32.983210989585,12.004907030731,0.));
#398 = DIRECTION('',(0.,0.,1.));
#399 = DIRECTION('',(1.,0.,0.));
#400 = PCURVE('',#45,#401);
#401 = DEFINITIONAL_REPRESENTATION('',(#402),#406);
#402 = CIRCLE('',#403,0.55);
#403 = AXIS2_PLACEMENT_2D('',#404,#405);
#404 = CARTESIAN_POINT('',(32.983210989585,12.004907030731));
#405 = DIRECTION('',(1.,0.));
#406 = ( GEOMETRIC_REPRESENTATION_CONTEXT(2) 
PARAMETRIC_REPRESENTATION_CONTEXT() REPRESENTATION_CONTEXT('2D SPACE',''
  ) );
#407 = PCURVE('',#408,#413);
#408 = CYLINDRICAL_SURFACE('',#409,0.55);
#409 = AXIS2_PLACEMENT_3D('',#410,#411,#412);
#410 = CARTESIAN_POINT('',(32.983210989585,12.004907030731,0.));
#411 = DIRECTION('',(-0.,-0.,-1.));
#412 = DIRECTION('',(1.,0.,0.));
#413 = DEFINITIONAL_REPRESENTATION('',(#414),#418);
#414 = LINE('',#415,#416);
#415 = CARTESIAN_POINT('',(-0.,0.));
#416 = VECTOR('',#417,1.);
#417 = DIRECTION('',(-1.,0.));
#418 = ( GEOMETRIC_REPRESENTATION_CONTEXT(2) 
PARAMETRIC_REPRESENTATION_CONTEXT() REPRESENTATION_CONTEXT('2D SPACE',''
  ) );
#419 = ORIENTED_EDGE('',*,*,#420,.T.);
#420 = EDGE_CURVE('',#392,#421,#423,.T.);
#421 = VERTEX_POINT('',#422);
#422 = CARTESIAN_POINT('',(32.189940933427,13.740731519918,0.));
#423 = SURFACE_CURVE('',#424,(#429,#436),.PCURVE_S1.);
#424 = CIRCLE('',#425,35.);
#425 = AXIS2_PLACEMENT_3D('',#426,#427,#428);
#426 = CARTESIAN_POINT('',(0.,0.,0.));
#427 = DIRECTION('',(0.,0.,1.));
#428 = DIRECTION('',(1.,0.,0.));
#429 = PCURVE('',#45,#430);
#430 = DEFINITIONAL_REPRESENTATION('',(#431),#435);
#431 = CIRCLE('',#432,35.);
#432 = AXIS2_PLACEMENT_2D('',#433,#434);
#433 = CARTESIAN_POINT('',(1.250230978322E-15,-2.32193833596E-15));
#434 = DIRECTION('',(1.,0.));
#435 = ( GEOMETRIC_REPRESENTATION_CONTEXT(2) 
PARAMETRIC_REPRESENTATION_CONTEXT() REPRESENTATION_CONTEXT('2D SPACE',''
  ) );
#436 = PCURVE('',#437,#442);
#437 = CYLINDRICAL_SURFACE('',#438,35.);
#438 = AXIS2_PLACEMENT_3D('',#439,#440,#441);
#439 = CARTESIAN_POINT('',(0.,0.,0.));
#440 = DIRECTION('',(-0.,-0.,-1.));
#441 = DIRECTION('',(1.,0.,0.));
#442 = DEFINITIONAL_REPRESENTATION('',(#443),#447);
#443 = LINE('',#444,#445);
#444 = CARTESIAN_POINT('',(-0.,0.));
#445 = VECTOR('',#446,1.);
#446 = DIRECTION('',(-1.,0.));
#447 = ( GEOMETRIC_REPRESENTATION_CONTEXT(2) 
PARAMETRIC_REPRESENTATION_CONTEXT() REPRESENTATION_CONTEXT('2D SPACE',''
  ) );
#448 = ORIENTED_EDGE('',*,*,#449,.F.);
#449 = EDGE_CURVE('',#450,#421,#452,.T.);
#450 = VERTEX_POINT('',#451);
#451 = CARTESIAN_POINT('',(31.750628222741,14.727444023362,0.));
#452 = SURFACE_CURVE('',#453,(#458,#465),.PCURVE_S1.);
#453 = CIRCLE('',#454,0.55);
#454 = AXIS2_PLACEMENT_3D('',#455,#456,#457);
#455 = CARTESIAN_POINT('',(32.065445563255,14.276456171961,0.));
#456 = DIRECTION('',(0.,0.,1.));
#457 = DIRECTION('',(1.,0.,0.));
#458 = PCURVE('',#45,#459);
#459 = DEFINITIONAL_REPRESENTATION('',(#460),#464);
#460 = CIRCLE('',#461,0.55);
#461 = AXIS2_PLACEMENT_2D('',#462,#463);
#462 = CARTESIAN_POINT('',(32.065445563255,14.276456171961));
#463 = DIRECTION('',(1.,0.));
#464 = ( GEOMETRIC_REPRESENTATION_CONTEXT(2) 
PARAMETRIC_REPRESENTATION_CONTEXT() REPRESENTATION_CONTEXT('2D SPACE',''
  ) );
#465 = PCURVE('',#466,#471);
#466 = CYLINDRICAL_SURFACE('',#467,0.55);
#467 = AXIS2_PLACEMENT_3D('',#468,#469,#470);
#468 = CARTESIAN_POINT('',(32.065445563255,14.276456171961,0.));
#469 = DIRECTION('',(-0.,-0.,-1.));
#470 = DIRECTION('',(1.,0.,0.));
#471 = DEFINITIONAL_REPRESENTATION('',(#472),#476);
#472 = LINE('',#473,#474);
#473 = CARTESIAN_POINT('',(-0.,0.));
#474 = VECTOR('',#475,1.);
#475 = DIRECTION('',(-1.,0.));
#476 = ( GEOMETRIC_REPRESENTATION_CONTEXT(2) 
PARAMETRIC_REPRESENTATION_CONTEXT() REPRESENTATION_CONTEXT('2D SPACE',''
  ) );
#477 = ORIENTED_EDGE('',*,*,#478,.T.);
#478 = EDGE_CURVE('',#450,#479,#481,.T.);
#479 = VERTEX_POINT('',#480);
#480 = CARTESIAN_POINT('',(31.15302287768,15.95271655809,0.));
#481 = SURFACE_CURVE('',#482,(#487,#494),.PCURVE_S1.);
#482 = CIRCLE('',#483,35.);
#483 = AXIS2_PLACEMENT_3D('',#484,#485,#486);
#484 = CARTESIAN_POINT('',(0.,0.,0.));
#485 = DIRECTION('',(0.,0.,1.));
#486 = DIRECTION('',(1.,0.,0.));
#487 = PCURVE('',#45,#488);
#488 = DEFINITIONAL_REPRESENTATION('',(#489),#493);
#489 = CIRCLE('',#490,35.);
#490 = AXIS2_PLACEMENT_2D('',#491,#492);
#491 = CARTESIAN_POINT('',(1.250230978322E-15,-2.32193833596E-15));
#492 = DIRECTION('',(1.,0.));
#493 = ( GEOMETRIC_REPRESENTATION_CONTEXT(2) 
PARAMETRIC_REPRESENTATION_CONTEXT() REPRESENTATION_CONTEXT('2D SPACE',''
  ) );
#494 = PCURVE('',#495,#500);
#495 = CYLINDRICAL_SURFACE('',#496,35.);
#496 = AXIS2_PLACEMENT_3D('',#497,#498,#499);
#497 = CARTESIAN_POINT('',(0.,0.,0.));
#498 = DIRECTION('',(-0.,-0.,-1.));
#499 = DIRECTION('',(1.,0.,0.));
#500 = DEFINITIONAL_REPRESENTATION('',(#501),#505);
#501 = LINE('',#502,#503);
#502 = CARTESIAN_POINT('',(-0.,0.));
#503 = VECTOR('',#504,1.);
#504 = DIRECTION('',(-1.,0.));
#505 = ( GEOMETRIC_REPRESENTATION_CONTEXT(2) 
PARAMETRIC_REPRESENTATION_CONTEXT() REPRESENTATION_CONTEXT('2D SPACE',''
  ) );
#506 = ORIENTED_EDGE('',*,*,#507,.F.);
#507 = EDGE_CURVE('',#508,#479,#510,.T.);
#508 = VERTEX_POINT('',#509);
#509 = CARTESIAN_POINT('',(30.645950725838,16.906380573899,0.));
#510 = SURFACE_CURVE('',#511,(#516,#523),.PCURVE_S1.);
#511 = CIRCLE('',#512,0.55);
#512 = AXIS2_PLACEMENT_3D('',#513,#514,#515);
#513 = CARTESIAN_POINT('',(30.991460509348,16.478451853785,0.));
#514 = DIRECTION('',(0.,0.,1.));
#515 = DIRECTION('',(1.,0.,0.));
#516 = PCURVE('',#45,#517);
#517 = DEFINITIONAL_REPRESENTATION('',(#518),#522);
#518 = CIRCLE('',#519,0.55);
#519 = AXIS2_PLACEMENT_2D('',#520,#521);
#520 = CARTESIAN_POINT('',(30.991460509348,16.478451853785));
#521 = DIRECTION('',(1.,0.));
#522 = ( GEOMETRIC_REPRESENTATION_CONTEXT(2) 
PARAMETRIC_REPRESENTATION_CONTEXT() REPRESENTATION_CONTEXT('2D SPACE',''
  ) );
#523 = PCURVE('',#524,#529);
#524 = CYLINDRICAL_SURFACE('',#525,0.55);
#525 = AXIS2_PLACEMENT_3D('',#526,#527,#528);
#526 = CARTESIAN_POINT('',(30.991460509348,16.478451853785,0.));
#527 = DIRECTION('',(-0.,-0.,-1.));
#528 = DIRECTION('',(1.,0.,0.));
#529 = DEFINITIONAL_REPRESENTATION('',(#530),#534);
#530 = LINE('',#531,#532);
#531 = CARTESIAN_POINT('',(-0.,0.));
#532 = VECTOR('',#533,1.);
#533 = DIRECTION('',(-1.,0.));
#534 = ( GEOMETRIC_REPRESENTATION_CONTEXT(2) 
PARAMETRIC_REPRESENTATION_CONTEXT() REPRESENTATION_CONTEXT('2D SPACE',''
  ) );
#535 = ORIENTED_EDGE('',*,*,#536,.T.);
#536 = EDGE_CURVE('',#508,#537,#539,.T.);
#537 = VERTEX_POINT('',#538);
#538 = CARTESIAN_POINT('',(29.964330425963,18.086981564752,0.));
#539 = SURFACE_CURVE('',#540,(#545,#552),.PCURVE_S1.);
#540 = CIRCLE('',#541,35.);
#541 = AXIS2_PLACEMENT_3D('',#542,#543,#544);
#542 = CARTESIAN_POINT('',(0.,0.,0.));
#543 = DIRECTION('',(0.,0.,1.));
#544 = DIRECTION('',(1.,0.,0.));
#545 = PCURVE('',#45,#546);
#546 = DEFINITIONAL_REPRESENTATION('',(#547),#551);
#547 = CIRCLE('',#548,35.);
#548 = AXIS2_PLACEMENT_2D('',#549,#550);
#549 = CARTESIAN_POINT('',(1.250230978322E-15,-2.32193833596E-15));
#550 = DIRECTION('',(1.,0.));
#551 = ( GEOMETRIC_REPRESENTATION_CONTEXT(2) 
PARAMETRIC_REPRESENTATION_CONTEXT() REPRESENTATION_CONTEXT('2D SPACE',''
  ) );
#552 = PCURVE('',#553,#558);
#553 = CYLINDRICAL_SURFACE('',#554,35.);
#554 = AXIS2_PLACEMENT_3D('',#555,#556,#557);
#555 = CARTESIAN_POINT('',(0.,0.,0.));
#556 = DIRECTION('',(-0.,-0.,-1.));
#557 = DIRECTION('',(1.,0.,0.));
#558 = DEFINITIONAL_REPRESENTATION('',(#559),#563);
#559 = LINE('',#560,#561);
#560 = CARTESIAN_POINT('',(-0.,0.));
#561 = VECTOR('',#562,1.);
#562 = DIRECTION('',(-1.,0.));
#563 = ( GEOMETRIC_REPRESENTATION_CONTEXT(2) 
PARAMETRIC_REPRESENTATION_CONTEXT() REPRESENTATION_CONTEXT('2D SPACE',''
  ) );
#564 = ORIENTED_EDGE('',*,*,#565,.F.);
#565 = EDGE_CURVE('',#566,#537,#568,.T.);
#566 = VERTEX_POINT('',#567);
#567 = CARTESIAN_POINT('',(29.391969237519,19.002950937703,0.));
#568 = SURFACE_CURVE('',#569,(#574,#581),.PCURVE_S1.);
#569 = CIRCLE('',#570,0.55);
#570 = AXIS2_PLACEMENT_3D('',#571,#572,#573);
#571 = CARTESIAN_POINT('',(29.766488175091,18.600166174585,0.));
#572 = DIRECTION('',(0.,0.,1.));
#573 = DIRECTION('',(1.,0.,0.));
#574 = PCURVE('',#45,#575);
#575 = DEFINITIONAL_REPRESENTATION('',(#576),#580);
#576 = CIRCLE('',#577,0.55);
#577 = AXIS2_PLACEMENT_2D('',#578,#579);
#578 = CARTESIAN_POINT('',(29.766488175091,18.600166174585));
#579 = DIRECTION('',(1.,0.));
#580 = ( GEOMETRIC_REPRESENTATION_CONTEXT(2) 
PARAMETRIC_REPRESENTATION_CONTEXT() REPRESENTATION_CONTEXT('2D SPACE',''
  ) );
#581 = PCURVE('',#582,#587);
#582 = CYLINDRICAL_SURFACE('',#583,0.55);
#583 = AXIS2_PLACEMENT_3D('',#584,#585,#586);
#584 = CARTESIAN_POINT('',(29.766488175091,18.600166174585,0.));
#585 = DIRECTION('',(-0.,-0.,-1.));
#586 = DIRECTION('',(1.,0.,0.));
#587 = DEFINITIONAL_REPRESENTATION('',(#588),#592);
#588 = LINE('',#589,#590);
#589 = CARTESIAN_POINT('',(-0.,0.));
#590 = VECTOR('',#591,1.);
#591 = DIRECTION('',(-1.,0.));
#592 = ( GEOMETRIC_REPRESENTATION_CONTEXT(2) 
PARAMETRIC_REPRESENTATION_CONTEXT() REPRESENTATION_CONTEXT('2D SPACE',''
  ) );
#593 = ORIENTED_EDGE('',*,*,#594,.T.);
#594 = EDGE_CURVE('',#566,#595,#597,.T.);
#595 = VERTEX_POINT('',#596);
#596 = CARTESIAN_POINT('',(28.629654768415,20.133128615328,0.));
#597 = SURFACE_CURVE('',#598,(#603,#610),.PCURVE_S1.);
#598 = CIRCLE('',#599,35.);
#599 = AXIS2_PLACEMENT_3D('',#600,#601,#602);
#600 = CARTESIAN_POINT('',(0.,0.,0.));
#601 = DIRECTION('',(0.,0.,1.));
#602 = DIRECTION('',(1.,0.,0.));
#603 = PCURVE('',#45,#604);
#604 = DEFINITIONAL_REPRESENTATION('',(#605),#609);
#605 = CIRCLE('',#606,35.);
#606 = AXIS2_PLACEMENT_2D('',#607,#608);
#607 = CARTESIAN_POINT('',(1.250230978322E-15,-2.32193833596E-15));
#608 = DIRECTION('',(1.,0.));
#609 = ( GEOMETRIC_REPRESENTATION_CONTEXT(2) 
PARAMETRIC_REPRESENTATION_CONTEXT() REPRESENTATION_CONTEXT('2D SPACE',''
  ) );
#610 = PCURVE('',#611,#616);
#611 = CYLINDRICAL_SURFACE('',#612,35.);
#612 = AXIS2_PLACEMENT_3D('',#613,#614,#615);
#613 = CARTESIAN_POINT('',(0.,0.,0.));
#614 = DIRECTION('',(-0.,-0.,-1.));
#615 = DIRECTION('',(1.,0.,0.));
#616 = DEFINITIONAL_REPRESENTATION('',(#617),#621);
#617 = LINE('',#618,#619);
#618 = CARTESIAN_POINT('',(-0.,0.));
#619 = VECTOR('',#620,1.);
#620 = DIRECTION('',(-1.,0.));
#621 = ( GEOMETRIC_REPRESENTATION_CONTEXT(2) 
PARAMETRIC_REPRESENTATION_CONTEXT() REPRESENTATION_CONTEXT('2D SPACE',''
  ) );
#622 = ORIENTED_EDGE('',*,*,#623,.F.);
#623 = EDGE_CURVE('',#624,#595,#626,.T.);
#624 = VERTEX_POINT('',#625);
#625 = CARTESIAN_POINT('',(27.994793029544,21.006940834709,0.));
#626 = SURFACE_CURVE('',#627,(#632,#639),.PCURVE_S1.);
#627 = CIRCLE('',#628,0.55);
#628 = AXIS2_PLACEMENT_3D('',#629,#630,#631);
#629 = CARTESIAN_POINT('',(28.396496502561,20.631262355466,0.));
#630 = DIRECTION('',(0.,0.,1.));
#631 = DIRECTION('',(1.,0.,0.));
#632 = PCURVE('',#45,#633);
#633 = DEFINITIONAL_REPRESENTATION('',(#634),#638);
#634 = CIRCLE('',#635,0.55);
#635 = AXIS2_PLACEMENT_2D('',#636,#637);
#636 = CARTESIAN_POINT('',(28.396496502561,20.631262355466));
#637 = DIRECTION('',(1.,0.));
#638 = ( GEOMETRIC_REPRESENTATION_CONTEXT(2) 
PARAMETRIC_REPRESENTATION_CONTEXT() REPRESENTATION_CONTEXT('2D SPACE',''
  ) );
#639 = PCURVE('',#640,#645);
#640 = CYLINDRICAL_SURFACE('',#641,0.55);
#641 = AXIS2_PLACEMENT_3D('',#642,#643,#644);
#642 = CARTESIAN_POINT('',(28.396496502561,20.631262355466,0.));
#643 = DIRECTION('',(-0.,-0.,-1.));
#644 = DIRECTION('',(1.,0.,0.));
#645 = DEFINITIONAL_REPRESENTATION('',(#646),#650);
#646 = LINE('',#647,#648);
#647 = CARTESIAN_POINT('',(-0.,0.));
#648 = VECTOR('',#649,1.);
#649 = DIRECTION('',(-1.,0.));
#650 = ( GEOMETRIC_REPRESENTATION_CONTEXT(2) 
PARAMETRIC_REPRESENTATION_CONTEXT() REPRESENTATION_CONTEXT('2D SPACE',''
  ) );
#651 = ORIENTED_EDGE('',*,*,#652,.T.);
#652 = EDGE_CURVE('',#624,#653,#655,.T.);
#653 = VERTEX_POINT('',#654);
#654 = CARTESIAN_POINT('',(27.155498310679,22.081189087065,0.));
#655 = SURFACE_CURVE('',#656,(#661,#668),.PCURVE_S1.);
#656 = CIRCLE('',#657,35.);
#657 = AXIS2_PLACEMENT_3D('',#658,#659,#660);
#658 = CARTESIAN_POINT('',(0.,0.,0.));
#659 = DIRECTION('',(0.,0.,1.));
#660 = DIRECTION('',(1.,0.,0.));
#661 = PCURVE('',#45,#662);
#662 = DEFINITIONAL_REPRESENTATION('',(#663),#667);
#663 = CIRCLE('',#664,35.);
#664 = AXIS2_PLACEMENT_2D('',#665,#666);
#665 = CARTESIAN_POINT('',(1.250230978322E-15,-2.32193833596E-15));
#666 = DIRECTION('',(1.,0.));
#667 = ( GEOMETRIC_REPRESENTATION_CONTEXT(2) 
PARAMETRIC_REPRESENTATION_CONTEXT() REPRESENTATION_CONTEXT('2D SPACE',''
  ) );
#668 = PCURVE('',#669,#674);
#669 = CYLINDRICAL_SURFACE('',#670,35.);
#670 = AXIS2_PLACEMENT_3D('',#671,#672,#673);
#671 = CARTESIAN_POINT('',(0.,0.,0.));
#672 = DIRECTION('',(-0.,-0.,-1.));
#673 = DIRECTION('',(1.,0.,0.));
#674 = DEFINITIONAL_REPRESENTATION('',(#675),#679);
#675 = LINE('',#676,#677);
#676 = CARTESIAN_POINT('',(-0.,0.));
#677 = VECTOR('',#678,1.);
#678 = DIRECTION('',(-1.,0.));
#679 = ( GEOMETRIC_REPRESENTATION_CONTEXT(2) 
PARAMETRIC_REPRESENTATION_CONTEXT() REPRESENTATION_CONTEXT('2D SPACE',''
  ) );
#680 = ORIENTED_EDGE('',*,*,#681,.F.);
#681 = EDGE_CURVE('',#682,#653,#684,.T.);
#682 = VERTEX_POINT('',#683);
#683 = CARTESIAN_POINT('',(26.461229003957,22.908587027579,0.));
#684 = SURFACE_CURVE('',#685,(#690,#697),.PCURVE_S1.);
#685 = CIRCLE('',#686,0.55);
#686 = AXIS2_PLACEMENT_3D('',#687,#688,#689);
#687 = CARTESIAN_POINT('',(26.888159953476,22.561845099998,0.));
#688 = DIRECTION('',(0.,0.,1.));
#689 = DIRECTION('',(1.,0.,0.));
#690 = PCURVE('',#45,#691);
#691 = DEFINITIONAL_REPRESENTATION('',(#692),#696);
#692 = CIRCLE('',#693,0.55);
#693 = AXIS2_PLACEMENT_2D('',#694,#695);
#694 = CARTESIAN_POINT('',(26.888159953476,22.561845099998));
#695 = DIRECTION('',(1.,0.));
#696 = ( GEOMETRIC_REPRESENTATION_CONTEXT(2) 
PARAMETRIC_REPRESENTATION_CONTEXT() REPRESENTATION_CONTEXT('2D SPACE',''
  ) );
#697 = PCURVE('',#698,#703);
#698 = CYLINDRICAL_SURFACE('',#699,0.55);
#699 = AXIS2_PLACEMENT_3D('',#700,#701,#702);
#700 = CARTESIAN_POINT('',(26.888159953476,22.561845099998,0.));
#701 = DIRECTION('',(-0.,-0.,-1.));
#702 = DIRECTION('',(1.,0.,0.));
#703 = DEFINITIONAL_REPRESENTATION('',(#704),#708);
#704 = LINE('',#705,#706);
#705 = CARTESIAN_POINT('',(-0.,0.));
#706 = VECTOR('',#707,1.);
#707 = DIRECTION('',(-1.,0.));
#708 = ( GEOMETRIC_REPRESENTATION_CONTEXT(2) 
PARAMETRIC_REPRESENTATION_CONTEXT() REPRESENTATION_CONTEXT('2D SPACE',''
  ) );
#709 = ORIENTED_EDGE('',*,*,#710,.T.);
#710 = EDGE_CURVE('',#682,#711,#713,.T.);
#711 = VERTEX_POINT('',#712);
#712 = CARTESIAN_POINT('',(25.549042994834,23.921672225163,0.));
#713 = SURFACE_CURVE('',#714,(#719,#726),.PCURVE_S1.);
#714 = CIRCLE('',#715,35.);
#715 = AXIS2_PLACEMENT_3D('',#716,#717,#718);
#716 = CARTESIAN_POINT('',(0.,0.,0.));
#717 = DIRECTION('',(0.,0.,1.));
#718 = DIRECTION('',(1.,0.,0.));
#719 = PCURVE('',#45,#720);
#720 = DEFINITIONAL_REPRESENTATION('',(#721),#725);
#721 = CIRCLE('',#722,35.);
#722 = AXIS2_PLACEMENT_2D('',#723,#724);
#723 = CARTESIAN_POINT('',(1.250230978322E-15,-2.32193833596E-15));
#724 = DIRECTION('',(1.,0.));
#725 = ( GEOMETRIC_REPRESENTATION_CONTEXT(2) 
PARAMETRIC_REPRESENTATION_CONTEXT() REPRESENTATION_CONTEXT('2D SPACE',''
  ) );
#726 = PCURVE('',#727,#732);
#727 = CYLINDRICAL_SURFACE('',#728,35.);
#728 = AXIS2_PLACEMENT_3D('',#729,#730,#731);
#729 = CARTESIAN_POINT('',(0.,0.,0.));
#730 = DIRECTION('',(-0.,-0.,-1.));
#731 = DIRECTION('',(1.,0.,0.));
#732 = DEFINITIONAL_REPRESENTATION('',(#733),#737);
#733 = LINE('',#734,#735);
#734 = CARTESIAN_POINT('',(-0.,0.));
#735 = VECTOR('',#736,1.);
#736 = DIRECTION('',(-1.,0.));
#737 = ( GEOMETRIC_REPRESENTATION_CONTEXT(2) 
PARAMETRIC_REPRESENTATION_CONTEXT() REPRESENTATION_CONTEXT('2D SPACE',''
  ) );
#738 = ORIENTED_EDGE('',*,*,#739,.F.);
#739 = EDGE_CURVE('',#740,#711,#742,.T.);
#740 = VERTEX_POINT('',#741);
#741 = CARTESIAN_POINT('',(24.798748530536,24.698624887213,0.));
#742 = SURFACE_CURVE('',#743,(#748,#755),.PCURVE_S1.);
#743 = CIRCLE('',#744,0.55);
#744 = AXIS2_PLACEMENT_3D('',#745,#746,#747);
#745 = CARTESIAN_POINT('',(25.248826991887,24.382508803111,0.));
#746 = DIRECTION('',(0.,0.,1.));
#747 = DIRECTION('',(1.,0.,0.));
#748 = PCURVE('',#45,#749);
#749 = DEFINITIONAL_REPRESENTATION('',(#750),#754);
#750 = CIRCLE('',#751,0.55);
#751 = AXIS2_PLACEMENT_2D('',#752,#753);
#752 = CARTESIAN_POINT('',(25.248826991887,24.382508803111));
#753 = DIRECTION('',(1.,0.));
#754 = ( GEOMETRIC_REPRESENTATION_CONTEXT(2) 
PARAMETRIC_REPRESENTATION_CONTEXT() REPRESENTATION_CONTEXT('2D SPACE',''
  ) );
#755 = PCURVE('',#756,#761);
#756 = CYLINDRICAL_SURFACE('',#757,0.55);
#757 = AXIS2_PLACEMENT_3D('',#758,#759,#760);
#758 = CARTESIAN_POINT('',(25.248826991887,24.382508803111,0.));
#759 = DIRECTION('',(-0.,-0.,-1.));
#760 = DIRECTION('',(1.,0.,0.));
#761 = DEFINITIONAL_REPRESENTATION('',(#762),#766);
#762 = LINE('',#763,#764);
#763 = CARTESIAN_POINT('',(-0.,0.));
#764 = VECTOR('',#765,1.);
#765 = DIRECTION('',(-1.,0.));
#766 = ( GEOMETRIC_REPRESENTATION_CONTEXT(2) 
PARAMETRIC_REPRESENTATION_CONTEXT() REPRESENTATION_CONTEXT('2D SPACE',''
  ) );
#767 = ORIENTED_EDGE('',*,*,#768,.T.);
#768 = EDGE_CURVE('',#740,#769,#771,.T.);
#769 = VERTEX_POINT('',#770);
#770 = CARTESIAN_POINT('',(23.818115309698,25.645611380778,0.));
#771 = SURFACE_CURVE('',#772,(#777,#784),.PCURVE_S1.);
#772 = CIRCLE('',#773,35.);
#773 = AXIS2_PLACEMENT_3D('',#774,#775,#776);
#774 = CARTESIAN_POINT('',(0.,0.,0.));
#775 = DIRECTION('',(0.,0.,1.));
#776 = DIRECTION('',(1.,0.,0.));
#777 = PCURVE('',#45,#778);
#778 = DEFINITIONAL_REPRESENTATION('',(#779),#783);
#779 = CIRCLE('',#780,35.);
#780 = AXIS2_PLACEMENT_2D('',#781,#782);
#781 = CARTESIAN_POINT('',(1.250230978322E-15,-2.32193833596E-15));
#782 = DIRECTION('',(1.,0.));
#783 = ( GEOMETRIC_REPRESENTATION_CONTEXT(2) 
PARAMETRIC_REPRESENTATION_CONTEXT() REPRESENTATION_CONTEXT('2D SPACE',''
  ) );
#784 = PCURVE('',#785,#790);
#785 = CYLINDRICAL_SURFACE('',#786,35.);
#786 = AXIS2_PLACEMENT_3D('',#787,#788,#789);
#787 = CARTESIAN_POINT('',(0.,0.,0.));
#788 = DIRECTION('',(-0.,-0.,-1.));
#789 = DIRECTION('',(1.,0.,0.));
#790 = DEFINITIONAL_REPRESENTATION('',(#791),#795);
#791 = LINE('',#792,#793);
#792 = CARTESIAN_POINT('',(-0.,0.));
#793 = VECTOR('',#794,1.);
#794 = DIRECTION('',(-1.,0.));
#795 = ( GEOMETRIC_REPRESENTATION_CONTEXT(2) 
PARAMETRIC_REPRESENTATION_CONTEXT() REPRESENTATION_CONTEXT('2D SPACE',''
  ) );
#796 = ORIENTED_EDGE('',*,*,#797,.F.);
#797 = EDGE_CURVE('',#798,#769,#800,.T.);
#798 = VERTEX_POINT('',#799);
#799 = CARTESIAN_POINT('',(23.015451047035,26.368333529094,0.));
#800 = SURFACE_CURVE('',#801,(#806,#813),.PCURVE_S1.);
#801 = CIRCLE('',#802,0.55);
#802 = AXIS2_PLACEMENT_3D('',#803,#804,#805);
#803 = CARTESIAN_POINT('',(23.486484283196,26.084383374257,0.));
#804 = DIRECTION('',(0.,0.,1.));
#805 = DIRECTION('',(1.,0.,0.));
#806 = PCURVE('',#45,#807);
#807 = DEFINITIONAL_REPRESENTATION('',(#808),#812);
#808 = CIRCLE('',#809,0.55);
#809 = AXIS2_PLACEMENT_2D('',#810,#811);
#810 = CARTESIAN_POINT('',(23.486484283196,26.084383374257));
#811 = DIRECTION('',(1.,0.));
#812 = ( GEOMETRIC_REPRESENTATION_CONTEXT(2) 
PARAMETRIC_REPRESENTATION_CONTEXT() REPRESENTATION_CONTEXT('2D SPACE',''
  ) );
#813 = PCURVE('',#814,#819);
#814 = CYLINDRICAL_SURFACE('',#815,0.55);
#815 = AXIS2_PLACEMENT_3D('',#816,#817,#818);
#816 = CARTESIAN_POINT('',(23.486484283196,26.084383374257,0.));
#817 = DIRECTION('',(-0.,-0.,-1.));
#818 = DIRECTION('',(1.,0.,0.));
#819 = DEFINITIONAL_REPRESENTATION('',(#820),#824);
#820 = LINE('',#821,#822);
#821 = CARTESIAN_POINT('',(-0.,0.));
#822 = VECTOR('',#823,1.);
#823 = DIRECTION('',(-1.,0.));
#824 = ( GEOMETRIC_REPRESENTATION_CONTEXT(2) 
PARAMETRIC_REPRESENTATION_CONTEXT() REPRESENTATION_CONTEXT('2D SPACE',''
  ) );
#825 = ORIENTED_EDGE('',*,*,#826,.T.);
#826 = EDGE_CURVE('',#798,#827,#829,.T.);
#827 = VERTEX_POINT('',#828);
#828 = CARTESIAN_POINT('',(21.971148160963,27.244607695634,0.));
#829 = SURFACE_CURVE('',#830,(#835,#842),.PCURVE_S1.);
#830 = CIRCLE('',#831,35.);
#831 = AXIS2_PLACEMENT_3D('',#832,#833,#834);
#832 = CARTESIAN_POINT('',(0.,0.,0.));
#833 = DIRECTION('',(0.,0.,1.));
#834 = DIRECTION('',(1.,0.,0.));
#835 = PCURVE('',#45,#836);
#836 = DEFINITIONAL_REPRESENTATION('',(#837),#841);
#837 = CIRCLE('',#838,35.);
#838 = AXIS2_PLACEMENT_2D('',#839,#840);
#839 = CARTESIAN_POINT('',(1.250230978322E-15,-2.32193833596E-15));
#840 = DIRECTION('',(1.,0.));
#841 = ( GEOMETRIC_REPRESENTATION_CONTEXT(2) 
PARAMETRIC_REPRESENTATION_CONTEXT() REPRESENTATION_CONTEXT('2D SPACE',''
  ) );
#842 = PCURVE('',#843,#848);
#843 = CYLINDRICAL_SURFACE('',#844,35.);
#844 = AXIS2_PLACEMENT_3D('',#845,#846,#847);
#845 = CARTESIAN_POINT('',(0.,0.,0.));
#846 = DIRECTION('',(-0.,-0.,-1.));
#847 = DIRECTION('',(1.,0.,0.));
#848 = DEFINITIONAL_REPRESENTATION('',(#849),#853);
#849 = LINE('',#850,#851);
#850 = CARTESIAN_POINT('',(-0.,0.));
#851 = VECTOR('',#852,1.);
#852 = DIRECTION('',(-1.,0.));
#853 = ( GEOMETRIC_REPRESENTATION_CONTEXT(2) 
PARAMETRIC_REPRESENTATION_CONTEXT() REPRESENTATION_CONTEXT('2D SPACE',''
  ) );
#854 = ORIENTED_EDGE('',*,*,#855,.F.);
#855 = EDGE_CURVE('',#856,#827,#858,.T.);
#856 = VERTEX_POINT('',#857);
#857 = CARTESIAN_POINT('',(21.120024599539,27.909578300556,0.));
#858 = SURFACE_CURVE('',#859,(#864,#871),.PCURVE_S1.);
#859 = CIRCLE('',#860,0.55);
#860 = AXIS2_PLACEMENT_3D('',#861,#862,#863);
#861 = CARTESIAN_POINT('',(21.609717783931,27.659177451596,0.));
#862 = DIRECTION('',(0.,0.,1.));
#863 = DIRECTION('',(1.,0.,0.));
#864 = PCURVE('',#45,#865);
#865 = DEFINITIONAL_REPRESENTATION('',(#866),#870);
#866 = CIRCLE('',#867,0.55);
#867 = AXIS2_PLACEMENT_2D('',#868,#869);
#868 = CARTESIAN_POINT('',(21.609717783931,27.659177451596));
#869 = DIRECTION('',(1.,0.));
#870 = ( GEOMETRIC_REPRESENTATION_CONTEXT(2) 
PARAMETRIC_REPRESENTATION_CONTEXT() REPRESENTATION_CONTEXT('2D SPACE',''
  ) );
#871 = PCURVE('',#872,#877);
#872 = CYLINDRICAL_SURFACE('',#873,0.55);
#873 = AXIS2_PLACEMENT_3D('',#874,#875,#876);
#874 = CARTESIAN_POINT('',(21.609717783931,27.659177451596,0.));
#875 = DIRECTION('',(-0.,-0.,-1.));
#876 = DIRECTION('',(1.,0.,0.));
#877 = DEFINITIONAL_REPRESENTATION('',(#878),#882);
#878 = LINE('',#879,#880);
#879 = CARTESIAN_POINT('',(-0.,0.));
#880 = VECTOR('',#881,1.);
#881 = DIRECTION('',(-1.,0.));
#882 = ( GEOMETRIC_REPRESENTATION_CONTEXT(2) 
PARAMETRIC_REPRESENTATION_CONTEXT() REPRESENTATION_CONTEXT('2D SPACE',''
  ) );
#883 = ORIENTED_EDGE('',*,*,#884,.T.);
#884 = EDGE_CURVE('',#856,#885,#887,.T.);
#885 = VERTEX_POINT('',#886);
#886 = CARTESIAN_POINT('',(20.017139786919,28.710871020415,0.));
#887 = SURFACE_CURVE('',#888,(#893,#900),.PCURVE_S1.);
#888 = CIRCLE('',#889,35.);
#889 = AXIS2_PLACEMENT_3D('',#890,#891,#892);
#890 = CARTESIAN_POINT('',(0.,0.,0.));
#891 = DIRECTION('',(0.,0.,1.));
#892 = DIRECTION('',(1.,0.,0.));
#893 = PCURVE('',#45,#894);
#894 = DEFINITIONAL_REPRESENTATION('',(#895),#899);
#895 = CIRCLE('',#896,35.);
#896 = AXIS2_PLACEMENT_2D('',#897,#898);
#897 = CARTESIAN_POINT('',(1.250230978322E-15,-2.32193833596E-15));
#898 = DIRECTION('',(1.,0.));
#899 = ( GEOMETRIC_REPRESENTATION_CONTEXT(2) 
PARAMETRIC_REPRESENTATION_CONTEXT() REPRESENTATION_CONTEXT('2D SPACE',''
  ) );
#900 = PCURVE('',#901,#906);
#901 = CYLINDRICAL_SURFACE('',#902,35.);
#902 = AXIS2_PLACEMENT_3D('',#903,#904,#905);
#903 = CARTESIAN_POINT('',(0.,0.,0.));
#904 = DIRECTION('',(-0.,-0.,-1.));
#905 = DIRECTION('',(1.,0.,0.));
#906 = DEFINITIONAL_REPRESENTATION('',(#907),#911);
#907 = LINE('',#908,#909);
#908 = CARTESIAN_POINT('',(-0.,0.));
#909 = VECTOR('',#910,1.);
#910 = DIRECTION('',(-1.,0.));
#911 = ( GEOMETRIC_REPRESENTATION_CONTEXT(2) 
PARAMETRIC_REPRESENTATION_CONTEXT() REPRESENTATION_CONTEXT('2D SPACE',''
  ) );
#912 = ORIENTED_EDGE('',*,*,#913,.F.);
#913 = EDGE_CURVE('',#914,#885,#916,.T.);
#914 = VERTEX_POINT('',#915);
#915 = CARTESIAN_POINT('',(19.121703515171,29.314850412,0.));
#916 = SURFACE_CURVE('',#917,(#922,#929),.PCURVE_S1.);
#917 = CIRCLE('',#918,0.55);
#918 = AXIS2_PLACEMENT_3D('',#919,#920,#921);
#919 = CARTESIAN_POINT('',(19.627670911823,29.099218796682,0.));
#920 = DIRECTION('',(0.,0.,1.));
#921 = DIRECTION('',(1.,0.,0.));
#922 = PCURVE('',#45,#923);
#923 = DEFINITIONAL_REPRESENTATION('',(#924),#928);
#924 = CIRCLE('',#925,0.55);
#925 = AXIS2_PLACEMENT_2D('',#926,#927);
#926 = CARTESIAN_POINT('',(19.627670911823,29.099218796682));
#927 = DIRECTION('',(1.,0.));
#928 = ( GEOMETRIC_REPRESENTATION_CONTEXT(2) 
PARAMETRIC_REPRESENTATION_CONTEXT() REPRESENTATION_CONTEXT('2D SPACE',''
  ) );
#929 = PCURVE('',#930,#935);
#930 = CYLINDRICAL_SURFACE('',#931,0.55);
#931 = AXIS2_PLACEMENT_3D('',#932,#933,#934);
#932 = CARTESIAN_POINT('',(19.627670911823,29.099218796682,0.));
#933 = DIRECTION('',(-0.,-0.,-1.));
#934 = DIRECTION('',(1.,0.,0.));
#935 = DEFINITIONAL_REPRESENTATION('',(#936),#940);
#936 = LINE('',#937,#938);
#937 = CARTESIAN_POINT('',(-0.,0.));
#938 = VECTOR('',#939,1.);
#939 = DIRECTION('',(-1.,0.));
#940 = ( GEOMETRIC_REPRESENTATION_CONTEXT(2) 
PARAMETRIC_REPRESENTATION_CONTEXT() REPRESENTATION_CONTEXT('2D SPACE',''
  ) );
#941 = ORIENTED_EDGE('',*,*,#942,.T.);
#942 = EDGE_CURVE('',#914,#943,#945,.T.);
#943 = VERTEX_POINT('',#944);
#944 = CARTESIAN_POINT('',(17.96560991995,30.037257867592,0.));
#945 = SURFACE_CURVE('',#946,(#951,#958),.PCURVE_S1.);
#946 = CIRCLE('',#947,35.);
#947 = AXIS2_PLACEMENT_3D('',#948,#949,#950);
#948 = CARTESIAN_POINT('',(0.,0.,0.));
#949 = DIRECTION('',(0.,0.,1.));
#950 = DIRECTION('',(1.,0.,0.));
#951 = PCURVE('',#45,#952);
#952 = DEFINITIONAL_REPRESENTATION('',(#953),#957);
#953 = CIRCLE('',#954,35.);
#954 = AXIS2_PLACEMENT_2D('',#955,#956);
#955 = CARTESIAN_POINT('',(1.250230978322E-15,-2.32193833596E-15));
#956 = DIRECTION('',(1.,0.));
#957 = ( GEOMETRIC_REPRESENTATION_CONTEXT(2) 
PARAMETRIC_REPRESENTATION_CONTEXT() REPRESENTATION_CONTEXT('2D SPACE',''
  ) );
#958 = PCURVE('',#959,#964);
#959 = CYLINDRICAL_SURFACE('',#960,35.);
#960 = AXIS2_PLACEMENT_3D('',#961,#962,#963);
#961 = CARTESIAN_POINT('',(0.,0.,0.));
#962 = DIRECTION('',(-0.,-0.,-1.));
#963 = DIRECTION('',(1.,0.,0.));
#964 = DEFINITIONAL_REPRESENTATION('',(#965),#969);
#965 = LINE('',#966,#967);
#966 = CARTESIAN_POINT('',(-0.,0.));
#967 = VECTOR('',#968,1.);
#968 = DIRECTION('',(-1.,0.));
#969 = ( GEOMETRIC_REPRESENTATION_CONTEXT(2) 
PARAMETRIC_REPRESENTATION_CONTEXT() REPRESENTATION_CONTEXT('2D SPACE',''
  ) );
#970 = ORIENTED_EDGE('',*,*,#971,.F.);
#971 = EDGE_CURVE('',#972,#943,#974,.T.);
#972 = VERTEX_POINT('',#973);
#973 = CARTESIAN_POINT('',(17.030223413383,30.577303518954,0.));
#974 = SURFACE_CURVE('',#975,(#980,#987),.PCURVE_S1.);
#975 = CIRCLE('',#976,0.55);
#976 = AXIS2_PLACEMENT_3D('',#977,#978,#979);
#977 = CARTESIAN_POINT('',(17.55,30.397491672834,0.));
#978 = DIRECTION('',(0.,0.,1.));
#979 = DIRECTION('',(1.,0.,0.));
#980 = PCURVE('',#45,#981);
#981 = DEFINITIONAL_REPRESENTATION('',(#982),#986);
#982 = CIRCLE('',#983,0.55);
#983 = AXIS2_PLACEMENT_2D('',#984,#985);
#984 = CARTESIAN_POINT('',(17.55,30.397491672834));
#985 = DIRECTION('',(1.,0.));
#986 = ( GEOMETRIC_REPRESENTATION_CONTEXT(2) 
PARAMETRIC_REPRESENTATION_CONTEXT() REPRESENTATION_CONTEXT('2D SPACE',''
  ) );
#987 = PCURVE('',#988,#993);
#988 = CYLINDRICAL_SURFACE('',#989,0.55);
#989 = AXIS2_PLACEMENT_3D('',#990,#991,#992);
#990 = CARTESIAN_POINT('',(17.55,30.397491672834,0.));
#991 = DIRECTION('',(-0.,-0.,-1.));
#992 = DIRECTION('',(1.,0.,0.));
#993 = DEFINITIONAL_REPRESENTATION('',(#994),#998);
#994 = LINE('',#995,#996);
#995 = CARTESIAN_POINT('',(-0.,0.));
#996 = VECTOR('',#997,1.);
#997 = DIRECTION('',(-1.,0.));
#998 = ( GEOMETRIC_REPRESENTATION_CONTEXT(2) 
PARAMETRIC_REPRESENTATION_CONTEXT() REPRESENTATION_CONTEXT('2D SPACE',''
  ) );
#999 = ORIENTED_EDGE('',*,*,#1000,.T.);
#1000 = EDGE_CURVE('',#972,#1001,#1003,.T.);
#1001 = VERTEX_POINT('',#1002);
#1002 = CARTESIAN_POINT('',(15.826553407347,31.217306213772,0.));
#1003 = SURFACE_CURVE('',#1004,(#1009,#1016),.PCURVE_S1.);
#1004 = CIRCLE('',#1005,35.);
#1005 = AXIS2_PLACEMENT_3D('',#1006,#1007,#1008);
#1006 = CARTESIAN_POINT('',(0.,0.,0.));
#1007 = DIRECTION('',(0.,0.,1.));
#1008 = DIRECTION('',(1.,0.,0.));
#1009 = PCURVE('',#45,#1010);
#1010 = DEFINITIONAL_REPRESENTATION('',(#1011),#1015);
#1011 = CIRCLE('',#1012,35.);
#1012 = AXIS2_PLACEMENT_2D('',#1013,#1014);
#1013 = CARTESIAN_POINT('',(1.250230978322E-15,-2.32193833596E-15));
#1014 = DIRECTION('',(1.,0.));
#1015 = ( GEOMETRIC_REPRESENTATION_CONTEXT(2) 
PARAMETRIC_REPRESENTATION_CONTEXT() REPRESENTATION_CONTEXT('2D SPACE',''
  ) );
#1016 = PCURVE('',#1017,#1022);
#1017 = CYLINDRICAL_SURFACE('',#1018,35.);
#1018 = AXIS2_PLACEMENT_3D('',#1019,#1020,#1021);
#1019 = CARTESIAN_POINT('',(0.,0.,0.));
#1020 = DIRECTION('',(-0.,-0.,-1.));
#1021 = DIRECTION('',(1.,0.,0.));
#1022 = DEFINITIONAL_REPRESENTATION('',(#1023),#1027);
#1023 = LINE('',#1024,#1025);
#1024 = CARTESIAN_POINT('',(-0.,0.));
#1025 = VECTOR('',#1026,1.);
#1026 = DIRECTION('',(-1.,0.));
#1027 = ( GEOMETRIC_REPRESENTATION_CONTEXT(2) 
PARAMETRIC_REPRESENTATION_CONTEXT() REPRESENTATION_CONTEXT('2D SPACE',''
  ) );
#1028 = ORIENTED_EDGE('',*,*,#1029,.F.);
#1029 = EDGE_CURVE('',#1030,#1001,#1032,.T.);
#1030 = VERTEX_POINT('',#1031);
#1031 = CARTESIAN_POINT('',(14.855773774998,31.690787076784,0.));
#1032 = SURFACE_CURVE('',#1033,(#1038,#1045),.PCURVE_S1.);
#1033 = CIRCLE('',#1034,0.55);
#1034 = AXIS2_PLACEMENT_3D('',#1035,#1036,#1037);
#1035 = CARTESIAN_POINT('',(15.386827252297,31.547671025101,0.));
#1036 = DIRECTION('',(0.,0.,1.));
#1037 = DIRECTION('',(1.,0.,0.));
#1038 = PCURVE('',#45,#1039);
#1039 = DEFINITIONAL_REPRESENTATION('',(#1040),#1044);
#1040 = CIRCLE('',#1041,0.55);
#1041 = AXIS2_PLACEMENT_2D('',#1042,#1043);
#1042 = CARTESIAN_POINT('',(15.386827252297,31.547671025101));
#1043 = DIRECTION('',(1.,0.));
#1044 = ( GEOMETRIC_REPRESENTATION_CONTEXT(2) 
PARAMETRIC_REPRESENTATION_CONTEXT() REPRESENTATION_CONTEXT('2D SPACE',''
  ) );
#1045 = PCURVE('',#1046,#1051);
#1046 = CYLINDRICAL_SURFACE('',#1047,0.55);
#1047 = AXIS2_PLACEMENT_3D('',#1048,#1049,#1050);
#1048 = CARTESIAN_POINT('',(15.386827252297,31.547671025101,0.));
#1049 = DIRECTION('',(-0.,-0.,-1.));
#1050 = DIRECTION('',(1.,0.,0.));
#1051 = DEFINITIONAL_REPRESENTATION('',(#1052),#1056);
#1052 = LINE('',#1053,#1054);
#1053 = CARTESIAN_POINT('',(-0.,0.));
#1054 = VECTOR('',#1055,1.);
#1055 = DIRECTION('',(-1.,0.));
#1056 = ( GEOMETRIC_REPRESENTATION_CONTEXT(2) 
PARAMETRIC_REPRESENTATION_CONTEXT() REPRESENTATION_CONTEXT('2D SPACE',''
  ) );
#1057 = ORIENTED_EDGE('',*,*,#1058,.T.);
#1058 = EDGE_CURVE('',#1030,#1059,#1061,.T.);
#1059 = VERTEX_POINT('',#1060);
#1060 = CARTESIAN_POINT('',(13.610391517423,32.245266982031,0.));
#1061 = SURFACE_CURVE('',#1062,(#1067,#1074),.PCURVE_S1.);
#1062 = CIRCLE('',#1063,35.);
#1063 = AXIS2_PLACEMENT_3D('',#1064,#1065,#1066);
#1064 = CARTESIAN_POINT('',(0.,0.,0.));
#1065 = DIRECTION('',(0.,0.,1.));
#1066 = DIRECTION('',(1.,0.,0.));
#1067 = PCURVE('',#45,#1068);
#1068 = DEFINITIONAL_REPRESENTATION('',(#1069),#1073);
#1069 = CIRCLE('',#1070,35.);
#1070 = AXIS2_PLACEMENT_2D('',#1071,#1072);
#1071 = CARTESIAN_POINT('',(1.250230978322E-15,-2.32193833596E-15));
#1072 = DIRECTION('',(1.,0.));
#1073 = ( GEOMETRIC_REPRESENTATION_CONTEXT(2) 
PARAMETRIC_REPRESENTATION_CONTEXT() REPRESENTATION_CONTEXT('2D SPACE',''
  ) );
#1074 = PCURVE('',#1075,#1080);
#1075 = CYLINDRICAL_SURFACE('',#1076,35.);
#1076 = AXIS2_PLACEMENT_3D('',#1077,#1078,#1079);
#1077 = CARTESIAN_POINT('',(0.,0.,0.));
#1078 = DIRECTION('',(-0.,-0.,-1.));
#1079 = DIRECTION('',(1.,0.,0.));
#1080 = DEFINITIONAL_REPRESENTATION('',(#1081),#1085);
#1081 = LINE('',#1082,#1083);
#1082 = CARTESIAN_POINT('',(-0.,0.));
#1083 = VECTOR('',#1084,1.);
#1084 = DIRECTION('',(-1.,0.));
#1085 = ( GEOMETRIC_REPRESENTATION_CONTEXT(2) 
PARAMETRIC_REPRESENTATION_CONTEXT() REPRESENTATION_CONTEXT('2D SPACE',''
  ) );
#1086 = ORIENTED_EDGE('',*,*,#1087,.F.);
#1087 = EDGE_CURVE('',#1088,#1059,#1090,.T.);
#1088 = VERTEX_POINT('',#1089);
#1089 = CARTESIAN_POINT('',(12.608948300079,32.649876305523,0.));
#1090 = SURFACE_CURVE('',#1091,(#1096,#1103),.PCURVE_S1.);
#1091 = CIRCLE('',#1092,0.55);
#1092 = AXIS2_PLACEMENT_3D('',#1093,#1094,#1095);
#1093 = CARTESIAN_POINT('',(13.148691428899,32.544153295294,0.));
#1094 = DIRECTION('',(0.,0.,1.));
#1095 = DIRECTION('',(1.,0.,0.));
#1096 = PCURVE('',#45,#1097);
#1097 = DEFINITIONAL_REPRESENTATION('',(#1098),#1102);
#1098 = CIRCLE('',#1099,0.55);
#1099 = AXIS2_PLACEMENT_2D('',#1100,#1101);
#1100 = CARTESIAN_POINT('',(13.148691428899,32.544153295294));
#1101 = DIRECTION('',(1.,0.));
#1102 = ( GEOMETRIC_REPRESENTATION_CONTEXT(2) 
PARAMETRIC_REPRESENTATION_CONTEXT() REPRESENTATION_CONTEXT('2D SPACE',''
  ) );
#1103 = PCURVE('',#1104,#1109);
#1104 = CYLINDRICAL_SURFACE('',#1105,0.55);
#1105 = AXIS2_PLACEMENT_3D('',#1106,#1107,#1108);
#1106 = CARTESIAN_POINT('',(13.148691428899,32.544153295294,0.));
#1107 = DIRECTION('',(-0.,-0.,-1.));
#1108 = DIRECTION('',(1.,0.,0.));
#1109 = DEFINITIONAL_REPRESENTATION('',(#1110),#1114);
#1110 = LINE('',#1111,#1112);
#1111 = CARTESIAN_POINT('',(-0.,0.));
#1112 = VECTOR('',#1113,1.);
#1113 = DIRECTION('',(-1.,0.));
#1114 = ( GEOMETRIC_REPRESENTATION_CONTEXT(2) 
PARAMETRIC_REPRESENTATION_CONTEXT() REPRESENTATION_CONTEXT('2D SPACE',''
  ) );
#1115 = ORIENTED_EDGE('',*,*,#1116,.T.);
#1116 = EDGE_CURVE('',#1088,#1117,#1119,.T.);
#1117 = VERTEX_POINT('',#1118);
#1118 = CARTESIAN_POINT('',(11.327921168138,33.116132050837,0.));
#1119 = SURFACE_CURVE('',#1120,(#1125,#1132),.PCURVE_S1.);
#1120 = CIRCLE('',#1121,35.);
#1121 = AXIS2_PLACEMENT_3D('',#1122,#1123,#1124);
#1122 = CARTESIAN_POINT('',(0.,0.,0.));
#1123 = DIRECTION('',(0.,0.,1.));
#1124 = DIRECTION('',(1.,0.,0.));
#1125 = PCURVE('',#45,#1126);
#1126 = DEFINITIONAL_REPRESENTATION('',(#1127),#1131);
#1127 = CIRCLE('',#1128,35.);
#1128 = AXIS2_PLACEMENT_2D('',#1129,#1130);
#1129 = CARTESIAN_POINT('',(1.250230978322E-15,-2.32193833596E-15));
#1130 = DIRECTION('',(1.,0.));
#1131 = ( GEOMETRIC_REPRESENTATION_CONTEXT(2) 
PARAMETRIC_REPRESENTATION_CONTEXT() REPRESENTATION_CONTEXT('2D SPACE',''
  ) );
#1132 = PCURVE('',#1133,#1138);
#1133 = CYLINDRICAL_SURFACE('',#1134,35.);
#1134 = AXIS2_PLACEMENT_3D('',#1135,#1136,#1137);
#1135 = CARTESIAN_POINT('',(0.,0.,0.));
#1136 = DIRECTION('',(-0.,-0.,-1.));
#1137 = DIRECTION('',(1.,0.,0.));
#1138 = DEFINITIONAL_REPRESENTATION('',(#1139),#1143);
#1139 = LINE('',#1140,#1141);
#1140 = CARTESIAN_POINT('',(-0.,0.));
#1141 = VECTOR('',#1142,1.);
#1142 = DIRECTION('',(-1.,0.));
#1143 = ( GEOMETRIC_REPRESENTATION_CONTEXT(2) 
PARAMETRIC_REPRESENTATION_CONTEXT() REPRESENTATION_CONTEXT('2D SPACE',''
  ) );
#1144 = ORIENTED_EDGE('',*,*,#1145,.F.);
#1145 = EDGE_CURVE('',#1146,#1117,#1148,.T.);
#1146 = VERTEX_POINT('',#1147);
#1147 = CARTESIAN_POINT('',(10.300693296488,33.449898618855,0.));
#1148 = SURFACE_CURVE('',#1149,(#1154,#1161),.PCURVE_S1.);
#1149 = CIRCLE('',#1150,0.55);
#1150 = AXIS2_PLACEMENT_3D('',#1151,#1152,#1153);
#1151 = CARTESIAN_POINT('',(10.846496502561,33.38208372196,0.));
#1152 = DIRECTION('',(0.,0.,1.));
#1153 = DIRECTION('',(1.,0.,0.));
#1154 = PCURVE('',#45,#1155);
#1155 = DEFINITIONAL_REPRESENTATION('',(#1156),#1160);
#1156 = CIRCLE('',#1157,0.55);
#1157 = AXIS2_PLACEMENT_2D('',#1158,#1159);
#1158 = CARTESIAN_POINT('',(10.846496502561,33.38208372196));
#1159 = DIRECTION('',(1.,0.));
#1160 = ( GEOMETRIC_REPRESENTATION_CONTEXT(2) 
PARAMETRIC_REPRESENTATION_CONTEXT() REPRESENTATION_CONTEXT('2D SPACE',''
  ) );
#1161 = PCURVE('',#1162,#1167);
#1162 = CYLINDRICAL_SURFACE('',#1163,0.55);
#1163 = AXIS2_PLACEMENT_3D('',#1164,#1165,#1166);
#1164 = CARTESIAN_POINT('',(10.846496502561,33.38208372196,0.));
#1165 = DIRECTION('',(-0.,-0.,-1.));
#1166 = DIRECTION('',(1.,0.,0.));
#1167 = DEFINITIONAL_REPRESENTATION('',(#1168),#1172);
#1168 = LINE('',#1169,#1170);
#1169 = CARTESIAN_POINT('',(-0.,0.));
#1170 = VECTOR('',#1171,1.);
#1171 = DIRECTION('',(-1.,0.));
#1172 = ( GEOMETRIC_REPRESENTATION_CONTEXT(2) 
PARAMETRIC_REPRESENTATION_CONTEXT() REPRESENTATION_CONTEXT('2D SPACE',''
  ) );
#1173 = ORIENTED_EDGE('',*,*,#1174,.T.);
#1174 = EDGE_CURVE('',#1146,#1175,#1177,.T.);
#1175 = VERTEX_POINT('',#1176);
#1176 = CARTESIAN_POINT('',(8.990262325601,33.825658653112,0.));
#1177 = SURFACE_CURVE('',#1178,(#1183,#1190),.PCURVE_S1.);
#1178 = CIRCLE('',#1179,35.);
#1179 = AXIS2_PLACEMENT_3D('',#1180,#1181,#1182);
#1180 = CARTESIAN_POINT('',(0.,0.,0.));
#1181 = DIRECTION('',(0.,0.,1.));
#1182 = DIRECTION('',(1.,0.,0.));
#1183 = PCURVE('',#45,#1184);
#1184 = DEFINITIONAL_REPRESENTATION('',(#1185),#1189);
#1185 = CIRCLE('',#1186,35.);
#1186 = AXIS2_PLACEMENT_2D('',#1187,#1188);
#1187 = CARTESIAN_POINT('',(1.250230978322E-15,-2.32193833596E-15));
#1188 = DIRECTION('',(1.,0.));
#1189 = ( GEOMETRIC_REPRESENTATION_CONTEXT(2) 
PARAMETRIC_REPRESENTATION_CONTEXT() REPRESENTATION_CONTEXT('2D SPACE',''
  ) );
#1190 = PCURVE('',#1191,#1196);
#1191 = CYLINDRICAL_SURFACE('',#1192,35.);
#1192 = AXIS2_PLACEMENT_3D('',#1193,#1194,#1195);
#1193 = CARTESIAN_POINT('',(0.,0.,0.));
#1194 = DIRECTION('',(-0.,-0.,-1.));
#1195 = DIRECTION('',(1.,0.,0.));
#1196 = DEFINITIONAL_REPRESENTATION('',(#1197),#1201);
#1197 = LINE('',#1198,#1199);
#1198 = CARTESIAN_POINT('',(-0.,0.));
#1199 = VECTOR('',#1200,1.);
#1200 = DIRECTION('',(-1.,0.));
#1201 = ( GEOMETRIC_REPRESENTATION_CONTEXT(2) 
PARAMETRIC_REPRESENTATION_CONTEXT() REPRESENTATION_CONTEXT('2D SPACE',''
  ) );
#1202 = ORIENTED_EDGE('',*,*,#1203,.F.);
#1203 = EDGE_CURVE('',#1204,#1175,#1206,.T.);
#1204 = VERTEX_POINT('',#1205);
#1205 = CARTESIAN_POINT('',(7.942254350579,34.086956388488,0.));
#1206 = SURFACE_CURVE('',#1207,(#1212,#1219),.PCURVE_S1.);
#1207 = CIRCLE('',#1208,0.55);
#1208 = AXIS2_PLACEMENT_3D('',#1209,#1210,#1211);
#1209 = CARTESIAN_POINT('',(8.491458535548,34.057379992287,0.));
#1210 = DIRECTION('',(0.,0.,1.));
#1211 = DIRECTION('',(1.,0.,0.));
#1212 = PCURVE('',#45,#1213);
#1213 = DEFINITIONAL_REPRESENTATION('',(#1214),#1218);
#1214 = CIRCLE('',#1215,0.55);
#1215 = AXIS2_PLACEMENT_2D('',#1216,#1217);
#1216 = CARTESIAN_POINT('',(8.491458535548,34.057379992287));
#1217 = DIRECTION('',(1.,0.));
#1218 = ( GEOMETRIC_REPRESENTATION_CONTEXT(2) 
PARAMETRIC_REPRESENTATION_CONTEXT() REPRESENTATION_CONTEXT('2D SPACE',''
  ) );
#1219 = PCURVE('',#1220,#1225);
#1220 = CYLINDRICAL_SURFACE('',#1221,0.55);
#1221 = AXIS2_PLACEMENT_3D('',#1222,#1223,#1224);
#1222 = CARTESIAN_POINT('',(8.491458535548,34.057379992287,0.));
#1223 = DIRECTION('',(-0.,-0.,-1.));
#1224 = DIRECTION('',(1.,0.,0.));
#1225 = DEFINITIONAL_REPRESENTATION('',(#1226),#1230);
#1226 = LINE('',#1227,#1228);
#1227 = CARTESIAN_POINT('',(-0.,0.));
#1228 = VECTOR('',#1229,1.);
#1229 = DIRECTION('',(-1.,0.));
#1230 = ( GEOMETRIC_REPRESENTATION_CONTEXT(2) 
PARAMETRIC_REPRESENTATION_CONTEXT() REPRESENTATION_CONTEXT('2D SPACE',''
  ) );
#1231 = ORIENTED_EDGE('',*,*,#1232,.T.);
#1232 = EDGE_CURVE('',#1204,#1233,#1235,.T.);
#1233 = VERTEX_POINT('',#1234);
#1234 = CARTESIAN_POINT('',(6.608803828711,34.370390046574,0.));
#1235 = SURFACE_CURVE('',#1236,(#1241,#1248),.PCURVE_S1.);
#1236 = CIRCLE('',#1237,35.);
#1237 = AXIS2_PLACEMENT_3D('',#1238,#1239,#1240);
#1238 = CARTESIAN_POINT('',(0.,0.,0.));
#1239 = DIRECTION('',(0.,0.,1.));
#1240 = DIRECTION('',(1.,0.,0.));
#1241 = PCURVE('',#45,#1242);
#1242 = DEFINITIONAL_REPRESENTATION('',(#1243),#1247);
#1243 = CIRCLE('',#1244,35.);
#1244 = AXIS2_PLACEMENT_2D('',#1245,#1246);
#1245 = CARTESIAN_POINT('',(1.250230978322E-15,-2.32193833596E-15));
#1246 = DIRECTION('',(1.,0.));
#1247 = ( GEOMETRIC_REPRESENTATION_CONTEXT(2) 
PARAMETRIC_REPRESENTATION_CONTEXT() REPRESENTATION_CONTEXT('2D SPACE',''
  ) );
#1248 = PCURVE('',#1249,#1254);
#1249 = CYLINDRICAL_SURFACE('',#1250,35.);
#1250 = AXIS2_PLACEMENT_3D('',#1251,#1252,#1253);
#1251 = CARTESIAN_POINT('',(0.,0.,0.));
#1252 = DIRECTION('',(-0.,-0.,-1.));
#1253 = DIRECTION('',(1.,0.,0.));
#1254 = DEFINITIONAL_REPRESENTATION('',(#1255),#1259);
#1255 = LINE('',#1256,#1257);
#1256 = CARTESIAN_POINT('',(-0.,0.));
#1257 = VECTOR('',#1258,1.);
#1258 = DIRECTION('',(-1.,0.));
#1259 = ( GEOMETRIC_REPRESENTATION_CONTEXT(2) 
PARAMETRIC_REPRESENTATION_CONTEXT() REPRESENTATION_CONTEXT('2D SPACE',''
  ) );
#1260 = ORIENTED_EDGE('',*,*,#1261,.F.);
#1261 = EDGE_CURVE('',#1262,#1233,#1264,.T.);
#1262 = VERTEX_POINT('',#1263);
#1263 = CARTESIAN_POINT('',(5.545121539827,34.557945933006,0.));
#1264 = SURFACE_CURVE('',#1265,(#1270,#1277),.PCURVE_S1.);
#1265 = CIRCLE('',#1266,0.55);
#1266 = AXIS2_PLACEMENT_3D('',#1267,#1268,#1269);
#1267 = CARTESIAN_POINT('',(6.095051036109,34.566752130728,0.));
#1268 = DIRECTION('',(0.,0.,1.));
#1269 = DIRECTION('',(1.,0.,0.));
#1270 = PCURVE('',#45,#1271);
#1271 = DEFINITIONAL_REPRESENTATION('',(#1272),#1276);
#1272 = CIRCLE('',#1273,0.55);
#1273 = AXIS2_PLACEMENT_2D('',#1274,#1275);
#1274 = CARTESIAN_POINT('',(6.095051036109,34.566752130728));
#1275 = DIRECTION('',(1.,0.));
#1276 = ( GEOMETRIC_REPRESENTATION_CONTEXT(2) 
PARAMETRIC_REPRESENTATION_CONTEXT() REPRESENTATION_CONTEXT('2D SPACE',''
  ) );
#1277 = PCURVE('',#1278,#1283);
#1278 = CYLINDRICAL_SURFACE('',#1279,0.55);
#1279 = AXIS2_PLACEMENT_3D('',#1280,#1281,#1282);
#1280 = CARTESIAN_POINT('',(6.095051036109,34.566752130728,0.));
#1281 = DIRECTION('',(-0.,-0.,-1.));
#1282 = DIRECTION('',(1.,0.,0.));
#1283 = DEFINITIONAL_REPRESENTATION('',(#1284),#1288);
#1284 = LINE('',#1285,#1286);
#1285 = CARTESIAN_POINT('',(-0.,0.));
#1286 = VECTOR('',#1287,1.);
#1287 = DIRECTION('',(-1.,0.));
#1288 = ( GEOMETRIC_REPRESENTATION_CONTEXT(2) 
PARAMETRIC_REPRESENTATION_CONTEXT() REPRESENTATION_CONTEXT('2D SPACE',''
  ) );
#1289 = ORIENTED_EDGE('',*,*,#1290,.T.);
#1290 = EDGE_CURVE('',#1262,#1291,#1293,.T.);
#1291 = VERTEX_POINT('',#1292);
#1292 = CARTESIAN_POINT('',(4.195147903883,34.747672354628,0.));
#1293 = SURFACE_CURVE('',#1294,(#1299,#1306),.PCURVE_S1.);
#1294 = CIRCLE('',#1295,35.);
#1295 = AXIS2_PLACEMENT_3D('',#1296,#1297,#1298);
#1296 = CARTESIAN_POINT('',(0.,0.,0.));
#1297 = DIRECTION('',(0.,0.,1.));
#1298 = DIRECTION('',(1.,0.,0.));
#1299 = PCURVE('',#45,#1300);
#1300 = DEFINITIONAL_REPRESENTATION('',(#1301),#1305);
#1301 = CIRCLE('',#1302,35.);
#1302 = AXIS2_PLACEMENT_2D('',#1303,#1304);
#1303 = CARTESIAN_POINT('',(1.250230978322E-15,-2.32193833596E-15));
#1304 = DIRECTION('',(1.,0.));
#1305 = ( GEOMETRIC_REPRESENTATION_CONTEXT(2) 
PARAMETRIC_REPRESENTATION_CONTEXT() REPRESENTATION_CONTEXT('2D SPACE',''
  ) );
#1306 = PCURVE('',#1307,#1312);
#1307 = CYLINDRICAL_SURFACE('',#1308,35.);
#1308 = AXIS2_PLACEMENT_3D('',#1309,#1310,#1311);
#1309 = CARTESIAN_POINT('',(0.,0.,0.));
#1310 = DIRECTION('',(-0.,-0.,-1.));
#1311 = DIRECTION('',(1.,0.,0.));
#1312 = DEFINITIONAL_REPRESENTATION('',(#1313),#1317);
#1313 = LINE('',#1314,#1315);
#1314 = CARTESIAN_POINT('',(-0.,0.));
#1315 = VECTOR('',#1316,1.);
#1316 = DIRECTION('',(-1.,0.));
#1317 = ( GEOMETRIC_REPRESENTATION_CONTEXT(2) 
PARAMETRIC_REPRESENTATION_CONTEXT() REPRESENTATION_CONTEXT('2D SPACE',''
  ) );
#1318 = ORIENTED_EDGE('',*,*,#1319,.F.);
#1319 = EDGE_CURVE('',#1320,#1291,#1322,.T.);
#1320 = VERTEX_POINT('',#1321);
#1321 = CARTESIAN_POINT('',(3.120973454326,34.86057263869,0.));
#1322 = SURFACE_CURVE('',#1323,(#1328,#1335),.PCURVE_S1.);
#1323 = CIRCLE('',#1324,0.55);
#1324 = AXIS2_PLACEMENT_3D('',#1325,#1326,#1327);
#1325 = CARTESIAN_POINT('',(3.668949060695,34.907718527426,0.));
#1326 = DIRECTION('',(0.,0.,1.));
#1327 = DIRECTION('',(1.,0.,0.));
#1328 = PCURVE('',#45,#1329);
#1329 = DEFINITIONAL_REPRESENTATION('',(#1330),#1334);
#1330 = CIRCLE('',#1331,0.55);
#1331 = AXIS2_PLACEMENT_2D('',#1332,#1333);
#1332 = CARTESIAN_POINT('',(3.668949060695,34.907718527426));
#1333 = DIRECTION('',(1.,0.));
#1334 = ( GEOMETRIC_REPRESENTATION_CONTEXT(2) 
PARAMETRIC_REPRESENTATION_CONTEXT() REPRESENTATION_CONTEXT('2D SPACE',''
  ) );
#1335 = PCURVE('',#1336,#1341);
#1336 = CYLINDRICAL_SURFACE('',#1337,0.55);
#1337 = AXIS2_PLACEMENT_3D('',#1338,#1339,#1340);
#1338 = CARTESIAN_POINT('',(3.668949060695,34.907718527426,0.));
#1339 = DIRECTION('',(-0.,-0.,-1.));
#1340 = DIRECTION('',(1.,0.,0.));
#1341 = DEFINITIONAL_REPRESENTATION('',(#1342),#1346);
#1342 = LINE('',#1343,#1344);
#1343 = CARTESIAN_POINT('',(-0.,0.));
#1344 = VECTOR('',#1345,1.);
#1345 = DIRECTION('',(-1.,0.));
#1346 = ( GEOMETRIC_REPRESENTATION_CONTEXT(2) 
PARAMETRIC_REPRESENTATION_CONTEXT() REPRESENTATION_CONTEXT('2D SPACE',''
  ) );
#1347 = ORIENTED_EDGE('',*,*,#1348,.T.);
#1348 = EDGE_CURVE('',#1320,#1349,#1351,.T.);
#1349 = VERTEX_POINT('',#1350);
#1350 = CARTESIAN_POINT('',(1.761053640161,34.955667495794,0.));
#1351 = SURFACE_CURVE('',#1352,(#1357,#1364),.PCURVE_S1.);
#1352 = CIRCLE('',#1353,35.);
#1353 = AXIS2_PLACEMENT_3D('',#1354,#1355,#1356);
#1354 = CARTESIAN_POINT('',(0.,0.,0.));
#1355 = DIRECTION('',(0.,0.,1.));
#1356 = DIRECTION('',(1.,0.,0.));
#1357 = PCURVE('',#45,#1358);
#1358 = DEFINITIONAL_REPRESENTATION('',(#1359),#1363);
#1359 = CIRCLE('',#1360,35.);
#1360 = AXIS2_PLACEMENT_2D('',#1361,#1362);
#1361 = CARTESIAN_POINT('',(1.250230978322E-15,-2.32193833596E-15));
#1362 = DIRECTION('',(1.,0.));
#1363 = ( GEOMETRIC_REPRESENTATION_CONTEXT(2) 
PARAMETRIC_REPRESENTATION_CONTEXT() REPRESENTATION_CONTEXT('2D SPACE',''
  ) );
#1364 = PCURVE('',#1365,#1370);
#1365 = CYLINDRICAL_SURFACE('',#1366,35.);
#1366 = AXIS2_PLACEMENT_3D('',#1367,#1368,#1369);
#1367 = CARTESIAN_POINT('',(0.,0.,0.));
#1368 = DIRECTION('',(-0.,-0.,-1.));
#1369 = DIRECTION('',(1.,0.,0.));
#1370 = DEFINITIONAL_REPRESENTATION('',(#1371),#1375);
#1371 = LINE('',#1372,#1373);
#1372 = CARTESIAN_POINT('',(-0.,0.));
#1373 = VECTOR('',#1374,1.);
#1374 = DIRECTION('',(-1.,0.));
#1375 = ( GEOMETRIC_REPRESENTATION_CONTEXT(2) 
PARAMETRIC_REPRESENTATION_CONTEXT() REPRESENTATION_CONTEXT('2D SPACE',''
  ) );
#1376 = ORIENTED_EDGE('',*,*,#1377,.F.);
#1377 = EDGE_CURVE('',#1378,#1349,#1380,.T.);
#1378 = VERTEX_POINT('',#1379);
#1379 = CARTESIAN_POINT('',(0.681620299875,34.993362138651,0.));
#1380 = SURFACE_CURVE('',#1381,(#1386,#1393),.PCURVE_S1.);
#1381 = CIRCLE('',#1382,0.55);
#1382 = AXIS2_PLACEMENT_3D('',#1383,#1384,#1385);
#1383 = CARTESIAN_POINT('',(1.224972334258,35.07861802837,0.));
#1384 = DIRECTION('',(0.,0.,1.));
#1385 = DIRECTION('',(1.,0.,0.));
#1386 = PCURVE('',#45,#1387);
#1387 = DEFINITIONAL_REPRESENTATION('',(#1388),#1392);
#1388 = CIRCLE('',#1389,0.55);
#1389 = AXIS2_PLACEMENT_2D('',#1390,#1391);
#1390 = CARTESIAN_POINT('',(1.224972334258,35.07861802837));
#1391 = DIRECTION('',(1.,0.));
#1392 = ( GEOMETRIC_REPRESENTATION_CONTEXT(2) 
PARAMETRIC_REPRESENTATION_CONTEXT() REPRESENTATION_CONTEXT('2D SPACE',''
  ) );
#1393 = PCURVE('',#1394,#1399);
#1394 = CYLINDRICAL_SURFACE('',#1395,0.55);
#1395 = AXIS2_PLACEMENT_3D('',#1396,#1397,#1398);
#1396 = CARTESIAN_POINT('',(1.224972334258,35.07861802837,0.));
#1397 = DIRECTION('',(-0.,-0.,-1.));
#1398 = DIRECTION('',(1.,0.,0.));
#1399 = DEFINITIONAL_REPRESENTATION('',(#1400),#1404);
#1400 = LINE('',#1401,#1402);
#1401 = CARTESIAN_POINT('',(-0.,0.));
#1402 = VECTOR('',#1403,1.);
#1403 = DIRECTION('',(-1.,0.));
#1404 = ( GEOMETRIC_REPRESENTATION_CONTEXT(2) 
PARAMETRIC_REPRESENTATION_CONTEXT() REPRESENTATION_CONTEXT('2D SPACE',''
  ) );
#1405 = ORIENTED_EDGE('',*,*,#1406,.T.);
#1406 = EDGE_CURVE('',#1378,#1407,#1409,.T.);
#1407 = VERTEX_POINT('',#1408);
#1408 = CARTESIAN_POINT('',(-0.681620299875,34.993362138651,0.));
#1409 = SURFACE_CURVE('',#1410,(#1415,#1422),.PCURVE_S1.);
#1410 = CIRCLE('',#1411,35.);
#1411 = AXIS2_PLACEMENT_3D('',#1412,#1413,#1414);
#1412 = CARTESIAN_POINT('',(0.,0.,0.));
#1413 = DIRECTION('',(0.,0.,1.));
#1414 = DIRECTION('',(1.,0.,0.));
#1415 = PCURVE('',#45,#1416);
#1416 = DEFINITIONAL_REPRESENTATION('',(#1417),#1421);
#1417 = CIRCLE('',#1418,35.);
#1418 = AXIS2_PLACEMENT_2D('',#1419,#1420);
#1419 = CARTESIAN_POINT('',(1.250230978322E-15,-2.32193833596E-15));
#1420 = DIRECTION('',(1.,0.));
#1421 = ( GEOMETRIC_REPRESENTATION_CONTEXT(2) 
PARAMETRIC_REPRESENTATION_CONTEXT() REPRESENTATION_CONTEXT('2D SPACE',''
  ) );
#1422 = PCURVE('',#1423,#1428);
#1423 = CYLINDRICAL_SURFACE('',#1424,35.);
#1424 = AXIS2_PLACEMENT_3D('',#1425,#1426,#1427);
#1425 = CARTESIAN_POINT('',(0.,0.,0.));
#1426 = DIRECTION('',(-0.,-0.,-1.));
#1427 = DIRECTION('',(1.,0.,0.));
#1428 = DEFINITIONAL_REPRESENTATION('',(#1429),#1433);
#1429 = LINE('',#1430,#1431);
#1430 = CARTESIAN_POINT('',(-0.,0.));
#1431 = VECTOR('',#1432,1.);
#1432 = DIRECTION('',(-1.,0.));
#1433 = ( GEOMETRIC_REPRESENTATION_CONTEXT(2) 
PARAMETRIC_REPRESENTATION_CONTEXT() REPRESENTATION_CONTEXT('2D SPACE',''
  ) );
#1434 = ORIENTED_EDGE('',*,*,#1435,.F.);
#1435 = EDGE_CURVE('',#1436,#1407,#1438,.T.);
#1436 = VERTEX_POINT('',#1437);
#1437 = CARTESIAN_POINT('',(-1.761053640161,34.955667495794,0.));
#1438 = SURFACE_CURVE('',#1439,(#1444,#1451),.PCURVE_S1.);
#1439 = CIRCLE('',#1440,0.55);
#1440 = AXIS2_PLACEMENT_3D('',#1441,#1442,#1443);
#1441 = CARTESIAN_POINT('',(-1.224972334258,35.07861802837,0.));
#1442 = DIRECTION('',(0.,0.,1.));
#1443 = DIRECTION('',(1.,0.,0.));
#1444 = PCURVE('',#45,#1445);
#1445 = DEFINITIONAL_REPRESENTATION('',(#1446),#1450);
#1446 = CIRCLE('',#1447,0.55);
#1447 = AXIS2_PLACEMENT_2D('',#1448,#1449);
#1448 = CARTESIAN_POINT('',(-1.224972334258,35.07861802837));
#1449 = DIRECTION('',(1.,0.));
#1450 = ( GEOMETRIC_REPRESENTATION_CONTEXT(2) 
PARAMETRIC_REPRESENTATION_CONTEXT() REPRESENTATION_CONTEXT('2D SPACE',''
  ) );
#1451 = PCURVE('',#1452,#1457);
#1452 = CYLINDRICAL_SURFACE('',#1453,0.55);
#1453 = AXIS2_PLACEMENT_3D('',#1454,#1455,#1456);
#1454 = CARTESIAN_POINT('',(-1.224972334258,35.07861802837,0.));
#1455 = DIRECTION('',(-0.,-0.,-1.));
#1456 = DIRECTION('',(1.,0.,0.));
#1457 = DEFINITIONAL_REPRESENTATION('',(#1458),#1462);
#1458 = LINE('',#1459,#1460);
#1459 = CARTESIAN_POINT('',(-0.,0.));
#1460 = VECTOR('',#1461,1.);
#1461 = DIRECTION('',(-1.,0.));
#1462 = ( GEOMETRIC_REPRESENTATION_CONTEXT(2) 
PARAMETRIC_REPRESENTATION_CONTEXT() REPRESENTATION_CONTEXT('2D SPACE',''
  ) );
#1463 = ORIENTED_EDGE('',*,*,#1464,.T.);
#1464 = EDGE_CURVE('',#1436,#1465,#1467,.T.);
#1465 = VERTEX_POINT('',#1466);
#1466 = CARTESIAN_POINT('',(-3.120973454326,34.86057263869,0.));
#1467 = SURFACE_CURVE('',#1468,(#1473,#1480),.PCURVE_S1.);
#1468 = CIRCLE('',#1469,35.);
#1469 = AXIS2_PLACEMENT_3D('',#1470,#1471,#1472);
#1470 = CARTESIAN_POINT('',(0.,0.,0.));
#1471 = DIRECTION('',(0.,0.,1.));
#1472 = DIRECTION('',(1.,0.,0.));
#1473 = PCURVE('',#45,#1474);
#1474 = DEFINITIONAL_REPRESENTATION('',(#1475),#1479);
#1475 = CIRCLE('',#1476,35.);
#1476 = AXIS2_PLACEMENT_2D('',#1477,#1478);
#1477 = CARTESIAN_POINT('',(1.250230978322E-15,-2.32193833596E-15));
#1478 = DIRECTION('',(1.,0.));
#1479 = ( GEOMETRIC_REPRESENTATION_CONTEXT(2) 
PARAMETRIC_REPRESENTATION_CONTEXT() REPRESENTATION_CONTEXT('2D SPACE',''
  ) );
#1480 = PCURVE('',#1481,#1486);
#1481 = CYLINDRICAL_SURFACE('',#1482,35.);
#1482 = AXIS2_PLACEMENT_3D('',#1483,#1484,#1485);
#1483 = CARTESIAN_POINT('',(0.,0.,0.));
#1484 = DIRECTION('',(-0.,-0.,-1.));
#1485 = DIRECTION('',(1.,0.,0.));
#1486 = DEFINITIONAL_REPRESENTATION('',(#1487),#1491);
#1487 = LINE('',#1488,#1489);
#1488 = CARTESIAN_POINT('',(-0.,0.));
#1489 = VECTOR('',#1490,1.);
#1490 = DIRECTION('',(-1.,0.));
#1491 = ( GEOMETRIC_REPRESENTATION_CONTEXT(2) 
PARAMETRIC_REPRESENTATION_CONTEXT() REPRESENTATION_CONTEXT('2D SPACE',''
  ) );
#1492 = ORIENTED_EDGE('',*,*,#1493,.F.);
#1493 = EDGE_CURVE('',#1494,#1465,#1496,.T.);
#1494 = VERTEX_POINT('',#1495);
#1495 = CARTESIAN_POINT('',(-4.195147903883,34.747672354628,0.));
#1496 = SURFACE_CURVE('',#1497,(#1502,#1509),.PCURVE_S1.);
#1497 = CIRCLE('',#1498,0.55);
#1498 = AXIS2_PLACEMENT_3D('',#1499,#1500,#1501);
#1499 = CARTESIAN_POINT('',(-3.668949060695,34.907718527426,0.));
#1500 = DIRECTION('',(0.,0.,1.));
#1501 = DIRECTION('',(1.,0.,0.));
#1502 = PCURVE('',#45,#1503);
#1503 = DEFINITIONAL_REPRESENTATION('',(#1504),#1508);
#1504 = CIRCLE('',#1505,0.55);
#1505 = AXIS2_PLACEMENT_2D('',#1506,#1507);
#1506 = CARTESIAN_POINT('',(-3.668949060695,34.907718527426));
#1507 = DIRECTION('',(1.,0.));
#1508 = ( GEOMETRIC_REPRESENTATION_CONTEXT(2) 
PARAMETRIC_REPRESENTATION_CONTEXT() REPRESENTATION_CONTEXT('2D SPACE',''
  ) );
#1509 = PCURVE('',#1510,#1515);
#1510 = CYLINDRICAL_SURFACE('',#1511,0.55);
#1511 = AXIS2_PLACEMENT_3D('',#1512,#1513,#1514);
#1512 = CARTESIAN_POINT('',(-3.668949060695,34.907718527426,0.));
#1513 = DIRECTION('',(-0.,-0.,-1.));
#1514 = DIRECTION('',(1.,0.,0.));
#1515 = DEFINITIONAL_REPRESENTATION('',(#1516),#1520);
#1516 = LINE('',#1517,#1518);
#1517 = CARTESIAN_POINT('',(-0.,0.));
#1518 = VECTOR('',#1519,1.);
#1519 = DIRECTION('',(-1.,0.));
#1520 = ( GEOMETRIC_REPRESENTATION_CONTEXT(2) 
PARAMETRIC_REPRESENTATION_CONTEXT() REPRESENTATION_CONTEXT('2D SPACE',''
  ) );
#1521 = ORIENTED_EDGE('',*,*,#1522,.T.);
#1522 = EDGE_CURVE('',#1494,#1523,#1525,.T.);
#1523 = VERTEX_POINT('',#1524);
#1524 = CARTESIAN_POINT('',(-5.545121539827,34.557945933006,0.));
#1525 = SURFACE_CURVE('',#1526,(#1531,#1538),.PCURVE_S1.);
#1526 = CIRCLE('',#1527,35.);
#1527 = AXIS2_PLACEMENT_3D('',#1528,#1529,#1530);
#1528 = CARTESIAN_POINT('',(0.,0.,0.));
#1529 = DIRECTION('',(0.,0.,1.));
#1530 = DIRECTION('',(1.,0.,0.));
#1531 = PCURVE('',#45,#1532);
#1532 = DEFINITIONAL_REPRESENTATION('',(#1533),#1537);
#1533 = CIRCLE('',#1534,35.);
#1534 = AXIS2_PLACEMENT_2D('',#1535,#1536);
#1535 = CARTESIAN_POINT('',(1.250230978322E-15,-2.32193833596E-15));
#1536 = DIRECTION('',(1.,0.));
#1537 = ( GEOMETRIC_REPRESENTATION_CONTEXT(2) 
PARAMETRIC_REPRESENTATION_CONTEXT() REPRESENTATION_CONTEXT('2D SPACE',''
  ) );
#1538 = PCURVE('',#1539,#1544);
#1539 = CYLINDRICAL_SURFACE('',#1540,35.);
#1540 = AXIS2_PLACEMENT_3D('',#1541,#1542,#1543);
#1541 = CARTESIAN_POINT('',(0.,0.,0.));
#1542 = DIRECTION('',(-0.,-0.,-1.));
#1543 = DIRECTION('',(1.,0.,0.));
#1544 = DEFINITIONAL_REPRESENTATION('',(#1545),#1549);
#1545 = LINE('',#1546,#1547);
#1546 = CARTESIAN_POINT('',(-0.,0.));
#1547 = VECTOR('',#1548,1.);
#1548 = DIRECTION('',(-1.,0.));
#1549 = ( GEOMETRIC_REPRESENTATION_CONTEXT(2) 
PARAMETRIC_REPRESENTATION_CONTEXT() REPRESENTATION_CONTEXT('2D SPACE',''
  ) );
#1550 = ORIENTED_EDGE('',*,*,#1551,.F.);
#1551 = EDGE_CURVE('',#1552,#1523,#1554,.T.);
#1552 = VERTEX_POINT('',#1553);
#1553 = CARTESIAN_POINT('',(-6.608803828711,34.370390046574,0.));
#1554 = SURFACE_CURVE('',#1555,(#1560,#1567),.PCURVE_S1.);
#1555 = CIRCLE('',#1556,0.55);
#1556 = AXIS2_PLACEMENT_3D('',#1557,#1558,#1559);
#1557 = CARTESIAN_POINT('',(-6.095051036109,34.566752130728,0.));
#1558 = DIRECTION('',(0.,0.,1.));
#1559 = DIRECTION('',(1.,0.,0.));
#1560 = PCURVE('',#45,#1561);
#1561 = DEFINITIONAL_REPRESENTATION('',(#1562),#1566);
#1562 = CIRCLE('',#1563,0.55);
#1563 = AXIS2_PLACEMENT_2D('',#1564,#1565);
#1564 = CARTESIAN_POINT('',(-6.095051036109,34.566752130728));
#1565 = DIRECTION('',(1.,0.));
#1566 = ( GEOMETRIC_REPRESENTATION_CONTEXT(2) 
PARAMETRIC_REPRESENTATION_CONTEXT() REPRESENTATION_CONTEXT('2D SPACE',''
  ) );
#1567 = PCURVE('',#1568,#1573);
#1568 = CYLINDRICAL_SURFACE('',#1569,0.55);
#1569 = AXIS2_PLACEMENT_3D('',#1570,#1571,#1572);
#1570 = CARTESIAN_POINT('',(-6.095051036109,34.566752130728,0.));
#1571 = DIRECTION('',(-0.,-0.,-1.));
#1572 = DIRECTION('',(1.,0.,0.));
#1573 = DEFINITIONAL_REPRESENTATION('',(#1574),#1578);
#1574 = LINE('',#1575,#1576);
#1575 = CARTESIAN_POINT('',(-0.,0.));
#1576 = VECTOR('',#1577,1.);
#1577 = DIRECTION('',(-1.,0.));
#1578 = ( GEOMETRIC_REPRESENTATION_CONTEXT(2) 
PARAMETRIC_REPRESENTATION_CONTEXT() REPRESENTATION_CONTEXT('2D SPACE',''
  ) );
#1579 = ORIENTED_EDGE('',*,*,#1580,.T.);
#1580 = EDGE_CURVE('',#1552,#1581,#1583,.T.);
#1581 = VERTEX_POINT('',#1582);
#1582 = CARTESIAN_POINT('',(-7.942254350579,34.086956388488,0.));
#1583 = SURFACE_CURVE('',#1584,(#1589,#1596),.PCURVE_S1.);
#1584 = CIRCLE('',#1585,35.);
#1585 = AXIS2_PLACEMENT_3D('',#1586,#1587,#1588);
#1586 = CARTESIAN_POINT('',(0.,0.,0.));
#1587 = DIRECTION('',(0.,0.,1.));
#1588 = DIRECTION('',(1.,0.,0.));
#1589 = PCURVE('',#45,#1590);
#1590 = DEFINITIONAL_REPRESENTATION('',(#1591),#1595);
#1591 = CIRCLE('',#1592,35.);
#1592 = AXIS2_PLACEMENT_2D('',#1593,#1594);
#1593 = CARTESIAN_POINT('',(1.250230978322E-15,-2.32193833596E-15));
#1594 = DIRECTION('',(1.,0.));
#1595 = ( GEOMETRIC_REPRESENTATION_CONTEXT(2) 
PARAMETRIC_REPRESENTATION_CONTEXT() REPRESENTATION_CONTEXT('2D SPACE',''
  ) );
#1596 = PCURVE('',#1597,#1602);
#1597 = CYLINDRICAL_SURFACE('',#1598,35.);
#1598 = AXIS2_PLACEMENT_3D('',#1599,#1600,#1601);
#1599 = CARTESIAN_POINT('',(0.,0.,0.));
#1600 = DIRECTION('',(-0.,-0.,-1.));
#1601 = DIRECTION('',(1.,0.,0.));
#1602 = DEFINITIONAL_REPRESENTATION('',(#1603),#1607);
#1603 = LINE('',#1604,#1605);
#1604 = CARTESIAN_POINT('',(-0.,0.));
#1605 = VECTOR('',#1606,1.);
#1606 = DIRECTION('',(-1.,0.));
#1607 = ( GEOMETRIC_REPRESENTATION_CONTEXT(2) 
PARAMETRIC_REPRESENTATION_CONTEXT() REPRESENTATION_CONTEXT('2D SPACE',''
  ) );
#1608 = ORIENTED_EDGE('',*,*,#1609,.F.);
#1609 = EDGE_CURVE('',#1610,#1581,#1612,.T.);
#1610 = VERTEX_POINT('',#1611);
#1611 = CARTESIAN_POINT('',(-8.990262325601,33.825658653112,0.));
#1612 = SURFACE_CURVE('',#1613,(#1618,#1625),.PCURVE_S1.);
#1613 = CIRCLE('',#1614,0.55);
#1614 = AXIS2_PLACEMENT_3D('',#1615,#1616,#1617);
#1615 = CARTESIAN_POINT('',(-8.491458535548,34.057379992287,0.));
#1616 = DIRECTION('',(0.,0.,1.));
#1617 = DIRECTION('',(-0.906915981914,-0.421311525773,0.));
#1618 = PCURVE('',#45,#1619);
#1619 = DEFINITIONAL_REPRESENTATION('',(#1620),#1624);
#1620 = CIRCLE('',#1621,0.55);
#1621 = AXIS2_PLACEMENT_2D('',#1622,#1623);
#1622 = CARTESIAN_POINT('',(-8.491458535548,34.057379992287));
#1623 = DIRECTION('',(-0.906915981914,-0.421311525773));
#1624 = ( GEOMETRIC_REPRESENTATION_CONTEXT(2) 
PARAMETRIC_REPRESENTATION_CONTEXT() REPRESENTATION_CONTEXT('2D SPACE',''
  ) );
#1625 = PCURVE('',#1626,#1631);
#1626 = CYLINDRICAL_SURFACE('',#1627,0.55);
#1627 = AXIS2_PLACEMENT_3D('',#1628,#1629,#1630);
#1628 = CARTESIAN_POINT('',(-8.491458535548,34.057379992287,0.));
#1629 = DIRECTION('',(-0.,-0.,-1.));
#1630 = DIRECTION('',(1.,0.,0.));
#1631 = DEFINITIONAL_REPRESENTATION('',(#1632),#1636);
#1632 = LINE('',#1633,#1634);
#1633 = CARTESIAN_POINT('',(-3.576483626844,0.));
#1634 = VECTOR('',#1635,1.);
#1635 = DIRECTION('',(-1.,0.));
#1636 = ( GEOMETRIC_REPRESENTATION_CONTEXT(2) 
PARAMETRIC_REPRESENTATION_CONTEXT() REPRESENTATION_CONTEXT('2D SPACE',''
  ) );
#1637 = ORIENTED_EDGE('',*,*,#1638,.T.);
#1638 = EDGE_CURVE('',#1610,#1639,#1641,.T.);
#1639 = VERTEX_POINT('',#1640);
#1640 = CARTESIAN_POINT('',(-10.30069329648,33.449898618855,0.));
#1641 = SURFACE_CURVE('',#1642,(#1647,#1654),.PCURVE_S1.);
#1642 = CIRCLE('',#1643,35.);
#1643 = AXIS2_PLACEMENT_3D('',#1644,#1645,#1646);
#1644 = CARTESIAN_POINT('',(0.,0.,0.));
#1645 = DIRECTION('',(0.,0.,1.));
#1646 = DIRECTION('',(1.,0.,0.));
#1647 = PCURVE('',#45,#1648);
#1648 = DEFINITIONAL_REPRESENTATION('',(#1649),#1653);
#1649 = CIRCLE('',#1650,35.);
#1650 = AXIS2_PLACEMENT_2D('',#1651,#1652);
#1651 = CARTESIAN_POINT('',(1.250230978322E-15,-2.32193833596E-15));
#1652 = DIRECTION('',(1.,0.));
#1653 = ( GEOMETRIC_REPRESENTATION_CONTEXT(2) 
PARAMETRIC_REPRESENTATION_CONTEXT() REPRESENTATION_CONTEXT('2D SPACE',''
  ) );
#1654 = PCURVE('',#1655,#1660);
#1655 = CYLINDRICAL_SURFACE('',#1656,35.);
#1656 = AXIS2_PLACEMENT_3D('',#1657,#1658,#1659);
#1657 = CARTESIAN_POINT('',(0.,0.,0.));
#1658 = DIRECTION('',(-0.,-0.,-1.));
#1659 = DIRECTION('',(1.,0.,0.));
#1660 = DEFINITIONAL_REPRESENTATION('',(#1661),#1665);
#1661 = LINE('',#1662,#1663);
#1662 = CARTESIAN_POINT('',(-0.,0.));
#1663 = VECTOR('',#1664,1.);
#1664 = DIRECTION('',(-1.,0.));
#1665 = ( GEOMETRIC_REPRESENTATION_CONTEXT(2) 
PARAMETRIC_REPRESENTATION_CONTEXT() REPRESENTATION_CONTEXT('2D SPACE',''
  ) );
#1666 = ORIENTED_EDGE('',*,*,#1667,.F.);
#1667 = EDGE_CURVE('',#1668,#1639,#1670,.T.);
#1668 = VERTEX_POINT('',#1669);
#1669 = CARTESIAN_POINT('',(-11.32792116813,33.116132050837,0.));
#1670 = SURFACE_CURVE('',#1671,(#1676,#1683),.PCURVE_S1.);
#1671 = CIRCLE('',#1672,0.55);
#1672 = AXIS2_PLACEMENT_3D('',#1673,#1674,#1675);
#1673 = CARTESIAN_POINT('',(-10.84649650256,33.38208372196,0.));
#1674 = DIRECTION('',(0.,0.,1.));
#1675 = DIRECTION('',(-0.875317573778,-0.483548492952,0.));
#1676 = PCURVE('',#45,#1677);
#1677 = DEFINITIONAL_REPRESENTATION('',(#1678),#1682);
#1678 = CIRCLE('',#1679,0.55);
#1679 = AXIS2_PLACEMENT_2D('',#1680,#1681);
#1680 = CARTESIAN_POINT('',(-10.84649650256,33.38208372196));
#1681 = DIRECTION('',(-0.875317573778,-0.483548492952));
#1682 = ( GEOMETRIC_REPRESENTATION_CONTEXT(2) 
PARAMETRIC_REPRESENTATION_CONTEXT() REPRESENTATION_CONTEXT('2D SPACE',''
  ) );
#1683 = PCURVE('',#1684,#1689);
#1684 = CYLINDRICAL_SURFACE('',#1685,0.55);
#1685 = AXIS2_PLACEMENT_3D('',#1686,#1687,#1688);
#1686 = CARTESIAN_POINT('',(-10.84649650256,33.38208372196,0.));
#1687 = DIRECTION('',(-0.,-0.,-1.));
#1688 = DIRECTION('',(1.,0.,0.));
#1689 = DEFINITIONAL_REPRESENTATION('',(#1690),#1694);
#1690 = LINE('',#1691,#1692);
#1691 = CARTESIAN_POINT('',(-3.646296796924,0.));
#1692 = VECTOR('',#1693,1.);
#1693 = DIRECTION('',(-1.,0.));
#1694 = ( GEOMETRIC_REPRESENTATION_CONTEXT(2) 
PARAMETRIC_REPRESENTATION_CONTEXT() REPRESENTATION_CONTEXT('2D SPACE',''
  ) );
#1695 = ORIENTED_EDGE('',*,*,#1696,.T.);
#1696 = EDGE_CURVE('',#1668,#1697,#1699,.T.);
#1697 = VERTEX_POINT('',#1698);
#1698 = CARTESIAN_POINT('',(-12.60894830007,32.649876305523,0.));
#1699 = SURFACE_CURVE('',#1700,(#1705,#1712),.PCURVE_S1.);
#1700 = CIRCLE('',#1701,35.);
#1701 = AXIS2_PLACEMENT_3D('',#1702,#1703,#1704);
#1702 = CARTESIAN_POINT('',(0.,0.,0.));
#1703 = DIRECTION('',(0.,0.,1.));
#1704 = DIRECTION('',(1.,0.,0.));
#1705 = PCURVE('',#45,#1706);
#1706 = DEFINITIONAL_REPRESENTATION('',(#1707),#1711);
#1707 = CIRCLE('',#1708,35.);
#1708 = AXIS2_PLACEMENT_2D('',#1709,#1710);
#1709 = CARTESIAN_POINT('',(1.250230978322E-15,-2.32193833596E-15));
#1710 = DIRECTION('',(1.,0.));
#1711 = ( GEOMETRIC_REPRESENTATION_CONTEXT(2) 
PARAMETRIC_REPRESENTATION_CONTEXT() REPRESENTATION_CONTEXT('2D SPACE',''
  ) );
#1712 = PCURVE('',#1713,#1718);
#1713 = CYLINDRICAL_SURFACE('',#1714,35.);
#1714 = AXIS2_PLACEMENT_3D('',#1715,#1716,#1717);
#1715 = CARTESIAN_POINT('',(0.,0.,0.));
#1716 = DIRECTION('',(-0.,-0.,-1.));
#1717 = DIRECTION('',(1.,0.,0.));
#1718 = DEFINITIONAL_REPRESENTATION('',(#1719),#1723);
#1719 = LINE('',#1720,#1721);
#1720 = CARTESIAN_POINT('',(-0.,0.));
#1721 = VECTOR('',#1722,1.);
#1722 = DIRECTION('',(-1.,0.));
#1723 = ( GEOMETRIC_REPRESENTATION_CONTEXT(2) 
PARAMETRIC_REPRESENTATION_CONTEXT() REPRESENTATION_CONTEXT('2D SPACE',''
  ) );
#1724 = ORIENTED_EDGE('',*,*,#1725,.F.);
#1725 = EDGE_CURVE('',#1726,#1697,#1728,.T.);
#1726 = VERTEX_POINT('',#1727);
#1727 = CARTESIAN_POINT('',(-13.61039151742,32.245266982031,0.));
#1728 = SURFACE_CURVE('',#1729,(#1734,#1741),.PCURVE_S1.);
#1729 = CIRCLE('',#1730,0.55);
#1730 = AXIS2_PLACEMENT_3D('',#1731,#1732,#1733);
#1731 = CARTESIAN_POINT('',(-13.14869142889,32.544153295294,0.));
#1732 = DIRECTION('',(0.,0.,1.));
#1733 = DIRECTION('',(-0.839454706409,-0.543429660479,0.));
#1734 = PCURVE('',#45,#1735);
#1735 = DEFINITIONAL_REPRESENTATION('',(#1736),#1740);
#1736 = CIRCLE('',#1737,0.55);
#1737 = AXIS2_PLACEMENT_2D('',#1738,#1739);
#1738 = CARTESIAN_POINT('',(-13.14869142889,32.544153295294));
#1739 = DIRECTION('',(-0.839454706409,-0.543429660479));
#1740 = ( GEOMETRIC_REPRESENTATION_CONTEXT(2) 
PARAMETRIC_REPRESENTATION_CONTEXT() REPRESENTATION_CONTEXT('2D SPACE',''
  ) );
#1741 = PCURVE('',#1742,#1747);
#1742 = CYLINDRICAL_SURFACE('',#1743,0.55);
#1743 = AXIS2_PLACEMENT_3D('',#1744,#1745,#1746);
#1744 = CARTESIAN_POINT('',(-13.14869142889,32.544153295294,0.));
#1745 = DIRECTION('',(-0.,-0.,-1.));
#1746 = DIRECTION('',(1.,0.,0.));
#1747 = DEFINITIONAL_REPRESENTATION('',(#1748),#1752);
#1748 = LINE('',#1749,#1750);
#1749 = CARTESIAN_POINT('',(-3.716109967004,0.));
#1750 = VECTOR('',#1751,1.);
#1751 = DIRECTION('',(-1.,0.));
#1752 = ( GEOMETRIC_REPRESENTATION_CONTEXT(2) 
PARAMETRIC_REPRESENTATION_CONTEXT() REPRESENTATION_CONTEXT('2D SPACE',''
  ) );
#1753 = ORIENTED_EDGE('',*,*,#1754,.T.);
#1754 = EDGE_CURVE('',#1726,#1755,#1757,.T.);
#1755 = VERTEX_POINT('',#1756);
#1756 = CARTESIAN_POINT('',(-14.85577377499,31.690787076784,0.));
#1757 = SURFACE_CURVE('',#1758,(#1763,#1770),.PCURVE_S1.);
#1758 = CIRCLE('',#1759,35.);
#1759 = AXIS2_PLACEMENT_3D('',#1760,#1761,#1762);
#1760 = CARTESIAN_POINT('',(0.,0.,0.));
#1761 = DIRECTION('',(0.,0.,1.));
#1762 = DIRECTION('',(1.,0.,0.));
#1763 = PCURVE('',#45,#1764);
#1764 = DEFINITIONAL_REPRESENTATION('',(#1765),#1769);
#1765 = CIRCLE('',#1766,35.);
#1766 = AXIS2_PLACEMENT_2D('',#1767,#1768);
#1767 = CARTESIAN_POINT('',(1.250230978322E-15,-2.32193833596E-15));
#1768 = DIRECTION('',(1.,0.));
#1769 = ( GEOMETRIC_REPRESENTATION_CONTEXT(2) 
PARAMETRIC_REPRESENTATION_CONTEXT() REPRESENTATION_CONTEXT('2D SPACE',''
  ) );
#1770 = PCURVE('',#1771,#1776);
#1771 = CYLINDRICAL_SURFACE('',#1772,35.);
#1772 = AXIS2_PLACEMENT_3D('',#1773,#1774,#1775);
#1773 = CARTESIAN_POINT('',(0.,0.,0.));
#1774 = DIRECTION('',(-0.,-0.,-1.));
#1775 = DIRECTION('',(1.,0.,0.));
#1776 = DEFINITIONAL_REPRESENTATION('',(#1777),#1781);
#1777 = LINE('',#1778,#1779);
#1778 = CARTESIAN_POINT('',(-0.,0.));
#1779 = VECTOR('',#1780,1.);
#1780 = DIRECTION('',(-1.,0.));
#1781 = ( GEOMETRIC_REPRESENTATION_CONTEXT(2) 
PARAMETRIC_REPRESENTATION_CONTEXT() REPRESENTATION_CONTEXT('2D SPACE',''
  ) );
#1782 = ORIENTED_EDGE('',*,*,#1783,.F.);
#1783 = EDGE_CURVE('',#1784,#1755,#1786,.T.);
#1784 = VERTEX_POINT('',#1785);
#1785 = CARTESIAN_POINT('',(-15.82655340734,31.217306213772,0.));
#1786 = SURFACE_CURVE('',#1787,(#1792,#1799),.PCURVE_S1.);
#1787 = CIRCLE('',#1788,0.55);
#1788 = AXIS2_PLACEMENT_3D('',#1789,#1790,#1791);
#1789 = CARTESIAN_POINT('',(-15.38682725229,31.547671025101,0.));
#1790 = DIRECTION('',(0.,0.,1.));
#1791 = DIRECTION('',(-0.799502100092,-0.600663293326,0.));
#1792 = PCURVE('',#45,#1793);
#1793 = DEFINITIONAL_REPRESENTATION('',(#1794),#1798);
#1794 = CIRCLE('',#1795,0.55);
#1795 = AXIS2_PLACEMENT_2D('',#1796,#1797);
#1796 = CARTESIAN_POINT('',(-15.38682725229,31.547671025101));
#1797 = DIRECTION('',(-0.799502100092,-0.600663293326));
#1798 = ( GEOMETRIC_REPRESENTATION_CONTEXT(2) 
PARAMETRIC_REPRESENTATION_CONTEXT() REPRESENTATION_CONTEXT('2D SPACE',''
  ) );
#1799 = PCURVE('',#1800,#1805);
#1800 = CYLINDRICAL_SURFACE('',#1801,0.55);
#1801 = AXIS2_PLACEMENT_3D('',#1802,#1803,#1804);
#1802 = CARTESIAN_POINT('',(-15.38682725229,31.547671025101,0.));
#1803 = DIRECTION('',(-0.,-0.,-1.));
#1804 = DIRECTION('',(1.,0.,0.));
#1805 = DEFINITIONAL_REPRESENTATION('',(#1806),#1810);
#1806 = LINE('',#1807,#1808);
#1807 = CARTESIAN_POINT('',(-3.785923137083,0.));
#1808 = VECTOR('',#1809,1.);
#1809 = DIRECTION('',(-1.,0.));
#1810 = ( GEOMETRIC_REPRESENTATION_CONTEXT(2) 
PARAMETRIC_REPRESENTATION_CONTEXT() REPRESENTATION_CONTEXT('2D SPACE',''
  ) );
#1811 = ORIENTED_EDGE('',*,*,#1812,.T.);
#1812 = EDGE_CURVE('',#1784,#1813,#1815,.T.);
#1813 = VERTEX_POINT('',#1814);
#1814 = CARTESIAN_POINT('',(-17.03022341338,30.577303518954,0.));
#1815 = SURFACE_CURVE('',#1816,(#1821,#1828),.PCURVE_S1.);
#1816 = CIRCLE('',#1817,35.);
#1817 = AXIS2_PLACEMENT_3D('',#1818,#1819,#1820);
#1818 = CARTESIAN_POINT('',(0.,0.,0.));
#1819 = DIRECTION('',(0.,0.,1.));
#1820 = DIRECTION('',(1.,0.,0.));
#1821 = PCURVE('',#45,#1822);
#1822 = DEFINITIONAL_REPRESENTATION('',(#1823),#1827);
#1823 = CIRCLE('',#1824,35.);
#1824 = AXIS2_PLACEMENT_2D('',#1825,#1826);
#1825 = CARTESIAN_POINT('',(1.250230978322E-15,-2.32193833596E-15));
#1826 = DIRECTION('',(1.,0.));
#1827 = ( GEOMETRIC_REPRESENTATION_CONTEXT(2) 
PARAMETRIC_REPRESENTATION_CONTEXT() REPRESENTATION_CONTEXT('2D SPACE',''
  ) );
#1828 = PCURVE('',#1829,#1834);
#1829 = CYLINDRICAL_SURFACE('',#1830,35.);
#1830 = AXIS2_PLACEMENT_3D('',#1831,#1832,#1833);
#1831 = CARTESIAN_POINT('',(0.,0.,0.));
#1832 = DIRECTION('',(-0.,-0.,-1.));
#1833 = DIRECTION('',(1.,0.,0.));
#1834 = DEFINITIONAL_REPRESENTATION('',(#1835),#1839);
#1835 = LINE('',#1836,#1837);
#1836 = CARTESIAN_POINT('',(-0.,0.));
#1837 = VECTOR('',#1838,1.);
#1838 = DIRECTION('',(-1.,0.));
#1839 = ( GEOMETRIC_REPRESENTATION_CONTEXT(2) 
PARAMETRIC_REPRESENTATION_CONTEXT() REPRESENTATION_CONTEXT('2D SPACE',''
  ) );
#1840 = ORIENTED_EDGE('',*,*,#1841,.F.);
#1841 = EDGE_CURVE('',#1842,#1813,#1844,.T.);
#1842 = VERTEX_POINT('',#1843);
#1843 = CARTESIAN_POINT('',(-17.96560991995,30.037257867592,0.));
#1844 = SURFACE_CURVE('',#1845,(#1850,#1857),.PCURVE_S1.);
#1845 = CIRCLE('',#1846,0.55);
#1846 = AXIS2_PLACEMENT_3D('',#1847,#1848,#1849);
#1847 = CARTESIAN_POINT('',(-17.55,30.397491672834,0.));
#1848 = DIRECTION('',(0.,0.,1.));
#1849 = DIRECTION('',(-0.755654399909,-0.654970554986,0.));
#1850 = PCURVE('',#45,#1851);
#1851 = DEFINITIONAL_REPRESENTATION('',(#1852),#1856);
#1852 = CIRCLE('',#1853,0.55);
#1853 = AXIS2_PLACEMENT_2D('',#1854,#1855);
#1854 = CARTESIAN_POINT('',(-17.55,30.397491672834));
#1855 = DIRECTION('',(-0.755654399909,-0.654970554986));
#1856 = ( GEOMETRIC_REPRESENTATION_CONTEXT(2) 
PARAMETRIC_REPRESENTATION_CONTEXT() REPRESENTATION_CONTEXT('2D SPACE',''
  ) );
#1857 = PCURVE('',#1858,#1863);
#1858 = CYLINDRICAL_SURFACE('',#1859,0.55);
#1859 = AXIS2_PLACEMENT_3D('',#1860,#1861,#1862);
#1860 = CARTESIAN_POINT('',(-17.55,30.397491672834,0.));
#1861 = DIRECTION('',(-0.,-0.,-1.));
#1862 = DIRECTION('',(1.,0.,0.));
#1863 = DEFINITIONAL_REPRESENTATION('',(#1864),#1868);
#1864 = LINE('',#1865,#1866);
#1865 = CARTESIAN_POINT('',(-3.855736307163,0.));
#1866 = VECTOR('',#1867,1.);
#1867 = DIRECTION('',(-1.,0.));
#1868 = ( GEOMETRIC_REPRESENTATION_CONTEXT(2) 
PARAMETRIC_REPRESENTATION_CONTEXT() REPRESENTATION_CONTEXT('2D SPACE',''
  ) );
#1869 = ORIENTED_EDGE('',*,*,#1870,.T.);
#1870 = EDGE_CURVE('',#1842,#1871,#1873,.T.);
#1871 = VERTEX_POINT('',#1872);
#1872 = CARTESIAN_POINT('',(-19.12170351517,29.314850412,0.));
#1873 = SURFACE_CURVE('',#1874,(#1879,#1886),.PCURVE_S1.);
#1874 = CIRCLE('',#1875,35.);
#1875 = AXIS2_PLACEMENT_3D('',#1876,#1877,#1878);
#1876 = CARTESIAN_POINT('',(0.,0.,0.));
#1877 = DIRECTION('',(0.,0.,1.));
#1878 = DIRECTION('',(1.,0.,0.));
#1879 = PCURVE('',#45,#1880);
#1880 = DEFINITIONAL_REPRESENTATION('',(#1881),#1885);
#1881 = CIRCLE('',#1882,35.);
#1882 = AXIS2_PLACEMENT_2D('',#1883,#1884);
#1883 = CARTESIAN_POINT('',(1.250230978322E-15,-2.32193833596E-15));
#1884 = DIRECTION('',(1.,0.));
#1885 = ( GEOMETRIC_REPRESENTATION_CONTEXT(2) 
PARAMETRIC_REPRESENTATION_CONTEXT() REPRESENTATION_CONTEXT('2D SPACE',''
  ) );
#1886 = PCURVE('',#1887,#1892);
#1887 = CYLINDRICAL_SURFACE('',#1888,35.);
#1888 = AXIS2_PLACEMENT_3D('',#1889,#1890,#1891);
#1889 = CARTESIAN_POINT('',(0.,0.,0.));
#1890 = DIRECTION('',(-0.,-0.,-1.));
#1891 = DIRECTION('',(1.,0.,0.));
#1892 = DEFINITIONAL_REPRESENTATION('',(#1893),#1897);
#1893 = LINE('',#1894,#1895);
#1894 = CARTESIAN_POINT('',(-0.,0.));
#1895 = VECTOR('',#1896,1.);
#1896 = DIRECTION('',(-1.,0.));
#1897 = ( GEOMETRIC_REPRESENTATION_CONTEXT(2) 
PARAMETRIC_REPRESENTATION_CONTEXT() REPRESENTATION_CONTEXT('2D SPACE',''
  ) );
#1898 = ORIENTED_EDGE('',*,*,#1899,.F.);
#1899 = EDGE_CURVE('',#1900,#1871,#1902,.T.);
#1900 = VERTEX_POINT('',#1901);
#1901 = CARTESIAN_POINT('',(-20.01713978691,28.710871020415,0.));
#1902 = SURFACE_CURVE('',#1903,(#1908,#1915),.PCURVE_S1.);
#1903 = CIRCLE('',#1904,0.55);
#1904 = AXIS2_PLACEMENT_3D('',#1905,#1906,#1907);
#1905 = CARTESIAN_POINT('',(-19.62767091182,29.099218796682,0.));
#1906 = DIRECTION('',(0.,0.,1.));
#1907 = DIRECTION('',(-0.708125227448,-0.706086865939,0.));
#1908 = PCURVE('',#45,#1909);
#1909 = DEFINITIONAL_REPRESENTATION('',(#1910),#1914);
#1910 = CIRCLE('',#1911,0.55);
#1911 = AXIS2_PLACEMENT_2D('',#1912,#1913);
#1912 = CARTESIAN_POINT('',(-19.62767091182,29.099218796682));
#1913 = DIRECTION('',(-0.708125227448,-0.706086865939));
#1914 = ( GEOMETRIC_REPRESENTATION_CONTEXT(2) 
PARAMETRIC_REPRESENTATION_CONTEXT() REPRESENTATION_CONTEXT('2D SPACE',''
  ) );
#1915 = PCURVE('',#1916,#1921);
#1916 = CYLINDRICAL_SURFACE('',#1917,0.55);
#1917 = AXIS2_PLACEMENT_3D('',#1918,#1919,#1920);
#1918 = CARTESIAN_POINT('',(-19.62767091182,29.099218796682,0.));
#1919 = DIRECTION('',(-0.,-0.,-1.));
#1920 = DIRECTION('',(1.,0.,0.));
#1921 = DEFINITIONAL_REPRESENTATION('',(#1922),#1926);
#1922 = LINE('',#1923,#1924);
#1923 = CARTESIAN_POINT('',(-3.925549477243,0.));
#1924 = VECTOR('',#1925,1.);
#1925 = DIRECTION('',(-1.,0.));
#1926 = ( GEOMETRIC_REPRESENTATION_CONTEXT(2) 
PARAMETRIC_REPRESENTATION_CONTEXT() REPRESENTATION_CONTEXT('2D SPACE',''
  ) );
#1927 = ORIENTED_EDGE('',*,*,#1928,.T.);
#1928 = EDGE_CURVE('',#1900,#1929,#1931,.T.);
#1929 = VERTEX_POINT('',#1930);
#1930 = CARTESIAN_POINT('',(-21.12002459953,27.909578300556,0.));
#1931 = SURFACE_CURVE('',#1932,(#1937,#1944),.PCURVE_S1.);
#1932 = CIRCLE('',#1933,35.);
#1933 = AXIS2_PLACEMENT_3D('',#1934,#1935,#1936);
#1934 = CARTESIAN_POINT('',(0.,0.,0.));
#1935 = DIRECTION('',(0.,0.,1.));
#1936 = DIRECTION('',(1.,0.,0.));
#1937 = PCURVE('',#45,#1938);
#1938 = DEFINITIONAL_REPRESENTATION('',(#1939),#1943);
#1939 = CIRCLE('',#1940,35.);
#1940 = AXIS2_PLACEMENT_2D('',#1941,#1942);
#1941 = CARTESIAN_POINT('',(1.250230978322E-15,-2.32193833596E-15));
#1942 = DIRECTION('',(1.,0.));
#1943 = ( GEOMETRIC_REPRESENTATION_CONTEXT(2) 
PARAMETRIC_REPRESENTATION_CONTEXT() REPRESENTATION_CONTEXT('2D SPACE',''
  ) );
#1944 = PCURVE('',#1945,#1950);
#1945 = CYLINDRICAL_SURFACE('',#1946,35.);
#1946 = AXIS2_PLACEMENT_3D('',#1947,#1948,#1949);
#1947 = CARTESIAN_POINT('',(0.,0.,0.));
#1948 = DIRECTION('',(-0.,-0.,-1.));
#1949 = DIRECTION('',(1.,0.,0.));
#1950 = DEFINITIONAL_REPRESENTATION('',(#1951),#1955);
#1951 = LINE('',#1952,#1953);
#1952 = CARTESIAN_POINT('',(-0.,0.));
#1953 = VECTOR('',#1954,1.);
#1954 = DIRECTION('',(-1.,0.));
#1955 = ( GEOMETRIC_REPRESENTATION_CONTEXT(2) 
PARAMETRIC_REPRESENTATION_CONTEXT() REPRESENTATION_CONTEXT('2D SPACE',''
  ) );
#1956 = ORIENTED_EDGE('',*,*,#1957,.F.);
#1957 = EDGE_CURVE('',#1958,#1929,#1960,.T.);
#1958 = VERTEX_POINT('',#1959);
#1959 = CARTESIAN_POINT('',(-21.97114816096,27.244607695634,0.));
#1960 = SURFACE_CURVE('',#1961,(#1966,#1973),.PCURVE_S1.);
#1961 = CIRCLE('',#1962,0.55);
#1962 = AXIS2_PLACEMENT_3D('',#1963,#1964,#1965);
#1963 = CARTESIAN_POINT('',(-21.60971778393,27.659177451596,0.));
#1964 = DIRECTION('',(0.,0.,1.));
#1965 = DIRECTION('',(-0.657146140059,-0.753763192658,0.));
#1966 = PCURVE('',#45,#1967);
#1967 = DEFINITIONAL_REPRESENTATION('',(#1968),#1972);
#1968 = CIRCLE('',#1969,0.55);
#1969 = AXIS2_PLACEMENT_2D('',#1970,#1971);
#1970 = CARTESIAN_POINT('',(-21.60971778393,27.659177451596));
#1971 = DIRECTION('',(-0.657146140059,-0.753763192658));
#1972 = ( GEOMETRIC_REPRESENTATION_CONTEXT(2) 
PARAMETRIC_REPRESENTATION_CONTEXT() REPRESENTATION_CONTEXT('2D SPACE',''
  ) );
#1973 = PCURVE('',#1974,#1979);
#1974 = CYLINDRICAL_SURFACE('',#1975,0.55);
#1975 = AXIS2_PLACEMENT_3D('',#1976,#1977,#1978);
#1976 = CARTESIAN_POINT('',(-21.60971778393,27.659177451596,0.));
#1977 = DIRECTION('',(-0.,-0.,-1.));
#1978 = DIRECTION('',(1.,0.,0.));
#1979 = DEFINITIONAL_REPRESENTATION('',(#1980),#1984);
#1980 = LINE('',#1981,#1982);
#1981 = CARTESIAN_POINT('',(-3.995362647323,0.));
#1982 = VECTOR('',#1983,1.);
#1983 = DIRECTION('',(-1.,0.));
#1984 = ( GEOMETRIC_REPRESENTATION_CONTEXT(2) 
PARAMETRIC_REPRESENTATION_CONTEXT() REPRESENTATION_CONTEXT('2D SPACE',''
  ) );
#1985 = ORIENTED_EDGE('',*,*,#1986,.T.);
#1986 = EDGE_CURVE('',#1958,#1987,#1989,.T.);
#1987 = VERTEX_POINT('',#1988);
#1988 = CARTESIAN_POINT('',(-23.01545104703,26.368333529094,0.));
#1989 = SURFACE_CURVE('',#1990,(#1995,#2002),.PCURVE_S1.);
#1990 = CIRCLE('',#1991,35.);
#1991 = AXIS2_PLACEMENT_3D('',#1992,#1993,#1994);
#1992 = CARTESIAN_POINT('',(0.,0.,0.));
#1993 = DIRECTION('',(0.,0.,1.));
#1994 = DIRECTION('',(1.,0.,0.));
#1995 = PCURVE('',#45,#1996);
#1996 = DEFINITIONAL_REPRESENTATION('',(#1997),#2001);
#1997 = CIRCLE('',#1998,35.);
#1998 = AXIS2_PLACEMENT_2D('',#1999,#2000);
#1999 = CARTESIAN_POINT('',(1.250230978322E-15,-2.32193833596E-15));
#2000 = DIRECTION('',(1.,0.));
#2001 = ( GEOMETRIC_REPRESENTATION_CONTEXT(2) 
PARAMETRIC_REPRESENTATION_CONTEXT() REPRESENTATION_CONTEXT('2D SPACE',''
  ) );
#2002 = PCURVE('',#2003,#2008);
#2003 = CYLINDRICAL_SURFACE('',#2004,35.);
#2004 = AXIS2_PLACEMENT_3D('',#2005,#2006,#2007);
#2005 = CARTESIAN_POINT('',(0.,0.,0.));
#2006 = DIRECTION('',(-0.,-0.,-1.));
#2007 = DIRECTION('',(1.,0.,0.));
#2008 = DEFINITIONAL_REPRESENTATION('',(#2009),#2013);
#2009 = LINE('',#2010,#2011);
#2010 = CARTESIAN_POINT('',(-0.,0.));
#2011 = VECTOR('',#2012,1.);
#2012 = DIRECTION('',(-1.,0.));
#2013 = ( GEOMETRIC_REPRESENTATION_CONTEXT(2) 
PARAMETRIC_REPRESENTATION_CONTEXT() REPRESENTATION_CONTEXT('2D SPACE',''
  ) );
#2014 = ORIENTED_EDGE('',*,*,#2015,.F.);
#2015 = EDGE_CURVE('',#2016,#1987,#2018,.T.);
#2016 = VERTEX_POINT('',#2017);
#2017 = CARTESIAN_POINT('',(-23.81811530969,25.645611380778,0.));
#2018 = SURFACE_CURVE('',#2019,(#2024,#2031),.PCURVE_S1.);
#2019 = CIRCLE('',#2020,0.55);
#2020 = AXIS2_PLACEMENT_3D('',#2021,#2022,#2023);
#2021 = CARTESIAN_POINT('',(-23.48648428319,26.084383374257,0.));
#2022 = DIRECTION('',(0.,0.,1.));
#2023 = DIRECTION('',(-0.602965502732,-0.797767260869,0.));
#2024 = PCURVE('',#45,#2025);
#2025 = DEFINITIONAL_REPRESENTATION('',(#2026),#2030);
#2026 = CIRCLE('',#2027,0.55);
#2027 = AXIS2_PLACEMENT_2D('',#2028,#2029);
#2028 = CARTESIAN_POINT('',(-23.48648428319,26.084383374257));
#2029 = DIRECTION('',(-0.602965502732,-0.797767260869));
#2030 = ( GEOMETRIC_REPRESENTATION_CONTEXT(2) 
PARAMETRIC_REPRESENTATION_CONTEXT() REPRESENTATION_CONTEXT('2D SPACE',''
  ) );
#2031 = PCURVE('',#2032,#2037);
#2032 = CYLINDRICAL_SURFACE('',#2033,0.55);
#2033 = AXIS2_PLACEMENT_3D('',#2034,#2035,#2036);
#2034 = CARTESIAN_POINT('',(-23.48648428319,26.084383374257,0.));
#2035 = DIRECTION('',(-0.,-0.,-1.));
#2036 = DIRECTION('',(1.,0.,0.));
#2037 = DEFINITIONAL_REPRESENTATION('',(#2038),#2042);
#2038 = LINE('',#2039,#2040);
#2039 = CARTESIAN_POINT('',(-4.065175817403,0.));
#2040 = VECTOR('',#2041,1.);
#2041 = DIRECTION('',(-1.,0.));
#2042 = ( GEOMETRIC_REPRESENTATION_CONTEXT(2) 
PARAMETRIC_REPRESENTATION_CONTEXT() REPRESENTATION_CONTEXT('2D SPACE',''
  ) );
#2043 = ORIENTED_EDGE('',*,*,#2044,.T.);
#2044 = EDGE_CURVE('',#2016,#2045,#2047,.T.);
#2045 = VERTEX_POINT('',#2046);
#2046 = CARTESIAN_POINT('',(-24.79874853053,24.698624887213,0.));
#2047 = SURFACE_CURVE('',#2048,(#2053,#2060),.PCURVE_S1.);
#2048 = CIRCLE('',#2049,35.);
#2049 = AXIS2_PLACEMENT_3D('',#2050,#2051,#2052);
#2050 = CARTESIAN_POINT('',(0.,0.,0.));
#2051 = DIRECTION('',(0.,0.,1.));
#2052 = DIRECTION('',(1.,0.,0.));
#2053 = PCURVE('',#45,#2054);
#2054 = DEFINITIONAL_REPRESENTATION('',(#2055),#2059);
#2055 = CIRCLE('',#2056,35.);
#2056 = AXIS2_PLACEMENT_2D('',#2057,#2058);
#2057 = CARTESIAN_POINT('',(1.250230978322E-15,-2.32193833596E-15));
#2058 = DIRECTION('',(1.,0.));
#2059 = ( GEOMETRIC_REPRESENTATION_CONTEXT(2) 
PARAMETRIC_REPRESENTATION_CONTEXT() REPRESENTATION_CONTEXT('2D SPACE',''
  ) );
#2060 = PCURVE('',#2061,#2066);
#2061 = CYLINDRICAL_SURFACE('',#2062,35.);
#2062 = AXIS2_PLACEMENT_3D('',#2063,#2064,#2065);
#2063 = CARTESIAN_POINT('',(0.,0.,0.));
#2064 = DIRECTION('',(-0.,-0.,-1.));
#2065 = DIRECTION('',(1.,0.,0.));
#2066 = DEFINITIONAL_REPRESENTATION('',(#2067),#2071);
#2067 = LINE('',#2068,#2069);
#2068 = CARTESIAN_POINT('',(-0.,0.));
#2069 = VECTOR('',#2070,1.);
#2070 = DIRECTION('',(-1.,0.));
#2071 = ( GEOMETRIC_REPRESENTATION_CONTEXT(2) 
PARAMETRIC_REPRESENTATION_CONTEXT() REPRESENTATION_CONTEXT('2D SPACE',''
  ) );
#2072 = ORIENTED_EDGE('',*,*,#2073,.F.);
#2073 = EDGE_CURVE('',#2074,#2045,#2076,.T.);
#2074 = VERTEX_POINT('',#2075);
#2075 = CARTESIAN_POINT('',(-25.54904299483,23.921672225163,0.));
#2076 = SURFACE_CURVE('',#2077,(#2082,#2089),.PCURVE_S1.);
#2077 = CIRCLE('',#2078,0.55);
#2078 = AXIS2_PLACEMENT_3D('',#2079,#2080,#2081);
#2079 = CARTESIAN_POINT('',(-25.24882699188,24.382508803111,0.));
#2080 = DIRECTION('',(0.,0.,1.));
#2081 = DIRECTION('',(-0.545847278085,-0.837884687178,0.));
#2082 = PCURVE('',#45,#2083);
#2083 = DEFINITIONAL_REPRESENTATION('',(#2084),#2088);
#2084 = CIRCLE('',#2085,0.55);
#2085 = AXIS2_PLACEMENT_2D('',#2086,#2087);
#2086 = CARTESIAN_POINT('',(-25.24882699188,24.382508803111));
#2087 = DIRECTION('',(-0.545847278085,-0.837884687178));
#2088 = ( GEOMETRIC_REPRESENTATION_CONTEXT(2) 
PARAMETRIC_REPRESENTATION_CONTEXT() REPRESENTATION_CONTEXT('2D SPACE',''
  ) );
#2089 = PCURVE('',#2090,#2095);
#2090 = CYLINDRICAL_SURFACE('',#2091,0.55);
#2091 = AXIS2_PLACEMENT_3D('',#2092,#2093,#2094);
#2092 = CARTESIAN_POINT('',(-25.24882699188,24.382508803111,0.));
#2093 = DIRECTION('',(-0.,-0.,-1.));
#2094 = DIRECTION('',(1.,0.,0.));
#2095 = DEFINITIONAL_REPRESENTATION('',(#2096),#2100);
#2096 = LINE('',#2097,#2098);
#2097 = CARTESIAN_POINT('',(-4.134988987482,0.));
#2098 = VECTOR('',#2099,1.);
#2099 = DIRECTION('',(-1.,0.));
#2100 = ( GEOMETRIC_REPRESENTATION_CONTEXT(2) 
PARAMETRIC_REPRESENTATION_CONTEXT() REPRESENTATION_CONTEXT('2D SPACE',''
  ) );
#2101 = ORIENTED_EDGE('',*,*,#2102,.T.);
#2102 = EDGE_CURVE('',#2074,#2103,#2105,.T.);
#2103 = VERTEX_POINT('',#2104);
#2104 = CARTESIAN_POINT('',(-26.46122900395,22.908587027579,0.));
#2105 = SURFACE_CURVE('',#2106,(#2111,#2118),.PCURVE_S1.);
#2106 = CIRCLE('',#2107,35.);
#2107 = AXIS2_PLACEMENT_3D('',#2108,#2109,#2110);
#2108 = CARTESIAN_POINT('',(0.,0.,0.));
#2109 = DIRECTION('',(0.,0.,1.));
#2110 = DIRECTION('',(1.,0.,0.));
#2111 = PCURVE('',#45,#2112);
#2112 = DEFINITIONAL_REPRESENTATION('',(#2113),#2117);
#2113 = CIRCLE('',#2114,35.);
#2114 = AXIS2_PLACEMENT_2D('',#2115,#2116);
#2115 = CARTESIAN_POINT('',(1.250230978322E-15,-2.32193833596E-15));
#2116 = DIRECTION('',(1.,0.));
#2117 = ( GEOMETRIC_REPRESENTATION_CONTEXT(2) 
PARAMETRIC_REPRESENTATION_CONTEXT() REPRESENTATION_CONTEXT('2D SPACE',''
  ) );
#2118 = PCURVE('',#2119,#2124);
#2119 = CYLINDRICAL_SURFACE('',#2120,35.);
#2120 = AXIS2_PLACEMENT_3D('',#2121,#2122,#2123);
#2121 = CARTESIAN_POINT('',(0.,0.,0.));
#2122 = DIRECTION('',(-0.,-0.,-1.));
#2123 = DIRECTION('',(1.,0.,0.));
#2124 = DEFINITIONAL_REPRESENTATION('',(#2125),#2129);
#2125 = LINE('',#2126,#2127);
#2126 = CARTESIAN_POINT('',(-0.,0.));
#2127 = VECTOR('',#2128,1.);
#2128 = DIRECTION('',(-1.,0.));
#2129 = ( GEOMETRIC_REPRESENTATION_CONTEXT(2) 
PARAMETRIC_REPRESENTATION_CONTEXT() REPRESENTATION_CONTEXT('2D SPACE',''
  ) );
#2130 = ORIENTED_EDGE('',*,*,#2131,.F.);
#2131 = EDGE_CURVE('',#2132,#2103,#2134,.T.);
#2132 = VERTEX_POINT('',#2133);
#2133 = CARTESIAN_POINT('',(-27.15549831067,22.081189087065,0.));
#2134 = SURFACE_CURVE('',#2135,(#2140,#2147),.PCURVE_S1.);
#2135 = CIRCLE('',#2136,0.55);
#2136 = AXIS2_PLACEMENT_3D('',#2137,#2138,#2139);
#2137 = CARTESIAN_POINT('',(-26.88815995347,22.561845099998,0.));
#2138 = DIRECTION('',(0.,0.,1.));
#2139 = DIRECTION('',(-0.486069740369,-0.873920023514,0.));
#2140 = PCURVE('',#45,#2141);
#2141 = DEFINITIONAL_REPRESENTATION('',(#2142),#2146);
#2142 = CIRCLE('',#2143,0.55);
#2143 = AXIS2_PLACEMENT_2D('',#2144,#2145);
#2144 = CARTESIAN_POINT('',(-26.88815995347,22.561845099998));
#2145 = DIRECTION('',(-0.486069740369,-0.873920023514));
#2146 = ( GEOMETRIC_REPRESENTATION_CONTEXT(2) 
PARAMETRIC_REPRESENTATION_CONTEXT() REPRESENTATION_CONTEXT('2D SPACE',''
  ) );
#2147 = PCURVE('',#2148,#2153);
#2148 = CYLINDRICAL_SURFACE('',#2149,0.55);
#2149 = AXIS2_PLACEMENT_3D('',#2150,#2151,#2152);
#2150 = CARTESIAN_POINT('',(-26.88815995347,22.561845099998,0.));
#2151 = DIRECTION('',(-0.,-0.,-1.));
#2152 = DIRECTION('',(1.,0.,0.));
#2153 = DEFINITIONAL_REPRESENTATION('',(#2154),#2158);
#2154 = LINE('',#2155,#2156);
#2155 = CARTESIAN_POINT('',(-4.204802157562,0.));
#2156 = VECTOR('',#2157,1.);
#2157 = DIRECTION('',(-1.,0.));
#2158 = ( GEOMETRIC_REPRESENTATION_CONTEXT(2) 
PARAMETRIC_REPRESENTATION_CONTEXT() REPRESENTATION_CONTEXT('2D SPACE',''
  ) );
#2159 = ORIENTED_EDGE('',*,*,#2160,.T.);
#2160 = EDGE_CURVE('',#2132,#2161,#2163,.T.);
#2161 = VERTEX_POINT('',#2162);
#2162 = CARTESIAN_POINT('',(-27.99479302954,21.006940834709,0.));
#2163 = SURFACE_CURVE('',#2164,(#2169,#2176),.PCURVE_S1.);
#2164 = CIRCLE('',#2165,35.);
#2165 = AXIS2_PLACEMENT_3D('',#2166,#2167,#2168);
#2166 = CARTESIAN_POINT('',(0.,0.,0.));
#2167 = DIRECTION('',(0.,0.,1.));
#2168 = DIRECTION('',(1.,0.,0.));
#2169 = PCURVE('',#45,#2170);
#2170 = DEFINITIONAL_REPRESENTATION('',(#2171),#2175);
#2171 = CIRCLE('',#2172,35.);
#2172 = AXIS2_PLACEMENT_2D('',#2173,#2174);
#2173 = CARTESIAN_POINT('',(1.250230978322E-15,-2.32193833596E-15));
#2174 = DIRECTION('',(1.,0.));
#2175 = ( GEOMETRIC_REPRESENTATION_CONTEXT(2) 
PARAMETRIC_REPRESENTATION_CONTEXT() REPRESENTATION_CONTEXT('2D SPACE',''
  ) );
#2176 = PCURVE('',#2177,#2182);
#2177 = CYLINDRICAL_SURFACE('',#2178,35.);
#2178 = AXIS2_PLACEMENT_3D('',#2179,#2180,#2181);
#2179 = CARTESIAN_POINT('',(0.,0.,0.));
#2180 = DIRECTION('',(-0.,-0.,-1.));
#2181 = DIRECTION('',(1.,0.,0.));
#2182 = DEFINITIONAL_REPRESENTATION('',(#2183),#2187);
#2183 = LINE('',#2184,#2185);
#2184 = CARTESIAN_POINT('',(-0.,0.));
#2185 = VECTOR('',#2186,1.);
#2186 = DIRECTION('',(-1.,0.));
#2187 = ( GEOMETRIC_REPRESENTATION_CONTEXT(2) 
PARAMETRIC_REPRESENTATION_CONTEXT() REPRESENTATION_CONTEXT('2D SPACE',''
  ) );
#2188 = ORIENTED_EDGE('',*,*,#2189,.F.);
#2189 = EDGE_CURVE('',#2190,#2161,#2192,.T.);
#2190 = VERTEX_POINT('',#2191);
#2191 = CARTESIAN_POINT('',(-28.62965476841,20.133128615328,0.));
#2192 = SURFACE_CURVE('',#2193,(#2198,#2205),.PCURVE_S1.);
#2193 = CIRCLE('',#2194,0.55);
#2194 = AXIS2_PLACEMENT_3D('',#2195,#2196,#2197);
#2195 = CARTESIAN_POINT('',(-28.39649650256,20.631262355466,0.));
#2196 = DIRECTION('',(0.,0.,1.));
#2197 = DIRECTION('',(-0.423924119736,-0.905697709341,0.));
#2198 = PCURVE('',#45,#2199);
#2199 = DEFINITIONAL_REPRESENTATION('',(#2200),#2204);
#2200 = CIRCLE('',#2201,0.55);
#2201 = AXIS2_PLACEMENT_2D('',#2202,#2203);
#2202 = CARTESIAN_POINT('',(-28.39649650256,20.631262355466));
#2203 = DIRECTION('',(-0.423924119736,-0.905697709341));
#2204 = ( GEOMETRIC_REPRESENTATION_CONTEXT(2) 
PARAMETRIC_REPRESENTATION_CONTEXT() REPRESENTATION_CONTEXT('2D SPACE',''
  ) );
#2205 = PCURVE('',#2206,#2211);
#2206 = CYLINDRICAL_SURFACE('',#2207,0.55);
#2207 = AXIS2_PLACEMENT_3D('',#2208,#2209,#2210);
#2208 = CARTESIAN_POINT('',(-28.39649650256,20.631262355466,0.));
#2209 = DIRECTION('',(-0.,-0.,-1.));
#2210 = DIRECTION('',(1.,0.,0.));
#2211 = DEFINITIONAL_REPRESENTATION('',(#2212),#2216);
#2212 = LINE('',#2213,#2214);
#2213 = CARTESIAN_POINT('',(-4.274615327642,0.));
#2214 = VECTOR('',#2215,1.);
#2215 = DIRECTION('',(-1.,0.));
#2216 = ( GEOMETRIC_REPRESENTATION_CONTEXT(2) 
PARAMETRIC_REPRESENTATION_CONTEXT() REPRESENTATION_CONTEXT('2D SPACE',''
  ) );
#2217 = ORIENTED_EDGE('',*,*,#2218,.T.);
#2218 = EDGE_CURVE('',#2190,#2219,#2221,.T.);
#2219 = VERTEX_POINT('',#2220);
#2220 = CARTESIAN_POINT('',(-29.39196923751,19.002950937703,0.));
#2221 = SURFACE_CURVE('',#2222,(#2227,#2234),.PCURVE_S1.);
#2222 = CIRCLE('',#2223,35.);
#2223 = AXIS2_PLACEMENT_3D('',#2224,#2225,#2226);
#2224 = CARTESIAN_POINT('',(0.,0.,0.));
#2225 = DIRECTION('',(0.,0.,1.));
#2226 = DIRECTION('',(1.,0.,0.));
#2227 = PCURVE('',#45,#2228);
#2228 = DEFINITIONAL_REPRESENTATION('',(#2229),#2233);
#2229 = CIRCLE('',#2230,35.);
#2230 = AXIS2_PLACEMENT_2D('',#2231,#2232);
#2231 = CARTESIAN_POINT('',(1.250230978322E-15,-2.32193833596E-15));
#2232 = DIRECTION('',(1.,0.));
#2233 = ( GEOMETRIC_REPRESENTATION_CONTEXT(2) 
PARAMETRIC_REPRESENTATION_CONTEXT() REPRESENTATION_CONTEXT('2D SPACE',''
  ) );
#2234 = PCURVE('',#2235,#2240);
#2235 = CYLINDRICAL_SURFACE('',#2236,35.);
#2236 = AXIS2_PLACEMENT_3D('',#2237,#2238,#2239);
#2237 = CARTESIAN_POINT('',(0.,0.,0.));
#2238 = DIRECTION('',(-0.,-0.,-1.));
#2239 = DIRECTION('',(1.,0.,0.));
#2240 = DEFINITIONAL_REPRESENTATION('',(#2241),#2245);
#2241 = LINE('',#2242,#2243);
#2242 = CARTESIAN_POINT('',(-0.,0.));
#2243 = VECTOR('',#2244,1.);
#2244 = DIRECTION('',(-1.,0.));
#2245 = ( GEOMETRIC_REPRESENTATION_CONTEXT(2) 
PARAMETRIC_REPRESENTATION_CONTEXT() REPRESENTATION_CONTEXT('2D SPACE',''
  ) );
#2246 = ORIENTED_EDGE('',*,*,#2247,.F.);
#2247 = EDGE_CURVE('',#2248,#2219,#2250,.T.);
#2248 = VERTEX_POINT('',#2249);
#2249 = CARTESIAN_POINT('',(-29.96433042596,18.086981564752,0.));
#2250 = SURFACE_CURVE('',#2251,(#2256,#2263),.PCURVE_S1.);
#2251 = CIRCLE('',#2252,0.55);
#2252 = AXIS2_PLACEMENT_3D('',#2253,#2254,#2255);
#2253 = CARTESIAN_POINT('',(-29.76648817509,18.600166174585,0.));
#2254 = DIRECTION('',(0.,0.,1.));
#2255 = DIRECTION('',(-0.359713183405,-0.933062926969,0.));
#2256 = PCURVE('',#45,#2257);
#2257 = DEFINITIONAL_REPRESENTATION('',(#2258),#2262);
#2258 = CIRCLE('',#2259,0.55);
#2259 = AXIS2_PLACEMENT_2D('',#2260,#2261);
#2260 = CARTESIAN_POINT('',(-29.76648817509,18.600166174585));
#2261 = DIRECTION('',(-0.359713183405,-0.933062926969));
#2262 = ( GEOMETRIC_REPRESENTATION_CONTEXT(2) 
PARAMETRIC_REPRESENTATION_CONTEXT() REPRESENTATION_CONTEXT('2D SPACE',''
  ) );
#2263 = PCURVE('',#2264,#2269);
#2264 = CYLINDRICAL_SURFACE('',#2265,0.55);
#2265 = AXIS2_PLACEMENT_3D('',#2266,#2267,#2268);
#2266 = CARTESIAN_POINT('',(-29.76648817509,18.600166174585,0.));
#2267 = DIRECTION('',(-0.,-0.,-1.));
#2268 = DIRECTION('',(1.,0.,0.));
#2269 = DEFINITIONAL_REPRESENTATION('',(#2270),#2274);
#2270 = LINE('',#2271,#2272);
#2271 = CARTESIAN_POINT('',(-4.344428497722,0.));
#2272 = VECTOR('',#2273,1.);
#2273 = DIRECTION('',(-1.,0.));
#2274 = ( GEOMETRIC_REPRESENTATION_CONTEXT(2) 
PARAMETRIC_REPRESENTATION_CONTEXT() REPRESENTATION_CONTEXT('2D SPACE',''
  ) );
#2275 = ORIENTED_EDGE('',*,*,#2276,.T.);
#2276 = EDGE_CURVE('',#2248,#2277,#2279,.T.);
#2277 = VERTEX_POINT('',#2278);
#2278 = CARTESIAN_POINT('',(-30.64595072583,16.906380573899,0.));
#2279 = SURFACE_CURVE('',#2280,(#2285,#2292),.PCURVE_S1.);
#2280 = CIRCLE('',#2281,35.);
#2281 = AXIS2_PLACEMENT_3D('',#2282,#2283,#2284);
#2282 = CARTESIAN_POINT('',(0.,0.,0.));
#2283 = DIRECTION('',(0.,0.,1.));
#2284 = DIRECTION('',(1.,0.,0.));
#2285 = PCURVE('',#45,#2286);
#2286 = DEFINITIONAL_REPRESENTATION('',(#2287),#2291);
#2287 = CIRCLE('',#2288,35.);
#2288 = AXIS2_PLACEMENT_2D('',#2289,#2290);
#2289 = CARTESIAN_POINT('',(1.250230978322E-15,-2.32193833596E-15));
#2290 = DIRECTION('',(1.,0.));
#2291 = ( GEOMETRIC_REPRESENTATION_CONTEXT(2) 
PARAMETRIC_REPRESENTATION_CONTEXT() REPRESENTATION_CONTEXT('2D SPACE',''
  ) );
#2292 = PCURVE('',#2293,#2298);
#2293 = CYLINDRICAL_SURFACE('',#2294,35.);
#2294 = AXIS2_PLACEMENT_3D('',#2295,#2296,#2297);
#2295 = CARTESIAN_POINT('',(0.,0.,0.));
#2296 = DIRECTION('',(-0.,-0.,-1.));
#2297 = DIRECTION('',(1.,0.,0.));
#2298 = DEFINITIONAL_REPRESENTATION('',(#2299),#2303);
#2299 = LINE('',#2300,#2301);
#2300 = CARTESIAN_POINT('',(-0.,0.));
#2301 = VECTOR('',#2302,1.);
#2302 = DIRECTION('',(-1.,0.));
#2303 = ( GEOMETRIC_REPRESENTATION_CONTEXT(2) 
PARAMETRIC_REPRESENTATION_CONTEXT() REPRESENTATION_CONTEXT('2D SPACE',''
  ) );
#2304 = ORIENTED_EDGE('',*,*,#2305,.F.);
#2305 = EDGE_CURVE('',#2306,#2277,#2308,.T.);
#2306 = VERTEX_POINT('',#2307);
#2307 = CARTESIAN_POINT('',(-31.15302287768,15.95271655809,0.));
#2308 = SURFACE_CURVE('',#2309,(#2314,#2321),.PCURVE_S1.);
#2309 = CIRCLE('',#2310,0.55);
#2310 = AXIS2_PLACEMENT_3D('',#2311,#2312,#2313);
#2311 = CARTESIAN_POINT('',(-30.99146050934,16.478451853785,0.));
#2312 = DIRECTION('',(0.,0.,1.));
#2313 = DIRECTION('',(-0.293749760603,-0.955882355808,0.));
#2314 = PCURVE('',#45,#2315);
#2315 = DEFINITIONAL_REPRESENTATION('',(#2316),#2320);
#2316 = CIRCLE('',#2317,0.55);
#2317 = AXIS2_PLACEMENT_2D('',#2318,#2319);
#2318 = CARTESIAN_POINT('',(-30.99146050934,16.478451853785));
#2319 = DIRECTION('',(-0.293749760603,-0.955882355808));
#2320 = ( GEOMETRIC_REPRESENTATION_CONTEXT(2) 
PARAMETRIC_REPRESENTATION_CONTEXT() REPRESENTATION_CONTEXT('2D SPACE',''
  ) );
#2321 = PCURVE('',#2322,#2327);
#2322 = CYLINDRICAL_SURFACE('',#2323,0.55);
#2323 = AXIS2_PLACEMENT_3D('',#2324,#2325,#2326);
#2324 = CARTESIAN_POINT('',(-30.99146050934,16.478451853785,0.));
#2325 = DIRECTION('',(-0.,-0.,-1.));
#2326 = DIRECTION('',(1.,0.,0.));
#2327 = DEFINITIONAL_REPRESENTATION('',(#2328),#2332);
#2328 = LINE('',#2329,#2330);
#2329 = CARTESIAN_POINT('',(-4.414241667801,0.));
#2330 = VECTOR('',#2331,1.);
#2331 = DIRECTION('',(-1.,0.));
#2332 = ( GEOMETRIC_REPRESENTATION_CONTEXT(2) 
PARAMETRIC_REPRESENTATION_CONTEXT() REPRESENTATION_CONTEXT('2D SPACE',''
  ) );
#2333 = ORIENTED_EDGE('',*,*,#2334,.T.);
#2334 = EDGE_CURVE('',#2306,#2335,#2337,.T.);
#2335 = VERTEX_POINT('',#2336);
#2336 = CARTESIAN_POINT('',(-31.75062822274,14.727444023362,0.));
#2337 = SURFACE_CURVE('',#2338,(#2343,#2350),.PCURVE_S1.);
#2338 = CIRCLE('',#2339,35.);
#2339 = AXIS2_PLACEMENT_3D('',#2340,#2341,#2342);
#2340 = CARTESIAN_POINT('',(0.,0.,0.));
#2341 = DIRECTION('',(0.,0.,1.));
#2342 = DIRECTION('',(1.,0.,0.));
#2343 = PCURVE('',#45,#2344);
#2344 = DEFINITIONAL_REPRESENTATION('',(#2345),#2349);
#2345 = CIRCLE('',#2346,35.);
#2346 = AXIS2_PLACEMENT_2D('',#2347,#2348);
#2347 = CARTESIAN_POINT('',(1.250230978322E-15,-2.32193833596E-15));
#2348 = DIRECTION('',(1.,0.));
#2349 = ( GEOMETRIC_REPRESENTATION_CONTEXT(2) 
PARAMETRIC_REPRESENTATION_CONTEXT() REPRESENTATION_CONTEXT('2D SPACE',''
  ) );
#2350 = PCURVE('',#2351,#2356);
#2351 = CYLINDRICAL_SURFACE('',#2352,35.);
#2352 = AXIS2_PLACEMENT_3D('',#2353,#2354,#2355);
#2353 = CARTESIAN_POINT('',(0.,0.,0.));
#2354 = DIRECTION('',(-0.,-0.,-1.));
#2355 = DIRECTION('',(1.,0.,0.));
#2356 = DEFINITIONAL_REPRESENTATION('',(#2357),#2361);
#2357 = LINE('',#2358,#2359);
#2358 = CARTESIAN_POINT('',(-0.,0.));
#2359 = VECTOR('',#2360,1.);
#2360 = DIRECTION('',(-1.,0.));
#2361 = ( GEOMETRIC_REPRESENTATION_CONTEXT(2) 
PARAMETRIC_REPRESENTATION_CONTEXT() REPRESENTATION_CONTEXT('2D SPACE',''
  ) );
#2362 = ORIENTED_EDGE('',*,*,#2363,.F.);
#2363 = EDGE_CURVE('',#2364,#2335,#2366,.T.);
#2364 = VERTEX_POINT('',#2365);
#2365 = CARTESIAN_POINT('',(-32.18994093342,13.740731519918,0.));
#2366 = SURFACE_CURVE('',#2367,(#2372,#2379),.PCURVE_S1.);
#2367 = CIRCLE('',#2368,0.55);
#2368 = AXIS2_PLACEMENT_3D('',#2369,#2370,#2371);
#2369 = CARTESIAN_POINT('',(-32.06544556325,14.276456171961,0.));
#2370 = DIRECTION('',(0.,0.,1.));
#2371 = DIRECTION('',(-0.226355218494,-0.974044821895,0.));
#2372 = PCURVE('',#45,#2373);
#2373 = DEFINITIONAL_REPRESENTATION('',(#2374),#2378);
#2374 = CIRCLE('',#2375,0.55);
#2375 = AXIS2_PLACEMENT_2D('',#2376,#2377);
#2376 = CARTESIAN_POINT('',(-32.06544556325,14.276456171961));
#2377 = DIRECTION('',(-0.226355218494,-0.974044821895));
#2378 = ( GEOMETRIC_REPRESENTATION_CONTEXT(2) 
PARAMETRIC_REPRESENTATION_CONTEXT() REPRESENTATION_CONTEXT('2D SPACE',''
  ) );
#2379 = PCURVE('',#2380,#2385);
#2380 = CYLINDRICAL_SURFACE('',#2381,0.55);
#2381 = AXIS2_PLACEMENT_3D('',#2382,#2383,#2384);
#2382 = CARTESIAN_POINT('',(-32.06544556325,14.276456171961,0.));
#2383 = DIRECTION('',(-0.,-0.,-1.));
#2384 = DIRECTION('',(1.,0.,0.));
#2385 = DEFINITIONAL_REPRESENTATION('',(#2386),#2390);
#2386 = LINE('',#2387,#2388);
#2387 = CARTESIAN_POINT('',(-4.484054837881,0.));
#2388 = VECTOR('',#2389,1.);
#2389 = DIRECTION('',(-1.,0.));
#2390 = ( GEOMETRIC_REPRESENTATION_CONTEXT(2) 
PARAMETRIC_REPRESENTATION_CONTEXT() REPRESENTATION_CONTEXT('2D SPACE',''
  ) );
#2391 = ORIENTED_EDGE('',*,*,#2392,.T.);
#2392 = EDGE_CURVE('',#2364,#2393,#2395,.T.);
#2393 = VERTEX_POINT('',#2394);
#2394 = CARTESIAN_POINT('',(-32.7006198505,12.476756845941,0.));
#2395 = SURFACE_CURVE('',#2396,(#2401,#2408),.PCURVE_S1.);
#2396 = CIRCLE('',#2397,35.);
#2397 = AXIS2_PLACEMENT_3D('',#2398,#2399,#2400);
#2398 = CARTESIAN_POINT('',(0.,0.,0.));
#2399 = DIRECTION('',(0.,0.,1.));
#2400 = DIRECTION('',(1.,0.,0.));
#2401 = PCURVE('',#45,#2402);
#2402 = DEFINITIONAL_REPRESENTATION('',(#2403),#2407);
#2403 = CIRCLE('',#2404,35.);
#2404 = AXIS2_PLACEMENT_2D('',#2405,#2406);
#2405 = CARTESIAN_POINT('',(1.250230978322E-15,-2.32193833596E-15));
#2406 = DIRECTION('',(1.,0.));
#2407 = ( GEOMETRIC_REPRESENTATION_CONTEXT(2) 
PARAMETRIC_REPRESENTATION_CONTEXT() REPRESENTATION_CONTEXT('2D SPACE',''
  ) );
#2408 = PCURVE('',#2409,#2414);
#2409 = CYLINDRICAL_SURFACE('',#2410,35.);
#2410 = AXIS2_PLACEMENT_3D('',#2411,#2412,#2413);
#2411 = CARTESIAN_POINT('',(0.,0.,0.));
#2412 = DIRECTION('',(-0.,-0.,-1.));
#2413 = DIRECTION('',(1.,0.,0.));
#2414 = DEFINITIONAL_REPRESENTATION('',(#2415),#2419);
#2415 = LINE('',#2416,#2417);
#2416 = CARTESIAN_POINT('',(-0.,0.));
#2417 = VECTOR('',#2418,1.);
#2418 = DIRECTION('',(-1.,0.));
#2419 = ( GEOMETRIC_REPRESENTATION_CONTEXT(2) 
PARAMETRIC_REPRESENTATION_CONTEXT() REPRESENTATION_CONTEXT('2D SPACE',''
  ) );
#2420 = ORIENTED_EDGE('',*,*,#2421,.F.);
#2421 = EDGE_CURVE('',#2422,#2393,#2424,.T.);
#2422 = VERTEX_POINT('',#2423);
#2423 = CARTESIAN_POINT('',(-33.07003283266,11.461803018995,0.));
#2424 = SURFACE_CURVE('',#2425,(#2430,#2437),.PCURVE_S1.);
#2425 = CIRCLE('',#2426,0.55);
#2426 = AXIS2_PLACEMENT_3D('',#2427,#2428,#2429);
#2427 = CARTESIAN_POINT('',(-32.98321098958,12.004907030731,0.));
#2428 = DIRECTION('',(0.,0.,1.));
#2429 = DIRECTION('',(-0.157857896514,-0.98746183952,0.));
#2430 = PCURVE('',#45,#2431);
#2431 = DEFINITIONAL_REPRESENTATION('',(#2432),#2436);
#2432 = CIRCLE('',#2433,0.55);
#2433 = AXIS2_PLACEMENT_2D('',#2434,#2435);
#2434 = CARTESIAN_POINT('',(-32.98321098958,12.004907030731));
#2435 = DIRECTION('',(-0.157857896514,-0.98746183952));
#2436 = ( GEOMETRIC_REPRESENTATION_CONTEXT(2) 
PARAMETRIC_REPRESENTATION_CONTEXT() REPRESENTATION_CONTEXT('2D SPACE',''
  ) );
#2437 = PCURVE('',#2438,#2443);
#2438 = CYLINDRICAL_SURFACE('',#2439,0.55);
#2439 = AXIS2_PLACEMENT_3D('',#2440,#2441,#2442);
#2440 = CARTESIAN_POINT('',(-32.98321098958,12.004907030731,0.));
#2441 = DIRECTION('',(-0.,-0.,-1.));
#2442 = DIRECTION('',(1.,0.,0.));
#2443 = DEFINITIONAL_REPRESENTATION('',(#2444),#2448);
#2444 = LINE('',#2445,#2446);
#2445 = CARTESIAN_POINT('',(-4.553868007961,0.));
#2446 = VECTOR('',#2447,1.);
#2447 = DIRECTION('',(-1.,0.));
#2448 = ( GEOMETRIC_REPRESENTATION_CONTEXT(2) 
PARAMETRIC_REPRESENTATION_CONTEXT() REPRESENTATION_CONTEXT('2D SPACE',''
  ) );
#2449 = ORIENTED_EDGE('',*,*,#2450,.T.);
#2450 = EDGE_CURVE('',#2422,#2451,#2453,.T.);
#2451 = VERTEX_POINT('',#2452);
#2452 = CARTESIAN_POINT('',(-33.49129734541,10.165284163325,0.));
#2453 = SURFACE_CURVE('',#2454,(#2459,#2466),.PCURVE_S1.);
#2454 = CIRCLE('',#2455,35.);
#2455 = AXIS2_PLACEMENT_3D('',#2456,#2457,#2458);
#2456 = CARTESIAN_POINT('',(0.,0.,0.));
#2457 = DIRECTION('',(0.,0.,1.));
#2458 = DIRECTION('',(1.,0.,0.));
#2459 = PCURVE('',#45,#2460);
#2460 = DEFINITIONAL_REPRESENTATION('',(#2461),#2465);
#2461 = CIRCLE('',#2462,35.);
#2462 = AXIS2_PLACEMENT_2D('',#2463,#2464);
#2463 = CARTESIAN_POINT('',(1.250230978322E-15,-2.32193833596E-15));
#2464 = DIRECTION('',(1.,0.));
#2465 = ( GEOMETRIC_REPRESENTATION_CONTEXT(2) 
PARAMETRIC_REPRESENTATION_CONTEXT() REPRESENTATION_CONTEXT('2D SPACE',''
  ) );
#2466 = PCURVE('',#2467,#2472);
#2467 = CYLINDRICAL_SURFACE('',#2468,35.);
#2468 = AXIS2_PLACEMENT_3D('',#2469,#2470,#2471);
#2469 = CARTESIAN_POINT('',(0.,0.,0.));
#2470 = DIRECTION('',(-0.,-0.,-1.));
#2471 = DIRECTION('',(1.,0.,0.));
#2472 = DEFINITIONAL_REPRESENTATION('',(#2473),#2477);
#2473 = LINE('',#2474,#2475);
#2474 = CARTESIAN_POINT('',(-0.,0.));
#2475 = VECTOR('',#2476,1.);
#2476 = DIRECTION('',(-1.,0.));
#2477 = ( GEOMETRIC_REPRESENTATION_CONTEXT(2) 
PARAMETRIC_REPRESENTATION_CONTEXT() REPRESENTATION_CONTEXT('2D SPACE',''
  ) );
#2478 = ORIENTED_EDGE('',*,*,#2479,.F.);
#2479 = EDGE_CURVE('',#2480,#2451,#2482,.T.);
#2480 = VERTEX_POINT('',#2481);
#2481 = CARTESIAN_POINT('',(-33.78901085613,9.1270337659,0.));
#2482 = SURFACE_CURVE('',#2483,(#2488,#2495),.PCURVE_S1.);
#2483 = CIRCLE('',#2484,0.55);
#2484 = AXIS2_PLACEMENT_3D('',#2485,#2486,#2487);
#2485 = CARTESIAN_POINT('',(-33.74028552743,9.674871189177,0.));
#2486 = DIRECTION('',(0.,0.,1.));
#2487 = DIRECTION('',(-8.859150673051E-02,-0.996068042322,0.));
#2488 = PCURVE('',#45,#2489);
#2489 = DEFINITIONAL_REPRESENTATION('',(#2490),#2494);
#2490 = CIRCLE('',#2491,0.55);
#2491 = AXIS2_PLACEMENT_2D('',#2492,#2493);
#2492 = CARTESIAN_POINT('',(-33.74028552743,9.674871189177));
#2493 = DIRECTION('',(-8.859150673051E-02,-0.996068042322));
#2494 = ( GEOMETRIC_REPRESENTATION_CONTEXT(2) 
PARAMETRIC_REPRESENTATION_CONTEXT() REPRESENTATION_CONTEXT('2D SPACE',''
  ) );
#2495 = PCURVE('',#2496,#2501);
#2496 = CYLINDRICAL_SURFACE('',#2497,0.55);
#2497 = AXIS2_PLACEMENT_3D('',#2498,#2499,#2500);
#2498 = CARTESIAN_POINT('',(-33.74028552743,9.674871189177,0.));
#2499 = DIRECTION('',(-0.,-0.,-1.));
#2500 = DIRECTION('',(1.,0.,0.));
#2501 = DEFINITIONAL_REPRESENTATION('',(#2502),#2506);
#2502 = LINE('',#2503,#2504);
#2503 = CARTESIAN_POINT('',(-4.623681178041,0.));
#2504 = VECTOR('',#2505,1.);
#2505 = DIRECTION('',(-1.,0.));
#2506 = ( GEOMETRIC_REPRESENTATION_CONTEXT(2) 
PARAMETRIC_REPRESENTATION_CONTEXT() REPRESENTATION_CONTEXT('2D SPACE',''
  ) );
#2507 = ORIENTED_EDGE('',*,*,#2508,.T.);
#2508 = EDGE_CURVE('',#2480,#2509,#2511,.T.);
#2509 = VERTEX_POINT('',#2510);
#2510 = CARTESIAN_POINT('',(-34.11880860618,7.804287238077,0.));
#2511 = SURFACE_CURVE('',#2512,(#2517,#2524),.PCURVE_S1.);
#2512 = CIRCLE('',#2513,35.);
#2513 = AXIS2_PLACEMENT_3D('',#2514,#2515,#2516);
#2514 = CARTESIAN_POINT('',(0.,0.,0.));
#2515 = DIRECTION('',(0.,0.,1.));
#2516 = DIRECTION('',(1.,0.,0.));
#2517 = PCURVE('',#45,#2518);
#2518 = DEFINITIONAL_REPRESENTATION('',(#2519),#2523);
#2519 = CIRCLE('',#2520,35.);
#2520 = AXIS2_PLACEMENT_2D('',#2521,#2522);
#2521 = CARTESIAN_POINT('',(1.250230978322E-15,-2.32193833596E-15));
#2522 = DIRECTION('',(1.,0.));
#2523 = ( GEOMETRIC_REPRESENTATION_CONTEXT(2) 
PARAMETRIC_REPRESENTATION_CONTEXT() REPRESENTATION_CONTEXT('2D SPACE',''
  ) );
#2524 = PCURVE('',#2525,#2530);
#2525 = CYLINDRICAL_SURFACE('',#2526,35.);
#2526 = AXIS2_PLACEMENT_3D('',#2527,#2528,#2529);
#2527 = CARTESIAN_POINT('',(0.,0.,0.));
#2528 = DIRECTION('',(-0.,-0.,-1.));
#2529 = DIRECTION('',(1.,0.,0.));
#2530 = DEFINITIONAL_REPRESENTATION('',(#2531),#2535);
#2531 = LINE('',#2532,#2533);
#2532 = CARTESIAN_POINT('',(-0.,0.));
#2533 = VECTOR('',#2534,1.);
#2534 = DIRECTION('',(-1.,0.));
#2535 = ( GEOMETRIC_REPRESENTATION_CONTEXT(2) 
PARAMETRIC_REPRESENTATION_CONTEXT() REPRESENTATION_CONTEXT('2D SPACE',''
  ) );
#2536 = ORIENTED_EDGE('',*,*,#2537,.F.);
#2537 = EDGE_CURVE('',#2538,#2509,#2540,.T.);
#2538 = VERTEX_POINT('',#2539);
#2539 = CARTESIAN_POINT('',(-34.34337221517,6.747798521743,0.));
#2540 = SURFACE_CURVE('',#2541,(#2546,#2553),.PCURVE_S1.);
#2541 = CIRCLE('',#2542,0.55);
#2542 = AXIS2_PLACEMENT_3D('',#2543,#2544,#2545);
#2543 = CARTESIAN_POINT('',(-34.33298078575,7.297700347703,0.));
#2544 = DIRECTION('',(0.,0.,1.));
#2545 = DIRECTION('',(-1.889350803111E-02,-0.999821501746,0.));
#2546 = PCURVE('',#45,#2547);
#2547 = DEFINITIONAL_REPRESENTATION('',(#2548),#2552);
#2548 = CIRCLE('',#2549,0.55);
#2549 = AXIS2_PLACEMENT_2D('',#2550,#2551);
#2550 = CARTESIAN_POINT('',(-34.33298078575,7.297700347703));
#2551 = DIRECTION('',(-1.889350803111E-02,-0.999821501746));
#2552 = ( GEOMETRIC_REPRESENTATION_CONTEXT(2) 
PARAMETRIC_REPRESENTATION_CONTEXT() REPRESENTATION_CONTEXT('2D SPACE',''
  ) );
#2553 = PCURVE('',#2554,#2559);
#2554 = CYLINDRICAL_SURFACE('',#2555,0.55);
#2555 = AXIS2_PLACEMENT_3D('',#2556,#2557,#2558);
#2556 = CARTESIAN_POINT('',(-34.33298078575,7.297700347703,0.));
#2557 = DIRECTION('',(-0.,-0.,-1.));
#2558 = DIRECTION('',(1.,0.,0.));
#2559 = DEFINITIONAL_REPRESENTATION('',(#2560),#2564);
#2560 = LINE('',#2561,#2562);
#2561 = CARTESIAN_POINT('',(-4.693494348121,0.));
#2562 = VECTOR('',#2563,1.);
#2563 = DIRECTION('',(-1.,0.));
#2564 = ( GEOMETRIC_REPRESENTATION_CONTEXT(2) 
PARAMETRIC_REPRESENTATION_CONTEXT() REPRESENTATION_CONTEXT('2D SPACE',''
  ) );
#2565 = ORIENTED_EDGE('',*,*,#2566,.T.);
#2566 = EDGE_CURVE('',#2538,#2567,#2569,.T.);
#2567 = VERTEX_POINT('',#2568);
#2568 = CARTESIAN_POINT('',(-34.58009646104,5.405268609889,0.));
#2569 = SURFACE_CURVE('',#2570,(#2575,#2582),.PCURVE_S1.);
#2570 = CIRCLE('',#2571,35.);
#2571 = AXIS2_PLACEMENT_3D('',#2572,#2573,#2574);
#2572 = CARTESIAN_POINT('',(0.,0.,0.));
#2573 = DIRECTION('',(0.,0.,1.));
#2574 = DIRECTION('',(1.,0.,0.));
#2575 = PCURVE('',#45,#2576);
#2576 = DEFINITIONAL_REPRESENTATION('',(#2577),#2581);
#2577 = CIRCLE('',#2578,35.);
#2578 = AXIS2_PLACEMENT_2D('',#2579,#2580);
#2579 = CARTESIAN_POINT('',(1.250230978322E-15,-2.32193833596E-15));
#2580 = DIRECTION('',(1.,0.));
#2581 = ( GEOMETRIC_REPRESENTATION_CONTEXT(2) 
PARAMETRIC_REPRESENTATION_CONTEXT() REPRESENTATION_CONTEXT('2D SPACE',''
  ) );
#2582 = PCURVE('',#2583,#2588);
#2583 = CYLINDRICAL_SURFACE('',#2584,35.);
#2584 = AXIS2_PLACEMENT_3D('',#2585,#2586,#2587);
#2585 = CARTESIAN_POINT('',(0.,0.,0.));
#2586 = DIRECTION('',(-0.,-0.,-1.));
#2587 = DIRECTION('',(1.,0.,0.));
#2588 = DEFINITIONAL_REPRESENTATION('',(#2589),#2593);
#2589 = LINE('',#2590,#2591);
#2590 = CARTESIAN_POINT('',(-0.,0.));
#2591 = VECTOR('',#2592,1.);
#2592 = DIRECTION('',(-1.,0.));
#2593 = ( GEOMETRIC_REPRESENTATION_CONTEXT(2) 
PARAMETRIC_REPRESENTATION_CONTEXT() REPRESENTATION_CONTEXT('2D SPACE',''
  ) );
#2594 = ORIENTED_EDGE('',*,*,#2595,.F.);
#2595 = EDGE_CURVE('',#2596,#2567,#2598,.T.);
#2596 = VERTEX_POINT('',#2597);
#2597 = CARTESIAN_POINT('',(-34.73041611696,4.335688681475,0.));
#2598 = SURFACE_CURVE('',#2599,(#2604,#2611),.PCURVE_S1.);
#2599 = CIRCLE('',#2600,0.55);
#2600 = AXIS2_PLACEMENT_3D('',#2601,#2602,#2603);
#2601 = CARTESIAN_POINT('',(-34.75840921282,4.884975843698,0.));
#2602 = DIRECTION('',(-0.,0.,1.));
#2603 = DIRECTION('',(5.08965379402E-02,-0.998703931316,0.));
#2604 = PCURVE('',#45,#2605);
#2605 = DEFINITIONAL_REPRESENTATION('',(#2606),#2610);
#2606 = CIRCLE('',#2607,0.55);
#2607 = AXIS2_PLACEMENT_2D('',#2608,#2609);
#2608 = CARTESIAN_POINT('',(-34.75840921282,4.884975843698));
#2609 = DIRECTION('',(5.08965379402E-02,-0.998703931316));
#2610 = ( GEOMETRIC_REPRESENTATION_CONTEXT(2) 
PARAMETRIC_REPRESENTATION_CONTEXT() REPRESENTATION_CONTEXT('2D SPACE',''
  ) );
#2611 = PCURVE('',#2612,#2617);
#2612 = CYLINDRICAL_SURFACE('',#2613,0.55);
#2613 = AXIS2_PLACEMENT_3D('',#2614,#2615,#2616);
#2614 = CARTESIAN_POINT('',(-34.75840921282,4.884975843698,0.));
#2615 = DIRECTION('',(-0.,-0.,-1.));
#2616 = DIRECTION('',(1.,0.,0.));
#2617 = DEFINITIONAL_REPRESENTATION('',(#2618),#2622);
#2618 = LINE('',#2619,#2620);
#2619 = CARTESIAN_POINT('',(-4.7633075182,0.));
#2620 = VECTOR('',#2621,1.);
#2621 = DIRECTION('',(-1.,0.));
#2622 = ( GEOMETRIC_REPRESENTATION_CONTEXT(2) 
PARAMETRIC_REPRESENTATION_CONTEXT() REPRESENTATION_CONTEXT('2D SPACE',''
  ) );
#2623 = ORIENTED_EDGE('',*,*,#2624,.T.);
#2624 = EDGE_CURVE('',#2596,#2625,#2627,.T.);
#2625 = VERTEX_POINT('',#2626);
#2626 = CARTESIAN_POINT('',(-34.87291356191,2.979916056369,0.));
#2627 = SURFACE_CURVE('',#2628,(#2633,#2640),.PCURVE_S1.);
#2628 = CIRCLE('',#2629,35.);
#2629 = AXIS2_PLACEMENT_3D('',#2630,#2631,#2632);
#2630 = CARTESIAN_POINT('',(0.,0.,0.));
#2631 = DIRECTION('',(0.,0.,1.));
#2632 = DIRECTION('',(1.,0.,0.));
#2633 = PCURVE('',#45,#2634);
#2634 = DEFINITIONAL_REPRESENTATION('',(#2635),#2639);
#2635 = CIRCLE('',#2636,35.);
#2636 = AXIS2_PLACEMENT_2D('',#2637,#2638);
#2637 = CARTESIAN_POINT('',(1.250230978322E-15,-2.32193833596E-15));
#2638 = DIRECTION('',(1.,0.));
#2639 = ( GEOMETRIC_REPRESENTATION_CONTEXT(2) 
PARAMETRIC_REPRESENTATION_CONTEXT() REPRESENTATION_CONTEXT('2D SPACE',''
  ) );
#2640 = PCURVE('',#2641,#2646);
#2641 = CYLINDRICAL_SURFACE('',#2642,35.);
#2642 = AXIS2_PLACEMENT_3D('',#2643,#2644,#2645);
#2643 = CARTESIAN_POINT('',(0.,0.,0.));
#2644 = DIRECTION('',(-0.,-0.,-1.));
#2645 = DIRECTION('',(1.,0.,0.));
#2646 = DEFINITIONAL_REPRESENTATION('',(#2647),#2651);
#2647 = LINE('',#2648,#2649);
#2648 = CARTESIAN_POINT('',(-0.,0.));
#2649 = VECTOR('',#2650,1.);
#2650 = DIRECTION('',(-1.,0.));
#2651 = ( GEOMETRIC_REPRESENTATION_CONTEXT(2) 
PARAMETRIC_REPRESENTATION_CONTEXT() REPRESENTATION_CONTEXT('2D SPACE',''
  ) );
#2652 = ORIENTED_EDGE('',*,*,#2653,.F.);
#2653 = EDGE_CURVE('',#2654,#2625,#2656,.T.);
#2654 = VERTEX_POINT('',#2655);
#2655 = CARTESIAN_POINT('',(-34.94825692251,1.902455801772,0.));
#2656 = SURFACE_CURVE('',#2657,(#2662,#2669),.PCURVE_S1.);
#2657 = CIRCLE('',#2658,0.55);
#2658 = AXIS2_PLACEMENT_3D('',#2659,#2660,#2661);
#2659 = CARTESIAN_POINT('',(-35.01449816412,2.448452228419,0.));
#2660 = DIRECTION('',(-0.,0.,1.));
#2661 = DIRECTION('',(0.120438621095,-0.992720775721,0.));
#2662 = PCURVE('',#45,#2663);
#2663 = DEFINITIONAL_REPRESENTATION('',(#2664),#2668);
#2664 = CIRCLE('',#2665,0.55);
#2665 = AXIS2_PLACEMENT_2D('',#2666,#2667);
#2666 = CARTESIAN_POINT('',(-35.01449816412,2.448452228419));
#2667 = DIRECTION('',(0.120438621095,-0.992720775721));
#2668 = ( GEOMETRIC_REPRESENTATION_CONTEXT(2) 
PARAMETRIC_REPRESENTATION_CONTEXT() REPRESENTATION_CONTEXT('2D SPACE',''
  ) );
#2669 = PCURVE('',#2670,#2675);
#2670 = CYLINDRICAL_SURFACE('',#2671,0.55);
#2671 = AXIS2_PLACEMENT_3D('',#2672,#2673,#2674);
#2672 = CARTESIAN_POINT('',(-35.01449816412,2.448452228419,0.));
#2673 = DIRECTION('',(-0.,-0.,-1.));
#2674 = DIRECTION('',(1.,0.,0.));
#2675 = DEFINITIONAL_REPRESENTATION('',(#2676),#2680);
#2676 = LINE('',#2677,#2678);
#2677 = CARTESIAN_POINT('',(-4.83312068828,0.));
#2678 = VECTOR('',#2679,1.);
#2679 = DIRECTION('',(-1.,0.));
#2680 = ( GEOMETRIC_REPRESENTATION_CONTEXT(2) 
PARAMETRIC_REPRESENTATION_CONTEXT() REPRESENTATION_CONTEXT('2D SPACE',''
  ) );
#2681 = ORIENTED_EDGE('',*,*,#2682,.T.);
#2682 = EDGE_CURVE('',#2654,#2683,#2685,.T.);
#2683 = VERTEX_POINT('',#2684);
#2684 = CARTESIAN_POINT('',(-34.99583333333,0.540045651363,0.));
#2685 = SURFACE_CURVE('',#2686,(#2691,#2698),.PCURVE_S1.);
#2686 = CIRCLE('',#2687,35.);
#2687 = AXIS2_PLACEMENT_3D('',#2688,#2689,#2690);
#2688 = CARTESIAN_POINT('',(0.,0.,0.));
#2689 = DIRECTION('',(0.,0.,1.));
#2690 = DIRECTION('',(1.,0.,0.));
#2691 = PCURVE('',#45,#2692);
#2692 = DEFINITIONAL_REPRESENTATION('',(#2693),#2697);
#2693 = CIRCLE('',#2694,35.);
#2694 = AXIS2_PLACEMENT_2D('',#2695,#2696);
#2695 = CARTESIAN_POINT('',(1.250230978322E-15,-2.32193833596E-15));
#2696 = DIRECTION('',(1.,0.));
#2697 = ( GEOMETRIC_REPRESENTATION_CONTEXT(2) 
PARAMETRIC_REPRESENTATION_CONTEXT() REPRESENTATION_CONTEXT('2D SPACE',''
  ) );
#2698 = PCURVE('',#2699,#2704);
#2699 = CYLINDRICAL_SURFACE('',#2700,35.);
#2700 = AXIS2_PLACEMENT_3D('',#2701,#2702,#2703);
#2701 = CARTESIAN_POINT('',(0.,0.,0.));
#2702 = DIRECTION('',(-0.,-0.,-1.));
#2703 = DIRECTION('',(1.,0.,0.));
#2704 = DEFINITIONAL_REPRESENTATION('',(#2705),#2709);
#2705 = LINE('',#2706,#2707);
#2706 = CARTESIAN_POINT('',(-0.,0.));
#2707 = VECTOR('',#2708,1.);
#2708 = DIRECTION('',(-1.,0.));
#2709 = ( GEOMETRIC_REPRESENTATION_CONTEXT(2) 
PARAMETRIC_REPRESENTATION_CONTEXT() REPRESENTATION_CONTEXT('2D SPACE',''
  ) );
#2710 = ORIENTED_EDGE('',*,*,#2711,.F.);
#2711 = EDGE_CURVE('',#2712,#2683,#2714,.T.);
#2712 = VERTEX_POINT('',#2713);
#2713 = CARTESIAN_POINT('',(-34.99583333333,-0.540045651363,0.));
#2714 = SURFACE_CURVE('',#2715,(#2720,#2727),.PCURVE_S1.);
#2715 = CIRCLE('',#2716,0.55);
#2716 = AXIS2_PLACEMENT_3D('',#2717,#2718,#2719);
#2717 = CARTESIAN_POINT('',(-35.1,4.298510265007E-15,0.));
#2718 = DIRECTION('',(0.,0.,1.));
#2719 = DIRECTION('',(0.189393939394,-0.981901184295,0.));
#2720 = PCURVE('',#45,#2721);
#2721 = DEFINITIONAL_REPRESENTATION('',(#2722),#2726);
#2722 = CIRCLE('',#2723,0.55);
#2723 = AXIS2_PLACEMENT_2D('',#2724,#2725);
#2724 = CARTESIAN_POINT('',(-35.1,1.976571929047E-15));
#2725 = DIRECTION('',(0.189393939394,-0.981901184295));
#2726 = ( GEOMETRIC_REPRESENTATION_CONTEXT(2) 
PARAMETRIC_REPRESENTATION_CONTEXT() REPRESENTATION_CONTEXT('2D SPACE',''
  ) );
#2727 = PCURVE('',#2728,#2733);
#2728 = CYLINDRICAL_SURFACE('',#2729,0.55);
#2729 = AXIS2_PLACEMENT_3D('',#2730,#2731,#2732);
#2730 = CARTESIAN_POINT('',(-35.1,4.298510265007E-15,0.));
#2731 = DIRECTION('',(-0.,-0.,-1.));
#2732 = DIRECTION('',(1.,0.,0.));
#2733 = DEFINITIONAL_REPRESENTATION('',(#2734),#2738);
#2734 = LINE('',#2735,#2736);
#2735 = CARTESIAN_POINT('',(-4.90293385836,0.));
#2736 = VECTOR('',#2737,1.);
#2737 = DIRECTION('',(-1.,0.));
#2738 = ( GEOMETRIC_REPRESENTATION_CONTEXT(2) 
PARAMETRIC_REPRESENTATION_CONTEXT() REPRESENTATION_CONTEXT('2D SPACE',''
  ) );
#2739 = ORIENTED_EDGE('',*,*,#2740,.T.);
#2740 = EDGE_CURVE('',#2712,#2741,#2743,.T.);
#2741 = VERTEX_POINT('',#2742);
#2742 = CARTESIAN_POINT('',(-34.94825692251,-1.902455801772,0.));
#2743 = SURFACE_CURVE('',#2744,(#2749,#2756),.PCURVE_S1.);
#2744 = CIRCLE('',#2745,35.);
#2745 = AXIS2_PLACEMENT_3D('',#2746,#2747,#2748);
#2746 = CARTESIAN_POINT('',(0.,0.,0.));
#2747 = DIRECTION('',(0.,0.,1.));
#2748 = DIRECTION('',(1.,0.,0.));
#2749 = PCURVE('',#45,#2750);
#2750 = DEFINITIONAL_REPRESENTATION('',(#2751),#2755);
#2751 = CIRCLE('',#2752,35.);
#2752 = AXIS2_PLACEMENT_2D('',#2753,#2754);
#2753 = CARTESIAN_POINT('',(1.250230978322E-15,-2.32193833596E-15));
#2754 = DIRECTION('',(1.,0.));
#2755 = ( GEOMETRIC_REPRESENTATION_CONTEXT(2) 
PARAMETRIC_REPRESENTATION_CONTEXT() REPRESENTATION_CONTEXT('2D SPACE',''
  ) );
#2756 = PCURVE('',#2757,#2762);
#2757 = CYLINDRICAL_SURFACE('',#2758,35.);
#2758 = AXIS2_PLACEMENT_3D('',#2759,#2760,#2761);
#2759 = CARTESIAN_POINT('',(0.,0.,0.));
#2760 = DIRECTION('',(-0.,-0.,-1.));
#2761 = DIRECTION('',(1.,0.,0.));
#2762 = DEFINITIONAL_REPRESENTATION('',(#2763),#2767);
#2763 = LINE('',#2764,#2765);
#2764 = CARTESIAN_POINT('',(-0.,0.));
#2765 = VECTOR('',#2766,1.);
#2766 = DIRECTION('',(-1.,0.));
#2767 = ( GEOMETRIC_REPRESENTATION_CONTEXT(2) 
PARAMETRIC_REPRESENTATION_CONTEXT() REPRESENTATION_CONTEXT('2D SPACE',''
  ) );
#2768 = ORIENTED_EDGE('',*,*,#2769,.F.);
#2769 = EDGE_CURVE('',#2770,#2741,#2772,.T.);
#2770 = VERTEX_POINT('',#2771);
#2771 = CARTESIAN_POINT('',(-34.87291356191,-2.979916056369,0.));
#2772 = SURFACE_CURVE('',#2773,(#2778,#2785),.PCURVE_S1.);
#2773 = CIRCLE('',#2774,0.55);
#2774 = AXIS2_PLACEMENT_3D('',#2775,#2776,#2777);
#2775 = CARTESIAN_POINT('',(-35.01449816412,-2.448452228419,0.));
#2776 = DIRECTION('',(-0.,0.,1.));
#2777 = DIRECTION('',(0.257426549458,-0.966297869,0.));
#2778 = PCURVE('',#45,#2779);
#2779 = DEFINITIONAL_REPRESENTATION('',(#2780),#2784);
#2780 = CIRCLE('',#2781,0.55);
#2781 = AXIS2_PLACEMENT_2D('',#2782,#2783);
#2782 = CARTESIAN_POINT('',(-35.01449816412,-2.448452228419));
#2783 = DIRECTION('',(0.257426549458,-0.966297869));
#2784 = ( GEOMETRIC_REPRESENTATION_CONTEXT(2) 
PARAMETRIC_REPRESENTATION_CONTEXT() REPRESENTATION_CONTEXT('2D SPACE',''
  ) );
#2785 = PCURVE('',#2786,#2791);
#2786 = CYLINDRICAL_SURFACE('',#2787,0.55);
#2787 = AXIS2_PLACEMENT_3D('',#2788,#2789,#2790);
#2788 = CARTESIAN_POINT('',(-35.01449816412,-2.448452228419,0.));
#2789 = DIRECTION('',(-0.,-0.,-1.));
#2790 = DIRECTION('',(1.,0.,0.));
#2791 = DEFINITIONAL_REPRESENTATION('',(#2792),#2796);
#2792 = LINE('',#2793,#2794);
#2793 = CARTESIAN_POINT('',(-4.97274702844,0.));
#2794 = VECTOR('',#2795,1.);
#2795 = DIRECTION('',(-1.,0.));
#2796 = ( GEOMETRIC_REPRESENTATION_CONTEXT(2) 
PARAMETRIC_REPRESENTATION_CONTEXT() REPRESENTATION_CONTEXT('2D SPACE',''
  ) );
#2797 = ORIENTED_EDGE('',*,*,#2798,.T.);
#2798 = EDGE_CURVE('',#2770,#2799,#2801,.T.);
#2799 = VERTEX_POINT('',#2800);
#2800 = CARTESIAN_POINT('',(-34.73041611696,-4.335688681475,0.));
#2801 = SURFACE_CURVE('',#2802,(#2807,#2814),.PCURVE_S1.);
#2802 = CIRCLE('',#2803,35.);
#2803 = AXIS2_PLACEMENT_3D('',#2804,#2805,#2806);
#2804 = CARTESIAN_POINT('',(0.,0.,0.));
#2805 = DIRECTION('',(0.,0.,1.));
#2806 = DIRECTION('',(1.,0.,0.));
#2807 = PCURVE('',#45,#2808);
#2808 = DEFINITIONAL_REPRESENTATION('',(#2809),#2813);
#2809 = CIRCLE('',#2810,35.);
#2810 = AXIS2_PLACEMENT_2D('',#2811,#2812);
#2811 = CARTESIAN_POINT('',(1.250230978322E-15,-2.32193833596E-15));
#2812 = DIRECTION('',(1.,0.));
#2813 = ( GEOMETRIC_REPRESENTATION_CONTEXT(2) 
PARAMETRIC_REPRESENTATION_CONTEXT() REPRESENTATION_CONTEXT('2D SPACE',''
  ) );
#2814 = PCURVE('',#2815,#2820);
#2815 = CYLINDRICAL_SURFACE('',#2816,35.);
#2816 = AXIS2_PLACEMENT_3D('',#2817,#2818,#2819);
#2817 = CARTESIAN_POINT('',(0.,0.,0.));
#2818 = DIRECTION('',(-0.,-0.,-1.));
#2819 = DIRECTION('',(1.,0.,0.));
#2820 = DEFINITIONAL_REPRESENTATION('',(#2821),#2825);
#2821 = LINE('',#2822,#2823);
#2822 = CARTESIAN_POINT('',(-0.,0.));
#2823 = VECTOR('',#2824,1.);
#2824 = DIRECTION('',(-1.,0.));
#2825 = ( GEOMETRIC_REPRESENTATION_CONTEXT(2) 
PARAMETRIC_REPRESENTATION_CONTEXT() REPRESENTATION_CONTEXT('2D SPACE',''
  ) );
#2826 = ORIENTED_EDGE('',*,*,#2827,.F.);
#2827 = EDGE_CURVE('',#2828,#2799,#2830,.T.);
#2828 = VERTEX_POINT('',#2829);
#2829 = CARTESIAN_POINT('',(-34.58009646104,-5.405268609889,0.));
#2830 = SURFACE_CURVE('',#2831,(#2836,#2843),.PCURVE_S1.);
#2831 = CIRCLE('',#2832,0.55);
#2832 = AXIS2_PLACEMENT_3D('',#2833,#2834,#2835);
#2833 = CARTESIAN_POINT('',(-34.75840921282,-4.884975843698,0.));
#2834 = DIRECTION('',(-0.,0.,1.));
#2835 = DIRECTION('',(0.32420500325,-0.945986847619,0.));
#2836 = PCURVE('',#45,#2837);
#2837 = DEFINITIONAL_REPRESENTATION('',(#2838),#2842);
#2838 = CIRCLE('',#2839,0.55);
#2839 = AXIS2_PLACEMENT_2D('',#2840,#2841);
#2840 = CARTESIAN_POINT('',(-34.75840921282,-4.884975843698));
#2841 = DIRECTION('',(0.32420500325,-0.945986847619));
#2842 = ( GEOMETRIC_REPRESENTATION_CONTEXT(2) 
PARAMETRIC_REPRESENTATION_CONTEXT() REPRESENTATION_CONTEXT('2D SPACE',''
  ) );
#2843 = PCURVE('',#2844,#2849);
#2844 = CYLINDRICAL_SURFACE('',#2845,0.55);
#2845 = AXIS2_PLACEMENT_3D('',#2846,#2847,#2848);
#2846 = CARTESIAN_POINT('',(-34.75840921282,-4.884975843698,0.));
#2847 = DIRECTION('',(-0.,-0.,-1.));
#2848 = DIRECTION('',(1.,0.,0.));
#2849 = DEFINITIONAL_REPRESENTATION('',(#2850),#2854);
#2850 = LINE('',#2851,#2852);
#2851 = CARTESIAN_POINT('',(-5.042560198519,0.));
#2852 = VECTOR('',#2853,1.);
#2853 = DIRECTION('',(-1.,0.));
#2854 = ( GEOMETRIC_REPRESENTATION_CONTEXT(2) 
PARAMETRIC_REPRESENTATION_CONTEXT() REPRESENTATION_CONTEXT('2D SPACE',''
  ) );
#2855 = ORIENTED_EDGE('',*,*,#2856,.T.);
#2856 = EDGE_CURVE('',#2828,#2857,#2859,.T.);
#2857 = VERTEX_POINT('',#2858);
#2858 = CARTESIAN_POINT('',(-34.34337221517,-6.747798521743,0.));
#2859 = SURFACE_CURVE('',#2860,(#2865,#2872),.PCURVE_S1.);
#2860 = CIRCLE('',#2861,35.);
#2861 = AXIS2_PLACEMENT_3D('',#2862,#2863,#2864);
#2862 = CARTESIAN_POINT('',(0.,0.,0.));
#2863 = DIRECTION('',(0.,0.,1.));
#2864 = DIRECTION('',(1.,0.,0.));
#2865 = PCURVE('',#45,#2866);
#2866 = DEFINITIONAL_REPRESENTATION('',(#2867),#2871);
#2867 = CIRCLE('',#2868,35.);
#2868 = AXIS2_PLACEMENT_2D('',#2869,#2870);
#2869 = CARTESIAN_POINT('',(1.250230978322E-15,-2.32193833596E-15));
#2870 = DIRECTION('',(1.,0.));
#2871 = ( GEOMETRIC_REPRESENTATION_CONTEXT(2) 
PARAMETRIC_REPRESENTATION_CONTEXT() REPRESENTATION_CONTEXT('2D SPACE',''
  ) );
#2872 = PCURVE('',#2873,#2878);
#2873 = CYLINDRICAL_SURFACE('',#2874,35.);
#2874 = AXIS2_PLACEMENT_3D('',#2875,#2876,#2877);
#2875 = CARTESIAN_POINT('',(0.,0.,0.));
#2876 = DIRECTION('',(-0.,-0.,-1.));
#2877 = DIRECTION('',(1.,0.,0.));
#2878 = DEFINITIONAL_REPRESENTATION('',(#2879),#2883);
#2879 = LINE('',#2880,#2881);
#2880 = CARTESIAN_POINT('',(-0.,0.));
#2881 = VECTOR('',#2882,1.);
#2882 = DIRECTION('',(-1.,0.));
#2883 = ( GEOMETRIC_REPRESENTATION_CONTEXT(2) 
PARAMETRIC_REPRESENTATION_CONTEXT() REPRESENTATION_CONTEXT('2D SPACE',''
  ) );
#2884 = ORIENTED_EDGE('',*,*,#2885,.F.);
#2885 = EDGE_CURVE('',#2886,#2857,#2888,.T.);
#2886 = VERTEX_POINT('',#2887);
#2887 = CARTESIAN_POINT('',(-34.11880860618,-7.804287238077,0.));
#2888 = SURFACE_CURVE('',#2889,(#2894,#2901),.PCURVE_S1.);
#2889 = CIRCLE('',#2890,0.55);
#2890 = AXIS2_PLACEMENT_3D('',#2891,#2892,#2893);
#2891 = CARTESIAN_POINT('',(-34.33298078575,-7.297700347703,0.));
#2892 = DIRECTION('',(-0.,0.,1.));
#2893 = DIRECTION('',(0.389403962855,-0.921067073406,0.));
#2894 = PCURVE('',#45,#2895);
#2895 = DEFINITIONAL_REPRESENTATION('',(#2896),#2900);
#2896 = CIRCLE('',#2897,0.55);
#2897 = AXIS2_PLACEMENT_2D('',#2898,#2899);
#2898 = CARTESIAN_POINT('',(-34.33298078575,-7.297700347703));
#2899 = DIRECTION('',(0.389403962855,-0.921067073406));
#2900 = ( GEOMETRIC_REPRESENTATION_CONTEXT(2) 
PARAMETRIC_REPRESENTATION_CONTEXT() REPRESENTATION_CONTEXT('2D SPACE',''
  ) );
#2901 = PCURVE('',#2902,#2907);
#2902 = CYLINDRICAL_SURFACE('',#2903,0.55);
#2903 = AXIS2_PLACEMENT_3D('',#2904,#2905,#2906);
#2904 = CARTESIAN_POINT('',(-34.33298078575,-7.297700347703,0.));
#2905 = DIRECTION('',(-0.,-0.,-1.));
#2906 = DIRECTION('',(1.,0.,0.));
#2907 = DEFINITIONAL_REPRESENTATION('',(#2908),#2912);
#2908 = LINE('',#2909,#2910);
#2909 = CARTESIAN_POINT('',(-5.112373368599,0.));
#2910 = VECTOR('',#2911,1.);
#2911 = DIRECTION('',(-1.,0.));
#2912 = ( GEOMETRIC_REPRESENTATION_CONTEXT(2) 
PARAMETRIC_REPRESENTATION_CONTEXT() REPRESENTATION_CONTEXT('2D SPACE',''
  ) );
#2913 = ORIENTED_EDGE('',*,*,#2914,.T.);
#2914 = EDGE_CURVE('',#2886,#2915,#2917,.T.);
#2915 = VERTEX_POINT('',#2916);
#2916 = CARTESIAN_POINT('',(-33.78901085613,-9.1270337659,0.));
#2917 = SURFACE_CURVE('',#2918,(#2923,#2930),.PCURVE_S1.);
#2918 = CIRCLE('',#2919,35.);
#2919 = AXIS2_PLACEMENT_3D('',#2920,#2921,#2922);
#2920 = CARTESIAN_POINT('',(0.,0.,0.));
#2921 = DIRECTION('',(0.,0.,1.));
#2922 = DIRECTION('',(1.,0.,0.));
#2923 = PCURVE('',#45,#2924);
#2924 = DEFINITIONAL_REPRESENTATION('',(#2925),#2929);
#2925 = CIRCLE('',#2926,35.);
#2926 = AXIS2_PLACEMENT_2D('',#2927,#2928);
#2927 = CARTESIAN_POINT('',(1.250230978322E-15,-2.32193833596E-15));
#2928 = DIRECTION('',(1.,0.));
#2929 = ( GEOMETRIC_REPRESENTATION_CONTEXT(2) 
PARAMETRIC_REPRESENTATION_CONTEXT() REPRESENTATION_CONTEXT('2D SPACE',''
  ) );
#2930 = PCURVE('',#2931,#2936);
#2931 = CYLINDRICAL_SURFACE('',#2932,35.);
#2932 = AXIS2_PLACEMENT_3D('',#2933,#2934,#2935);
#2933 = CARTESIAN_POINT('',(0.,0.,0.));
#2934 = DIRECTION('',(-0.,-0.,-1.));
#2935 = DIRECTION('',(1.,0.,0.));
#2936 = DEFINITIONAL_REPRESENTATION('',(#2937),#2941);
#2937 = LINE('',#2938,#2939);
#2938 = CARTESIAN_POINT('',(-0.,0.));
#2939 = VECTOR('',#2940,1.);
#2940 = DIRECTION('',(-1.,0.));
#2941 = ( GEOMETRIC_REPRESENTATION_CONTEXT(2) 
PARAMETRIC_REPRESENTATION_CONTEXT() REPRESENTATION_CONTEXT('2D SPACE',''
  ) );
#2942 = ORIENTED_EDGE('',*,*,#2943,.F.);
#2943 = EDGE_CURVE('',#2944,#2915,#2946,.T.);
#2944 = VERTEX_POINT('',#2945);
#2945 = CARTESIAN_POINT('',(-33.49129734541,-10.16528416332,0.));
#2946 = SURFACE_CURVE('',#2947,(#2952,#2959),.PCURVE_S1.);
#2947 = CIRCLE('',#2948,0.55);
#2948 = AXIS2_PLACEMENT_3D('',#2949,#2950,#2951);
#2949 = CARTESIAN_POINT('',(-33.74028552743,-9.674871189177,0.));
#2950 = DIRECTION('',(-0.,0.,1.));
#2951 = DIRECTION('',(0.452705785495,-0.891659952997,0.));
#2952 = PCURVE('',#45,#2953);
#2953 = DEFINITIONAL_REPRESENTATION('',(#2954),#2958);
#2954 = CIRCLE('',#2955,0.55);
#2955 = AXIS2_PLACEMENT_2D('',#2956,#2957);
#2956 = CARTESIAN_POINT('',(-33.74028552743,-9.674871189177));
#2957 = DIRECTION('',(0.452705785495,-0.891659952997));
#2958 = ( GEOMETRIC_REPRESENTATION_CONTEXT(2) 
PARAMETRIC_REPRESENTATION_CONTEXT() REPRESENTATION_CONTEXT('2D SPACE',''
  ) );
#2959 = PCURVE('',#2960,#2965);
#2960 = CYLINDRICAL_SURFACE('',#2961,0.55);
#2961 = AXIS2_PLACEMENT_3D('',#2962,#2963,#2964);
#2962 = CARTESIAN_POINT('',(-33.74028552743,-9.674871189177,0.));
#2963 = DIRECTION('',(-0.,-0.,-1.));
#2964 = DIRECTION('',(1.,0.,0.));
#2965 = DEFINITIONAL_REPRESENTATION('',(#2966),#2970);
#2966 = LINE('',#2967,#2968);
#2967 = CARTESIAN_POINT('',(-5.182186538679,0.));
#2968 = VECTOR('',#2969,1.);
#2969 = DIRECTION('',(-1.,0.));
#2970 = ( GEOMETRIC_REPRESENTATION_CONTEXT(2) 
PARAMETRIC_REPRESENTATION_CONTEXT() REPRESENTATION_CONTEXT('2D SPACE',''
  ) );
#2971 = ORIENTED_EDGE('',*,*,#2972,.T.);
#2972 = EDGE_CURVE('',#2944,#2973,#2975,.T.);
#2973 = VERTEX_POINT('',#2974);
#2974 = CARTESIAN_POINT('',(-33.07003283266,-11.46180301899,0.));
#2975 = SURFACE_CURVE('',#2976,(#2981,#2988),.PCURVE_S1.);
#2976 = CIRCLE('',#2977,35.);
#2977 = AXIS2_PLACEMENT_3D('',#2978,#2979,#2980);
#2978 = CARTESIAN_POINT('',(0.,0.,0.));
#2979 = DIRECTION('',(0.,0.,1.));
#2980 = DIRECTION('',(1.,0.,0.));
#2981 = PCURVE('',#45,#2982);
#2982 = DEFINITIONAL_REPRESENTATION('',(#2983),#2987);
#2983 = CIRCLE('',#2984,35.);
#2984 = AXIS2_PLACEMENT_2D('',#2985,#2986);
#2985 = CARTESIAN_POINT('',(1.250230978322E-15,-2.32193833596E-15));
#2986 = DIRECTION('',(1.,0.));
#2987 = ( GEOMETRIC_REPRESENTATION_CONTEXT(2) 
PARAMETRIC_REPRESENTATION_CONTEXT() REPRESENTATION_CONTEXT('2D SPACE',''
  ) );
#2988 = PCURVE('',#2989,#2994);
#2989 = CYLINDRICAL_SURFACE('',#2990,35.);
#2990 = AXIS2_PLACEMENT_3D('',#2991,#2992,#2993);
#2991 = CARTESIAN_POINT('',(0.,0.,0.));
#2992 = DIRECTION('',(-0.,-0.,-1.));
#2993 = DIRECTION('',(1.,0.,0.));
#2994 = DEFINITIONAL_REPRESENTATION('',(#2995),#2999);
#2995 = LINE('',#2996,#2997);
#2996 = CARTESIAN_POINT('',(-0.,0.));
#2997 = VECTOR('',#2998,1.);
#2998 = DIRECTION('',(-1.,0.));
#2999 = ( GEOMETRIC_REPRESENTATION_CONTEXT(2) 
PARAMETRIC_REPRESENTATION_CONTEXT() REPRESENTATION_CONTEXT('2D SPACE',''
  ) );
#3000 = ORIENTED_EDGE('',*,*,#3001,.F.);
#3001 = EDGE_CURVE('',#3002,#2973,#3004,.T.);
#3002 = VERTEX_POINT('',#3003);
#3003 = CARTESIAN_POINT('',(-32.7006198505,-12.47675684594,0.));
#3004 = SURFACE_CURVE('',#3005,(#3010,#3017),.PCURVE_S1.);
#3005 = CIRCLE('',#3006,0.55);
#3006 = AXIS2_PLACEMENT_3D('',#3007,#3008,#3009);
#3007 = CARTESIAN_POINT('',(-32.98321098958,-12.00490703073,0.));
#3008 = DIRECTION('',(-0.,0.,1.));
#3009 = DIRECTION('',(0.513802071054,-0.857908754927,0.));
#3010 = PCURVE('',#45,#3011);
#3011 = DEFINITIONAL_REPRESENTATION('',(#3012),#3016);
#3012 = CIRCLE('',#3013,0.55);
#3013 = AXIS2_PLACEMENT_2D('',#3014,#3015);
#3014 = CARTESIAN_POINT('',(-32.98321098958,-12.00490703073));
#3015 = DIRECTION('',(0.513802071054,-0.857908754927));
#3016 = ( GEOMETRIC_REPRESENTATION_CONTEXT(2) 
PARAMETRIC_REPRESENTATION_CONTEXT() REPRESENTATION_CONTEXT('2D SPACE',''
  ) );
#3017 = PCURVE('',#3018,#3023);
#3018 = CYLINDRICAL_SURFACE('',#3019,0.55);
#3019 = AXIS2_PLACEMENT_3D('',#3020,#3021,#3022);
#3020 = CARTESIAN_POINT('',(-32.98321098958,-12.00490703073,0.));
#3021 = DIRECTION('',(-0.,-0.,-1.));
#3022 = DIRECTION('',(1.,0.,0.));
#3023 = DEFINITIONAL_REPRESENTATION('',(#3024),#3028);
#3024 = LINE('',#3025,#3026);
#3025 = CARTESIAN_POINT('',(-5.251999708759,0.));
#3026 = VECTOR('',#3027,1.);
#3027 = DIRECTION('',(-1.,0.));
#3028 = ( GEOMETRIC_REPRESENTATION_CONTEXT(2) 
PARAMETRIC_REPRESENTATION_CONTEXT() REPRESENTATION_CONTEXT('2D SPACE',''
  ) );
#3029 = ORIENTED_EDGE('',*,*,#3030,.T.);
#3030 = EDGE_CURVE('',#3002,#3031,#3033,.T.);
#3031 = VERTEX_POINT('',#3032);
#3032 = CARTESIAN_POINT('',(-32.18994093342,-13.74073151991,0.));
#3033 = SURFACE_CURVE('',#3034,(#3039,#3046),.PCURVE_S1.);
#3034 = CIRCLE('',#3035,35.);
#3035 = AXIS2_PLACEMENT_3D('',#3036,#3037,#3038);
#3036 = CARTESIAN_POINT('',(0.,0.,0.));
#3037 = DIRECTION('',(0.,0.,1.));
#3038 = DIRECTION('',(1.,0.,0.));
#3039 = PCURVE('',#45,#3040);
#3040 = DEFINITIONAL_REPRESENTATION('',(#3041),#3045);
#3041 = CIRCLE('',#3042,35.);
#3042 = AXIS2_PLACEMENT_2D('',#3043,#3044);
#3043 = CARTESIAN_POINT('',(1.250230978322E-15,-2.32193833596E-15));
#3044 = DIRECTION('',(1.,0.));
#3045 = ( GEOMETRIC_REPRESENTATION_CONTEXT(2) 
PARAMETRIC_REPRESENTATION_CONTEXT() REPRESENTATION_CONTEXT('2D SPACE',''
  ) );
#3046 = PCURVE('',#3047,#3052);
#3047 = CYLINDRICAL_SURFACE('',#3048,35.);
#3048 = AXIS2_PLACEMENT_3D('',#3049,#3050,#3051);
#3049 = CARTESIAN_POINT('',(0.,0.,0.));
#3050 = DIRECTION('',(-0.,-0.,-1.));
#3051 = DIRECTION('',(1.,0.,0.));
#3052 = DEFINITIONAL_REPRESENTATION('',(#3053),#3057);
#3053 = LINE('',#3054,#3055);
#3054 = CARTESIAN_POINT('',(-0.,0.));
#3055 = VECTOR('',#3056,1.);
#3056 = DIRECTION('',(-1.,0.));
#3057 = ( GEOMETRIC_REPRESENTATION_CONTEXT(2) 
PARAMETRIC_REPRESENTATION_CONTEXT() REPRESENTATION_CONTEXT('2D SPACE',''
  ) );
#3058 = ORIENTED_EDGE('',*,*,#3059,.F.);
#3059 = EDGE_CURVE('',#3060,#3031,#3062,.T.);
#3060 = VERTEX_POINT('',#3061);
#3061 = CARTESIAN_POINT('',(-31.75062822274,-14.72744402336,0.));
#3062 = SURFACE_CURVE('',#3063,(#3068,#3075),.PCURVE_S1.);
#3063 = CIRCLE('',#3064,0.55);
#3064 = AXIS2_PLACEMENT_3D('',#3065,#3066,#3067);
#3065 = CARTESIAN_POINT('',(-32.06544556325,-14.27645617196,0.));
#3066 = DIRECTION('',(-0.,0.,1.));
#3067 = DIRECTION('',(0.572395164571,-0.819977911639,0.));
#3068 = PCURVE('',#45,#3069);
#3069 = DEFINITIONAL_REPRESENTATION('',(#3070),#3074);
#3070 = CIRCLE('',#3071,0.55);
#3071 = AXIS2_PLACEMENT_2D('',#3072,#3073);
#3072 = CARTESIAN_POINT('',(-32.06544556325,-14.27645617196));
#3073 = DIRECTION('',(0.572395164571,-0.819977911639));
#3074 = ( GEOMETRIC_REPRESENTATION_CONTEXT(2) 
PARAMETRIC_REPRESENTATION_CONTEXT() REPRESENTATION_CONTEXT('2D SPACE',''
  ) );
#3075 = PCURVE('',#3076,#3081);
#3076 = CYLINDRICAL_SURFACE('',#3077,0.55);
#3077 = AXIS2_PLACEMENT_3D('',#3078,#3079,#3080);
#3078 = CARTESIAN_POINT('',(-32.06544556325,-14.27645617196,0.));
#3079 = DIRECTION('',(-0.,-0.,-1.));
#3080 = DIRECTION('',(1.,0.,0.));
#3081 = DEFINITIONAL_REPRESENTATION('',(#3082),#3086);
#3082 = LINE('',#3083,#3084);
#3083 = CARTESIAN_POINT('',(-5.321812878839,0.));
#3084 = VECTOR('',#3085,1.);
#3085 = DIRECTION('',(-1.,0.));
#3086 = ( GEOMETRIC_REPRESENTATION_CONTEXT(2) 
PARAMETRIC_REPRESENTATION_CONTEXT() REPRESENTATION_CONTEXT('2D SPACE',''
  ) );
#3087 = ORIENTED_EDGE('',*,*,#3088,.T.);
#3088 = EDGE_CURVE('',#3060,#3089,#3091,.T.);
#3089 = VERTEX_POINT('',#3090);
#3090 = CARTESIAN_POINT('',(-31.15302287768,-15.95271655809,0.));
#3091 = SURFACE_CURVE('',#3092,(#3097,#3104),.PCURVE_S1.);
#3092 = CIRCLE('',#3093,35.);
#3093 = AXIS2_PLACEMENT_3D('',#3094,#3095,#3096);
#3094 = CARTESIAN_POINT('',(0.,0.,0.));
#3095 = DIRECTION('',(0.,0.,1.));
#3096 = DIRECTION('',(1.,0.,0.));
#3097 = PCURVE('',#45,#3098);
#3098 = DEFINITIONAL_REPRESENTATION('',(#3099),#3103);
#3099 = CIRCLE('',#3100,35.);
#3100 = AXIS2_PLACEMENT_2D('',#3101,#3102);
#3101 = CARTESIAN_POINT('',(1.250230978322E-15,-2.32193833596E-15));
#3102 = DIRECTION('',(1.,0.));
#3103 = ( GEOMETRIC_REPRESENTATION_CONTEXT(2) 
PARAMETRIC_REPRESENTATION_CONTEXT() REPRESENTATION_CONTEXT('2D SPACE',''
  ) );
#3104 = PCURVE('',#3105,#3110);
#3105 = CYLINDRICAL_SURFACE('',#3106,35.);
#3106 = AXIS2_PLACEMENT_3D('',#3107,#3108,#3109);
#3107 = CARTESIAN_POINT('',(0.,0.,0.));
#3108 = DIRECTION('',(-0.,-0.,-1.));
#3109 = DIRECTION('',(1.,0.,0.));
#3110 = DEFINITIONAL_REPRESENTATION('',(#3111),#3115);
#3111 = LINE('',#3112,#3113);
#3112 = CARTESIAN_POINT('',(-0.,0.));
#3113 = VECTOR('',#3114,1.);
#3114 = DIRECTION('',(-1.,0.));
#3115 = ( GEOMETRIC_REPRESENTATION_CONTEXT(2) 
PARAMETRIC_REPRESENTATION_CONTEXT() REPRESENTATION_CONTEXT('2D SPACE',''
  ) );
#3116 = ORIENTED_EDGE('',*,*,#3117,.F.);
#3117 = EDGE_CURVE('',#3118,#3089,#3120,.T.);
#3118 = VERTEX_POINT('',#3119);
#3119 = CARTESIAN_POINT('',(-30.64595072583,-16.90638057389,0.));
#3120 = SURFACE_CURVE('',#3121,(#3126,#3133),.PCURVE_S1.);
#3121 = CIRCLE('',#3122,0.55);
#3122 = AXIS2_PLACEMENT_3D('',#3123,#3124,#3125);
#3123 = CARTESIAN_POINT('',(-30.99146050934,-16.47845185378,0.));
#3124 = DIRECTION('',(-0.,0.,1.));
#3125 = DIRECTION('',(0.628199606382,-0.77805221839,0.));
#3126 = PCURVE('',#45,#3127);
#3127 = DEFINITIONAL_REPRESENTATION('',(#3128),#3132);
#3128 = CIRCLE('',#3129,0.55);
#3129 = AXIS2_PLACEMENT_2D('',#3130,#3131);
#3130 = CARTESIAN_POINT('',(-30.99146050934,-16.47845185378));
#3131 = DIRECTION('',(0.628199606382,-0.77805221839));
#3132 = ( GEOMETRIC_REPRESENTATION_CONTEXT(2) 
PARAMETRIC_REPRESENTATION_CONTEXT() REPRESENTATION_CONTEXT('2D SPACE',''
  ) );
#3133 = PCURVE('',#3134,#3139);
#3134 = CYLINDRICAL_SURFACE('',#3135,0.55);
#3135 = AXIS2_PLACEMENT_3D('',#3136,#3137,#3138);
#3136 = CARTESIAN_POINT('',(-30.99146050934,-16.47845185378,0.));
#3137 = DIRECTION('',(-0.,-0.,-1.));
#3138 = DIRECTION('',(1.,0.,0.));
#3139 = DEFINITIONAL_REPRESENTATION('',(#3140),#3144);
#3140 = LINE('',#3141,#3142);
#3141 = CARTESIAN_POINT('',(-5.391626048918,0.));
#3142 = VECTOR('',#3143,1.);
#3143 = DIRECTION('',(-1.,0.));
#3144 = ( GEOMETRIC_REPRESENTATION_CONTEXT(2) 
PARAMETRIC_REPRESENTATION_CONTEXT() REPRESENTATION_CONTEXT('2D SPACE',''
  ) );
#3145 = ORIENTED_EDGE('',*,*,#3146,.T.);
#3146 = EDGE_CURVE('',#3118,#3147,#3149,.T.);
#3147 = VERTEX_POINT('',#3148);
#3148 = CARTESIAN_POINT('',(-29.96433042596,-18.08698156475,0.));
#3149 = SURFACE_CURVE('',#3150,(#3155,#3162),.PCURVE_S1.);
#3150 = CIRCLE('',#3151,35.);
#3151 = AXIS2_PLACEMENT_3D('',#3152,#3153,#3154);
#3152 = CARTESIAN_POINT('',(0.,0.,0.));
#3153 = DIRECTION('',(0.,0.,1.));
#3154 = DIRECTION('',(1.,0.,0.));
#3155 = PCURVE('',#45,#3156);
#3156 = DEFINITIONAL_REPRESENTATION('',(#3157),#3161);
#3157 = CIRCLE('',#3158,35.);
#3158 = AXIS2_PLACEMENT_2D('',#3159,#3160);
#3159 = CARTESIAN_POINT('',(1.250230978322E-15,-2.32193833596E-15));
#3160 = DIRECTION('',(1.,0.));
#3161 = ( GEOMETRIC_REPRESENTATION_CONTEXT(2) 
PARAMETRIC_REPRESENTATION_CONTEXT() REPRESENTATION_CONTEXT('2D SPACE',''
  ) );
#3162 = PCURVE('',#3163,#3168);
#3163 = CYLINDRICAL_SURFACE('',#3164,35.);
#3164 = AXIS2_PLACEMENT_3D('',#3165,#3166,#3167);
#3165 = CARTESIAN_POINT('',(0.,0.,0.));
#3166 = DIRECTION('',(-0.,-0.,-1.));
#3167 = DIRECTION('',(1.,0.,0.));
#3168 = DEFINITIONAL_REPRESENTATION('',(#3169),#3173);
#3169 = LINE('',#3170,#3171);
#3170 = CARTESIAN_POINT('',(-0.,0.));
#3171 = VECTOR('',#3172,1.);
#3172 = DIRECTION('',(-1.,0.));
#3173 = ( GEOMETRIC_REPRESENTATION_CONTEXT(2) 
PARAMETRIC_REPRESENTATION_CONTEXT() REPRESENTATION_CONTEXT('2D SPACE',''
  ) );
#3174 = ORIENTED_EDGE('',*,*,#3175,.F.);
#3175 = EDGE_CURVE('',#3176,#3147,#3178,.T.);
#3176 = VERTEX_POINT('',#3177);
#3177 = CARTESIAN_POINT('',(-29.39196923751,-19.0029509377,0.));
#3178 = SURFACE_CURVE('',#3179,(#3184,#3191),.PCURVE_S1.);
#3179 = CIRCLE('',#3180,0.55);
#3180 = AXIS2_PLACEMENT_3D('',#3181,#3182,#3183);
#3181 = CARTESIAN_POINT('',(-29.76648817509,-18.60016617458,0.));
#3182 = DIRECTION('',(-0.,0.,1.));
#3183 = DIRECTION('',(0.680943522858,-0.732335932942,0.));
#3184 = PCURVE('',#45,#3185);
#3185 = DEFINITIONAL_REPRESENTATION('',(#3186),#3190);
#3186 = CIRCLE('',#3187,0.55);
#3187 = AXIS2_PLACEMENT_2D('',#3188,#3189);
#3188 = CARTESIAN_POINT('',(-29.76648817509,-18.60016617458));
#3189 = DIRECTION('',(0.680943522858,-0.732335932942));
#3190 = ( GEOMETRIC_REPRESENTATION_CONTEXT(2) 
PARAMETRIC_REPRESENTATION_CONTEXT() REPRESENTATION_CONTEXT('2D SPACE',''
  ) );
#3191 = PCURVE('',#3192,#3197);
#3192 = CYLINDRICAL_SURFACE('',#3193,0.55);
#3193 = AXIS2_PLACEMENT_3D('',#3194,#3195,#3196);
#3194 = CARTESIAN_POINT('',(-29.76648817509,-18.60016617458,0.));
#3195 = DIRECTION('',(-0.,-0.,-1.));
#3196 = DIRECTION('',(1.,0.,0.));
#3197 = DEFINITIONAL_REPRESENTATION('',(#3198),#3202);
#3198 = LINE('',#3199,#3200);
#3199 = CARTESIAN_POINT('',(-5.461439218998,0.));
#3200 = VECTOR('',#3201,1.);
#3201 = DIRECTION('',(-1.,0.));
#3202 = ( GEOMETRIC_REPRESENTATION_CONTEXT(2) 
PARAMETRIC_REPRESENTATION_CONTEXT() REPRESENTATION_CONTEXT('2D SPACE',''
  ) );
#3203 = ORIENTED_EDGE('',*,*,#3204,.T.);
#3204 = EDGE_CURVE('',#3176,#3205,#3207,.T.);
#3205 = VERTEX_POINT('',#3206);
#3206 = CARTESIAN_POINT('',(-28.62965476841,-20.13312861532,0.));
#3207 = SURFACE_CURVE('',#3208,(#3213,#3220),.PCURVE_S1.);
#3208 = CIRCLE('',#3209,35.);
#3209 = AXIS2_PLACEMENT_3D('',#3210,#3211,#3212);
#3210 = CARTESIAN_POINT('',(0.,0.,0.));
#3211 = DIRECTION('',(0.,0.,1.));
#3212 = DIRECTION('',(1.,0.,0.));
#3213 = PCURVE('',#45,#3214);
#3214 = DEFINITIONAL_REPRESENTATION('',(#3215),#3219);
#3215 = CIRCLE('',#3216,35.);
#3216 = AXIS2_PLACEMENT_2D('',#3217,#3218);
#3217 = CARTESIAN_POINT('',(1.250230978322E-15,-2.32193833596E-15));
#3218 = DIRECTION('',(1.,0.));
#3219 = ( GEOMETRIC_REPRESENTATION_CONTEXT(2) 
PARAMETRIC_REPRESENTATION_CONTEXT() REPRESENTATION_CONTEXT('2D SPACE',''
  ) );
#3220 = PCURVE('',#3221,#3226);
#3221 = CYLINDRICAL_SURFACE('',#3222,35.);
#3222 = AXIS2_PLACEMENT_3D('',#3223,#3224,#3225);
#3223 = CARTESIAN_POINT('',(0.,0.,0.));
#3224 = DIRECTION('',(-0.,-0.,-1.));
#3225 = DIRECTION('',(1.,0.,0.));
#3226 = DEFINITIONAL_REPRESENTATION('',(#3227),#3231);
#3227 = LINE('',#3228,#3229);
#3228 = CARTESIAN_POINT('',(-0.,0.));
#3229 = VECTOR('',#3230,1.);
#3230 = DIRECTION('',(-1.,0.));
#3231 = ( GEOMETRIC_REPRESENTATION_CONTEXT(2) 
PARAMETRIC_REPRESENTATION_CONTEXT() REPRESENTATION_CONTEXT('2D SPACE',''
  ) );
#3232 = ORIENTED_EDGE('',*,*,#3233,.F.);
#3233 = EDGE_CURVE('',#3234,#3205,#3236,.T.);
#3234 = VERTEX_POINT('',#3235);
#3235 = CARTESIAN_POINT('',(-27.99479302954,-21.0069408347,0.));
#3236 = SURFACE_CURVE('',#3237,(#3242,#3249),.PCURVE_S1.);
#3237 = CIRCLE('',#3238,0.55);
#3238 = AXIS2_PLACEMENT_3D('',#3239,#3240,#3241);
#3239 = CARTESIAN_POINT('',(-28.39649650256,-20.63126235546,0.));
#3240 = DIRECTION('',(-0.,0.,1.));
#3241 = DIRECTION('',(0.730369950939,-0.683051780443,0.));
#3242 = PCURVE('',#45,#3243);
#3243 = DEFINITIONAL_REPRESENTATION('',(#3244),#3248);
#3244 = CIRCLE('',#3245,0.55);
#3245 = AXIS2_PLACEMENT_2D('',#3246,#3247);
#3246 = CARTESIAN_POINT('',(-28.39649650256,-20.63126235546));
#3247 = DIRECTION('',(0.730369950939,-0.683051780443));
#3248 = ( GEOMETRIC_REPRESENTATION_CONTEXT(2) 
PARAMETRIC_REPRESENTATION_CONTEXT() REPRESENTATION_CONTEXT('2D SPACE',''
  ) );
#3249 = PCURVE('',#3250,#3255);
#3250 = CYLINDRICAL_SURFACE('',#3251,0.55);
#3251 = AXIS2_PLACEMENT_3D('',#3252,#3253,#3254);
#3252 = CARTESIAN_POINT('',(-28.39649650256,-20.63126235546,0.));
#3253 = DIRECTION('',(-0.,-0.,-1.));
#3254 = DIRECTION('',(1.,0.,0.));
#3255 = DEFINITIONAL_REPRESENTATION('',(#3256),#3260);
#3256 = LINE('',#3257,#3258);
#3257 = CARTESIAN_POINT('',(-5.531252389078,0.));
#3258 = VECTOR('',#3259,1.);
#3259 = DIRECTION('',(-1.,0.));
#3260 = ( GEOMETRIC_REPRESENTATION_CONTEXT(2) 
PARAMETRIC_REPRESENTATION_CONTEXT() REPRESENTATION_CONTEXT('2D SPACE',''
  ) );
#3261 = ORIENTED_EDGE('',*,*,#3262,.T.);
#3262 = EDGE_CURVE('',#3234,#3263,#3265,.T.);
#3263 = VERTEX_POINT('',#3264);
#3264 = CARTESIAN_POINT('',(-27.15549831067,-22.08118908706,0.));
#3265 = SURFACE_CURVE('',#3266,(#3271,#3278),.PCURVE_S1.);
#3266 = CIRCLE('',#3267,35.);
#3267 = AXIS2_PLACEMENT_3D('',#3268,#3269,#3270);
#3268 = CARTESIAN_POINT('',(0.,0.,0.));
#3269 = DIRECTION('',(0.,0.,1.));
#3270 = DIRECTION('',(1.,0.,0.));
#3271 = PCURVE('',#45,#3272);
#3272 = DEFINITIONAL_REPRESENTATION('',(#3273),#3277);
#3273 = CIRCLE('',#3274,35.);
#3274 = AXIS2_PLACEMENT_2D('',#3275,#3276);
#3275 = CARTESIAN_POINT('',(1.250230978322E-15,-2.32193833596E-15));
#3276 = DIRECTION('',(1.,0.));
#3277 = ( GEOMETRIC_REPRESENTATION_CONTEXT(2) 
PARAMETRIC_REPRESENTATION_CONTEXT() REPRESENTATION_CONTEXT('2D SPACE',''
  ) );
#3278 = PCURVE('',#3279,#3284);
#3279 = CYLINDRICAL_SURFACE('',#3280,35.);
#3280 = AXIS2_PLACEMENT_3D('',#3281,#3282,#3283);
#3281 = CARTESIAN_POINT('',(0.,0.,0.));
#3282 = DIRECTION('',(-0.,-0.,-1.));
#3283 = DIRECTION('',(1.,0.,0.));
#3284 = DEFINITIONAL_REPRESENTATION('',(#3285),#3289);
#3285 = LINE('',#3286,#3287);
#3286 = CARTESIAN_POINT('',(-0.,0.));
#3287 = VECTOR('',#3288,1.);
#3288 = DIRECTION('',(-1.,0.));
#3289 = ( GEOMETRIC_REPRESENTATION_CONTEXT(2) 
PARAMETRIC_REPRESENTATION_CONTEXT() REPRESENTATION_CONTEXT('2D SPACE',''
  ) );
#3290 = ORIENTED_EDGE('',*,*,#3291,.F.);
#3291 = EDGE_CURVE('',#3292,#3263,#3294,.T.);
#3292 = VERTEX_POINT('',#3293);
#3293 = CARTESIAN_POINT('',(-26.46122900395,-22.90858702757,0.));
#3294 = SURFACE_CURVE('',#3295,(#3300,#3307),.PCURVE_S1.);
#3295 = CIRCLE('',#3296,0.55);
#3296 = AXIS2_PLACEMENT_3D('',#3297,#3298,#3299);
#3297 = CARTESIAN_POINT('',(-26.88815995347,-22.56184509999,0.));
#3298 = DIRECTION('',(-0.,0.,1.));
#3299 = DIRECTION('',(0.776238090035,-0.630439868329,0.));
#3300 = PCURVE('',#45,#3301);
#3301 = DEFINITIONAL_REPRESENTATION('',(#3302),#3306);
#3302 = CIRCLE('',#3303,0.55);
#3303 = AXIS2_PLACEMENT_2D('',#3304,#3305);
#3304 = CARTESIAN_POINT('',(-26.88815995347,-22.56184509999));
#3305 = DIRECTION('',(0.776238090035,-0.630439868329));
#3306 = ( GEOMETRIC_REPRESENTATION_CONTEXT(2) 
PARAMETRIC_REPRESENTATION_CONTEXT() REPRESENTATION_CONTEXT('2D SPACE',''
  ) );
#3307 = PCURVE('',#3308,#3313);
#3308 = CYLINDRICAL_SURFACE('',#3309,0.55);
#3309 = AXIS2_PLACEMENT_3D('',#3310,#3311,#3312);
#3310 = CARTESIAN_POINT('',(-26.88815995347,-22.56184509999,0.));
#3311 = DIRECTION('',(-0.,-0.,-1.));
#3312 = DIRECTION('',(1.,0.,0.));
#3313 = DEFINITIONAL_REPRESENTATION('',(#3314),#3318);
#3314 = LINE('',#3315,#3316);
#3315 = CARTESIAN_POINT('',(-5.601065559158,0.));
#3316 = VECTOR('',#3317,1.);
#3317 = DIRECTION('',(-1.,0.));
#3318 = ( GEOMETRIC_REPRESENTATION_CONTEXT(2) 
PARAMETRIC_REPRESENTATION_CONTEXT() REPRESENTATION_CONTEXT('2D SPACE',''
  ) );
#3319 = ORIENTED_EDGE('',*,*,#3320,.T.);
#3320 = EDGE_CURVE('',#3292,#3321,#3323,.T.);
#3321 = VERTEX_POINT('',#3322);
#3322 = CARTESIAN_POINT('',(-25.54904299483,-23.92167222516,0.));
#3323 = SURFACE_CURVE('',#3324,(#3329,#3336),.PCURVE_S1.);
#3324 = CIRCLE('',#3325,35.);
#3325 = AXIS2_PLACEMENT_3D('',#3326,#3327,#3328);
#3326 = CARTESIAN_POINT('',(0.,0.,0.));
#3327 = DIRECTION('',(0.,0.,1.));
#3328 = DIRECTION('',(1.,0.,0.));
#3329 = PCURVE('',#45,#3330);
#3330 = DEFINITIONAL_REPRESENTATION('',(#3331),#3335);
#3331 = CIRCLE('',#3332,35.);
#3332 = AXIS2_PLACEMENT_2D('',#3333,#3334);
#3333 = CARTESIAN_POINT('',(1.250230978322E-15,-2.32193833596E-15));
#3334 = DIRECTION('',(1.,0.));
#3335 = ( GEOMETRIC_REPRESENTATION_CONTEXT(2) 
PARAMETRIC_REPRESENTATION_CONTEXT() REPRESENTATION_CONTEXT('2D SPACE',''
  ) );
#3336 = PCURVE('',#3337,#3342);
#3337 = CYLINDRICAL_SURFACE('',#3338,35.);
#3338 = AXIS2_PLACEMENT_3D('',#3339,#3340,#3341);
#3339 = CARTESIAN_POINT('',(0.,0.,0.));
#3340 = DIRECTION('',(-0.,-0.,-1.));
#3341 = DIRECTION('',(1.,0.,0.));
#3342 = DEFINITIONAL_REPRESENTATION('',(#3343),#3347);
#3343 = LINE('',#3344,#3345);
#3344 = CARTESIAN_POINT('',(-0.,0.));
#3345 = VECTOR('',#3346,1.);
#3346 = DIRECTION('',(-1.,0.));
#3347 = ( GEOMETRIC_REPRESENTATION_CONTEXT(2) 
PARAMETRIC_REPRESENTATION_CONTEXT() REPRESENTATION_CONTEXT('2D SPACE',''
  ) );
#3348 = ORIENTED_EDGE('',*,*,#3349,.F.);
#3349 = EDGE_CURVE('',#3350,#3321,#3352,.T.);
#3350 = VERTEX_POINT('',#3351);
#3351 = CARTESIAN_POINT('',(-24.79874853053,-24.69862488721,0.));
#3352 = SURFACE_CURVE('',#3353,(#3358,#3365),.PCURVE_S1.);
#3353 = CIRCLE('',#3354,0.55);
#3354 = AXIS2_PLACEMENT_3D('',#3355,#3356,#3357);
#3355 = CARTESIAN_POINT('',(-25.24882699188,-24.38250880311,0.));
#3356 = DIRECTION('',(-0.,0.,1.));
#3357 = DIRECTION('',(0.818324475183,-0.574756516549,0.));
#3358 = PCURVE('',#45,#3359);
#3359 = DEFINITIONAL_REPRESENTATION('',(#3360),#3364);
#3360 = CIRCLE('',#3361,0.55);
#3361 = AXIS2_PLACEMENT_2D('',#3362,#3363);
#3362 = CARTESIAN_POINT('',(-25.24882699188,-24.38250880311));
#3363 = DIRECTION('',(0.818324475183,-0.574756516549));
#3364 = ( GEOMETRIC_REPRESENTATION_CONTEXT(2) 
PARAMETRIC_REPRESENTATION_CONTEXT() REPRESENTATION_CONTEXT('2D SPACE',''
  ) );
#3365 = PCURVE('',#3366,#3371);
#3366 = CYLINDRICAL_SURFACE('',#3367,0.55);
#3367 = AXIS2_PLACEMENT_3D('',#3368,#3369,#3370);
#3368 = CARTESIAN_POINT('',(-25.24882699188,-24.38250880311,0.));
#3369 = DIRECTION('',(-0.,-0.,-1.));
#3370 = DIRECTION('',(1.,0.,0.));
#3371 = DEFINITIONAL_REPRESENTATION('',(#3372),#3376);
#3372 = LINE('',#3373,#3374);
#3373 = CARTESIAN_POINT('',(-5.670878729237,0.));
#3374 = VECTOR('',#3375,1.);
#3375 = DIRECTION('',(-1.,0.));
#3376 = ( GEOMETRIC_REPRESENTATION_CONTEXT(2) 
PARAMETRIC_REPRESENTATION_CONTEXT() REPRESENTATION_CONTEXT('2D SPACE',''
  ) );
#3377 = ORIENTED_EDGE('',*,*,#3378,.T.);
#3378 = EDGE_CURVE('',#3350,#3379,#3381,.T.);
#3379 = VERTEX_POINT('',#3380);
#3380 = CARTESIAN_POINT('',(-23.81811530969,-25.64561138077,0.));
#3381 = SURFACE_CURVE('',#3382,(#3387,#3394),.PCURVE_S1.);
#3382 = CIRCLE('',#3383,35.);
#3383 = AXIS2_PLACEMENT_3D('',#3384,#3385,#3386);
#3384 = CARTESIAN_POINT('',(0.,0.,0.));
#3385 = DIRECTION('',(0.,0.,1.));
#3386 = DIRECTION('',(1.,0.,0.));
#3387 = PCURVE('',#45,#3388);
#3388 = DEFINITIONAL_REPRESENTATION('',(#3389),#3393);
#3389 = CIRCLE('',#3390,35.);
#3390 = AXIS2_PLACEMENT_2D('',#3391,#3392);
#3391 = CARTESIAN_POINT('',(1.250230978322E-15,-2.32193833596E-15));
#3392 = DIRECTION('',(1.,0.));
#3393 = ( GEOMETRIC_REPRESENTATION_CONTEXT(2) 
PARAMETRIC_REPRESENTATION_CONTEXT() REPRESENTATION_CONTEXT('2D SPACE',''
  ) );
#3394 = PCURVE('',#3395,#3400);
#3395 = CYLINDRICAL_SURFACE('',#3396,35.);
#3396 = AXIS2_PLACEMENT_3D('',#3397,#3398,#3399);
#3397 = CARTESIAN_POINT('',(0.,0.,0.));
#3398 = DIRECTION('',(-0.,-0.,-1.));
#3399 = DIRECTION('',(1.,0.,0.));
#3400 = DEFINITIONAL_REPRESENTATION('',(#3401),#3405);
#3401 = LINE('',#3402,#3403);
#3402 = CARTESIAN_POINT('',(-0.,0.));
#3403 = VECTOR('',#3404,1.);
#3404 = DIRECTION('',(-1.,0.));
#3405 = ( GEOMETRIC_REPRESENTATION_CONTEXT(2) 
PARAMETRIC_REPRESENTATION_CONTEXT() REPRESENTATION_CONTEXT('2D SPACE',''
  ) );
#3406 = ORIENTED_EDGE('',*,*,#3407,.F.);
#3407 = EDGE_CURVE('',#3408,#3379,#3410,.T.);
#3408 = VERTEX_POINT('',#3409);
#3409 = CARTESIAN_POINT('',(-23.01545104703,-26.36833352909,0.));
#3410 = SURFACE_CURVE('',#3411,(#3416,#3423),.PCURVE_S1.);
#3411 = CIRCLE('',#3412,0.55);
#3412 = AXIS2_PLACEMENT_3D('',#3413,#3414,#3415);
#3413 = CARTESIAN_POINT('',(-23.48648428319,-26.08438337425,0.));
#3414 = DIRECTION('',(-0.,0.,1.));
#3415 = DIRECTION('',(0.856424065747,-0.516273008795,0.));
#3416 = PCURVE('',#45,#3417);
#3417 = DEFINITIONAL_REPRESENTATION('',(#3418),#3422);
#3418 = CIRCLE('',#3419,0.55);
#3419 = AXIS2_PLACEMENT_2D('',#3420,#3421);
#3420 = CARTESIAN_POINT('',(-23.48648428319,-26.08438337425));
#3421 = DIRECTION('',(0.856424065747,-0.516273008795));
#3422 = ( GEOMETRIC_REPRESENTATION_CONTEXT(2) 
PARAMETRIC_REPRESENTATION_CONTEXT() REPRESENTATION_CONTEXT('2D SPACE',''
  ) );
#3423 = PCURVE('',#3424,#3429);
#3424 = CYLINDRICAL_SURFACE('',#3425,0.55);
#3425 = AXIS2_PLACEMENT_3D('',#3426,#3427,#3428);
#3426 = CARTESIAN_POINT('',(-23.48648428319,-26.08438337425,0.));
#3427 = DIRECTION('',(-0.,-0.,-1.));
#3428 = DIRECTION('',(1.,0.,0.));
#3429 = DEFINITIONAL_REPRESENTATION('',(#3430),#3434);
#3430 = LINE('',#3431,#3432);
#3431 = CARTESIAN_POINT('',(-5.740691899317,0.));
#3432 = VECTOR('',#3433,1.);
#3433 = DIRECTION('',(-1.,0.));
#3434 = ( GEOMETRIC_REPRESENTATION_CONTEXT(2) 
PARAMETRIC_REPRESENTATION_CONTEXT() REPRESENTATION_CONTEXT('2D SPACE',''
  ) );
#3435 = ORIENTED_EDGE('',*,*,#3436,.T.);
#3436 = EDGE_CURVE('',#3408,#3437,#3439,.T.);
#3437 = VERTEX_POINT('',#3438);
#3438 = CARTESIAN_POINT('',(-21.97114816096,-27.24460769563,0.));
#3439 = SURFACE_CURVE('',#3440,(#3445,#3452),.PCURVE_S1.);
#3440 = CIRCLE('',#3441,35.);
#3441 = AXIS2_PLACEMENT_3D('',#3442,#3443,#3444);
#3442 = CARTESIAN_POINT('',(0.,0.,0.));
#3443 = DIRECTION('',(0.,0.,1.));
#3444 = DIRECTION('',(1.,0.,0.));
#3445 = PCURVE('',#45,#3446);
#3446 = DEFINITIONAL_REPRESENTATION('',(#3447),#3451);
#3447 = CIRCLE('',#3448,35.);
#3448 = AXIS2_PLACEMENT_2D('',#3449,#3450);
#3449 = CARTESIAN_POINT('',(1.250230978322E-15,-2.32193833596E-15));
#3450 = DIRECTION('',(1.,0.));
#3451 = ( GEOMETRIC_REPRESENTATION_CONTEXT(2) 
PARAMETRIC_REPRESENTATION_CONTEXT() REPRESENTATION_CONTEXT('2D SPACE',''
  ) );
#3452 = PCURVE('',#3453,#3458);
#3453 = CYLINDRICAL_SURFACE('',#3454,35.);
#3454 = AXIS2_PLACEMENT_3D('',#3455,#3456,#3457);
#3455 = CARTESIAN_POINT('',(0.,0.,0.));
#3456 = DIRECTION('',(-0.,-0.,-1.));
#3457 = DIRECTION('',(1.,0.,0.));
#3458 = DEFINITIONAL_REPRESENTATION('',(#3459),#3463);
#3459 = LINE('',#3460,#3461);
#3460 = CARTESIAN_POINT('',(-0.,0.));
#3461 = VECTOR('',#3462,1.);
#3462 = DIRECTION('',(-1.,0.));
#3463 = ( GEOMETRIC_REPRESENTATION_CONTEXT(2) 
PARAMETRIC_REPRESENTATION_CONTEXT() REPRESENTATION_CONTEXT('2D SPACE',''
  ) );
#3464 = ORIENTED_EDGE('',*,*,#3465,.F.);
#3465 = EDGE_CURVE('',#3466,#3437,#3468,.T.);
#3466 = VERTEX_POINT('',#3467);
#3467 = CARTESIAN_POINT('',(-21.12002459953,-27.90957830055,0.));
#3468 = SURFACE_CURVE('',#3469,(#3474,#3481),.PCURVE_S1.);
#3469 = CIRCLE('',#3470,0.55);
#3470 = AXIS2_PLACEMENT_3D('',#3471,#3472,#3473);
#3471 = CARTESIAN_POINT('',(-21.60971778393,-27.65917745159,0.));
#3472 = DIRECTION('',(-0.,0.,1.));
#3473 = DIRECTION('',(0.890351244349,-0.455274270837,0.));
#3474 = PCURVE('',#45,#3475);
#3475 = DEFINITIONAL_REPRESENTATION('',(#3476),#3480);
#3476 = CIRCLE('',#3477,0.55);
#3477 = AXIS2_PLACEMENT_2D('',#3478,#3479);
#3478 = CARTESIAN_POINT('',(-21.60971778393,-27.65917745159));
#3479 = DIRECTION('',(0.890351244349,-0.455274270837));
#3480 = ( GEOMETRIC_REPRESENTATION_CONTEXT(2) 
PARAMETRIC_REPRESENTATION_CONTEXT() REPRESENTATION_CONTEXT('2D SPACE',''
  ) );
#3481 = PCURVE('',#3482,#3487);
#3482 = CYLINDRICAL_SURFACE('',#3483,0.55);
#3483 = AXIS2_PLACEMENT_3D('',#3484,#3485,#3486);
#3484 = CARTESIAN_POINT('',(-21.60971778393,-27.65917745159,0.));
#3485 = DIRECTION('',(-0.,-0.,-1.));
#3486 = DIRECTION('',(1.,0.,0.));
#3487 = DEFINITIONAL_REPRESENTATION('',(#3488),#3492);
#3488 = LINE('',#3489,#3490);
#3489 = CARTESIAN_POINT('',(-5.810505069397,0.));
#3490 = VECTOR('',#3491,1.);
#3491 = DIRECTION('',(-1.,0.));
#3492 = ( GEOMETRIC_REPRESENTATION_CONTEXT(2) 
PARAMETRIC_REPRESENTATION_CONTEXT() REPRESENTATION_CONTEXT('2D SPACE',''
  ) );
#3493 = ORIENTED_EDGE('',*,*,#3494,.T.);
#3494 = EDGE_CURVE('',#3466,#3495,#3497,.T.);
#3495 = VERTEX_POINT('',#3496);
#3496 = CARTESIAN_POINT('',(-20.01713978691,-28.71087102041,0.));
#3497 = SURFACE_CURVE('',#3498,(#3503,#3510),.PCURVE_S1.);
#3498 = CIRCLE('',#3499,35.);
#3499 = AXIS2_PLACEMENT_3D('',#3500,#3501,#3502);
#3500 = CARTESIAN_POINT('',(0.,0.,0.));
#3501 = DIRECTION('',(0.,0.,1.));
#3502 = DIRECTION('',(1.,0.,0.));
#3503 = PCURVE('',#45,#3504);
#3504 = DEFINITIONAL_REPRESENTATION('',(#3505),#3509);
#3505 = CIRCLE('',#3506,35.);
#3506 = AXIS2_PLACEMENT_2D('',#3507,#3508);
#3507 = CARTESIAN_POINT('',(1.250230978322E-15,-2.32193833596E-15));
#3508 = DIRECTION('',(1.,0.));
#3509 = ( GEOMETRIC_REPRESENTATION_CONTEXT(2) 
PARAMETRIC_REPRESENTATION_CONTEXT() REPRESENTATION_CONTEXT('2D SPACE',''
  ) );
#3510 = PCURVE('',#3511,#3516);
#3511 = CYLINDRICAL_SURFACE('',#3512,35.);
#3512 = AXIS2_PLACEMENT_3D('',#3513,#3514,#3515);
#3513 = CARTESIAN_POINT('',(0.,0.,0.));
#3514 = DIRECTION('',(-0.,-0.,-1.));
#3515 = DIRECTION('',(1.,0.,0.));
#3516 = DEFINITIONAL_REPRESENTATION('',(#3517),#3521);
#3517 = LINE('',#3518,#3519);
#3518 = CARTESIAN_POINT('',(-0.,0.));
#3519 = VECTOR('',#3520,1.);
#3520 = DIRECTION('',(-1.,0.));
#3521 = ( GEOMETRIC_REPRESENTATION_CONTEXT(2) 
PARAMETRIC_REPRESENTATION_CONTEXT() REPRESENTATION_CONTEXT('2D SPACE',''
  ) );
#3522 = ORIENTED_EDGE('',*,*,#3523,.F.);
#3523 = EDGE_CURVE('',#3524,#3495,#3526,.T.);
#3524 = VERTEX_POINT('',#3525);
#3525 = CARTESIAN_POINT('',(-19.12170351517,-29.314850412,0.));
#3526 = SURFACE_CURVE('',#3527,(#3532,#3539),.PCURVE_S1.);
#3527 = CIRCLE('',#3528,0.55);
#3528 = AXIS2_PLACEMENT_3D('',#3529,#3530,#3531);
#3529 = CARTESIAN_POINT('',(-19.62767091182,-29.09921879668,0.));
#3530 = DIRECTION('',(-0.,0.,1.));
#3531 = DIRECTION('',(0.919940721187,-0.392057482396,0.));
#3532 = PCURVE('',#45,#3533);
#3533 = DEFINITIONAL_REPRESENTATION('',(#3534),#3538);
#3534 = CIRCLE('',#3535,0.55);
#3535 = AXIS2_PLACEMENT_2D('',#3536,#3537);
#3536 = CARTESIAN_POINT('',(-19.62767091182,-29.09921879668));
#3537 = DIRECTION('',(0.919940721187,-0.392057482396));
#3538 = ( GEOMETRIC_REPRESENTATION_CONTEXT(2) 
PARAMETRIC_REPRESENTATION_CONTEXT() REPRESENTATION_CONTEXT('2D SPACE',''
  ) );
#3539 = PCURVE('',#3540,#3545);
#3540 = CYLINDRICAL_SURFACE('',#3541,0.55);
#3541 = AXIS2_PLACEMENT_3D('',#3542,#3543,#3544);
#3542 = CARTESIAN_POINT('',(-19.62767091182,-29.09921879668,0.));
#3543 = DIRECTION('',(-0.,-0.,-1.));
#3544 = DIRECTION('',(1.,0.,0.));
#3545 = DEFINITIONAL_REPRESENTATION('',(#3546),#3550);
#3546 = LINE('',#3547,#3548);
#3547 = CARTESIAN_POINT('',(-5.880318239477,0.));
#3548 = VECTOR('',#3549,1.);
#3549 = DIRECTION('',(-1.,0.));
#3550 = ( GEOMETRIC_REPRESENTATION_CONTEXT(2) 
PARAMETRIC_REPRESENTATION_CONTEXT() REPRESENTATION_CONTEXT('2D SPACE',''
  ) );
#3551 = ORIENTED_EDGE('',*,*,#3552,.T.);
#3552 = EDGE_CURVE('',#3524,#3553,#3555,.T.);
#3553 = VERTEX_POINT('',#3554);
#3554 = CARTESIAN_POINT('',(-17.96560991995,-30.03725786759,0.));
#3555 = SURFACE_CURVE('',#3556,(#3561,#3568),.PCURVE_S1.);
#3556 = CIRCLE('',#3557,35.);
#3557 = AXIS2_PLACEMENT_3D('',#3558,#3559,#3560);
#3558 = CARTESIAN_POINT('',(0.,0.,0.));
#3559 = DIRECTION('',(0.,0.,1.));
#3560 = DIRECTION('',(1.,0.,0.));
#3561 = PCURVE('',#45,#3562);
#3562 = DEFINITIONAL_REPRESENTATION('',(#3563),#3567);
#3563 = CIRCLE('',#3564,35.);
#3564 = AXIS2_PLACEMENT_2D('',#3565,#3566);
#3565 = CARTESIAN_POINT('',(1.250230978322E-15,-2.32193833596E-15));
#3566 = DIRECTION('',(1.,0.));
#3567 = ( GEOMETRIC_REPRESENTATION_CONTEXT(2) 
PARAMETRIC_REPRESENTATION_CONTEXT() REPRESENTATION_CONTEXT('2D SPACE',''
  ) );
#3568 = PCURVE('',#3569,#3574);
#3569 = CYLINDRICAL_SURFACE('',#3570,35.);
#3570 = AXIS2_PLACEMENT_3D('',#3571,#3572,#3573);
#3571 = CARTESIAN_POINT('',(0.,0.,0.));
#3572 = DIRECTION('',(-0.,-0.,-1.));
#3573 = DIRECTION('',(1.,0.,0.));
#3574 = DEFINITIONAL_REPRESENTATION('',(#3575),#3579);
#3575 = LINE('',#3576,#3577);
#3576 = CARTESIAN_POINT('',(-0.,0.));
#3577 = VECTOR('',#3578,1.);
#3578 = DIRECTION('',(-1.,0.));
#3579 = ( GEOMETRIC_REPRESENTATION_CONTEXT(2) 
PARAMETRIC_REPRESENTATION_CONTEXT() REPRESENTATION_CONTEXT('2D SPACE',''
  ) );
#3580 = ORIENTED_EDGE('',*,*,#3581,.F.);
#3581 = EDGE_CURVE('',#3582,#3553,#3584,.T.);
#3582 = VERTEX_POINT('',#3583);
#3583 = CARTESIAN_POINT('',(-17.03022341338,-30.57730351895,0.));
#3584 = SURFACE_CURVE('',#3585,(#3590,#3597),.PCURVE_S1.);
#3585 = CIRCLE('',#3586,0.55);
#3586 = AXIS2_PLACEMENT_3D('',#3587,#3588,#3589);
#3587 = CARTESIAN_POINT('',(-17.55,-30.39749167283,0.));
#3588 = DIRECTION('',(-0.,0.,1.));
#3589 = DIRECTION('',(0.945048339303,-0.32693062931,0.));
#3590 = PCURVE('',#45,#3591);
#3591 = DEFINITIONAL_REPRESENTATION('',(#3592),#3596);
#3592 = CIRCLE('',#3593,0.55);
#3593 = AXIS2_PLACEMENT_2D('',#3594,#3595);
#3594 = CARTESIAN_POINT('',(-17.55,-30.39749167283));
#3595 = DIRECTION('',(0.945048339303,-0.32693062931));
#3596 = ( GEOMETRIC_REPRESENTATION_CONTEXT(2) 
PARAMETRIC_REPRESENTATION_CONTEXT() REPRESENTATION_CONTEXT('2D SPACE',''
  ) );
#3597 = PCURVE('',#3598,#3603);
#3598 = CYLINDRICAL_SURFACE('',#3599,0.55);
#3599 = AXIS2_PLACEMENT_3D('',#3600,#3601,#3602);
#3600 = CARTESIAN_POINT('',(-17.55,-30.39749167283,0.));
#3601 = DIRECTION('',(-0.,-0.,-1.));
#3602 = DIRECTION('',(1.,0.,0.));
#3603 = DEFINITIONAL_REPRESENTATION('',(#3604),#3608);
#3604 = LINE('',#3605,#3606);
#3605 = CARTESIAN_POINT('',(-5.950131409556,0.));
#3606 = VECTOR('',#3607,1.);
#3607 = DIRECTION('',(-1.,0.));
#3608 = ( GEOMETRIC_REPRESENTATION_CONTEXT(2) 
PARAMETRIC_REPRESENTATION_CONTEXT() REPRESENTATION_CONTEXT('2D SPACE',''
  ) );
#3609 = ORIENTED_EDGE('',*,*,#3610,.T.);
#3610 = EDGE_CURVE('',#3582,#3611,#3613,.T.);
#3611 = VERTEX_POINT('',#3612);
#3612 = CARTESIAN_POINT('',(-15.82655340734,-31.21730621377,0.));
#3613 = SURFACE_CURVE('',#3614,(#3619,#3626),.PCURVE_S1.);
#3614 = CIRCLE('',#3615,35.);
#3615 = AXIS2_PLACEMENT_3D('',#3616,#3617,#3618);
#3616 = CARTESIAN_POINT('',(0.,0.,0.));
#3617 = DIRECTION('',(0.,0.,1.));
#3618 = DIRECTION('',(1.,0.,0.));
#3619 = PCURVE('',#45,#3620);
#3620 = DEFINITIONAL_REPRESENTATION('',(#3621),#3625);
#3621 = CIRCLE('',#3622,35.);
#3622 = AXIS2_PLACEMENT_2D('',#3623,#3624);
#3623 = CARTESIAN_POINT('',(1.250230978322E-15,-2.32193833596E-15));
#3624 = DIRECTION('',(1.,0.));
#3625 = ( GEOMETRIC_REPRESENTATION_CONTEXT(2) 
PARAMETRIC_REPRESENTATION_CONTEXT() REPRESENTATION_CONTEXT('2D SPACE',''
  ) );
#3626 = PCURVE('',#3627,#3632);
#3627 = CYLINDRICAL_SURFACE('',#3628,35.);
#3628 = AXIS2_PLACEMENT_3D('',#3629,#3630,#3631);
#3629 = CARTESIAN_POINT('',(0.,0.,0.));
#3630 = DIRECTION('',(-0.,-0.,-1.));
#3631 = DIRECTION('',(1.,0.,0.));
#3632 = DEFINITIONAL_REPRESENTATION('',(#3633),#3637);
#3633 = LINE('',#3634,#3635);
#3634 = CARTESIAN_POINT('',(-0.,0.));
#3635 = VECTOR('',#3636,1.);
#3636 = DIRECTION('',(-1.,0.));
#3637 = ( GEOMETRIC_REPRESENTATION_CONTEXT(2) 
PARAMETRIC_REPRESENTATION_CONTEXT() REPRESENTATION_CONTEXT('2D SPACE',''
  ) );
#3638 = ORIENTED_EDGE('',*,*,#3639,.F.);
#3639 = EDGE_CURVE('',#3640,#3611,#3642,.T.);
#3640 = VERTEX_POINT('',#3641);
#3641 = CARTESIAN_POINT('',(-14.85577377499,-31.69078707678,0.));
#3642 = SURFACE_CURVE('',#3643,(#3648,#3655),.PCURVE_S1.);
#3643 = CIRCLE('',#3644,0.55);
#3644 = AXIS2_PLACEMENT_3D('',#3645,#3646,#3647);
#3645 = CARTESIAN_POINT('',(-15.38682725229,-31.5476710251,0.));
#3646 = DIRECTION('',(-0.,0.,1.));
#3647 = DIRECTION('',(0.965551776906,-0.260211003061,0.));
#3648 = PCURVE('',#45,#3649);
#3649 = DEFINITIONAL_REPRESENTATION('',(#3650),#3654);
#3650 = CIRCLE('',#3651,0.55);
#3651 = AXIS2_PLACEMENT_2D('',#3652,#3653);
#3652 = CARTESIAN_POINT('',(-15.38682725229,-31.5476710251));
#3653 = DIRECTION('',(0.965551776906,-0.260211003061));
#3654 = ( GEOMETRIC_REPRESENTATION_CONTEXT(2) 
PARAMETRIC_REPRESENTATION_CONTEXT() REPRESENTATION_CONTEXT('2D SPACE',''
  ) );
#3655 = PCURVE('',#3656,#3661);
#3656 = CYLINDRICAL_SURFACE('',#3657,0.55);
#3657 = AXIS2_PLACEMENT_3D('',#3658,#3659,#3660);
#3658 = CARTESIAN_POINT('',(-15.38682725229,-31.5476710251,0.));
#3659 = DIRECTION('',(-0.,-0.,-1.));
#3660 = DIRECTION('',(1.,0.,0.));
#3661 = DEFINITIONAL_REPRESENTATION('',(#3662),#3666);
#3662 = LINE('',#3663,#3664);
#3663 = CARTESIAN_POINT('',(-6.019944579636,0.));
#3664 = VECTOR('',#3665,1.);
#3665 = DIRECTION('',(-1.,0.));
#3666 = ( GEOMETRIC_REPRESENTATION_CONTEXT(2) 
PARAMETRIC_REPRESENTATION_CONTEXT() REPRESENTATION_CONTEXT('2D SPACE',''
  ) );
#3667 = ORIENTED_EDGE('',*,*,#3668,.T.);
#3668 = EDGE_CURVE('',#3640,#3669,#3671,.T.);
#3669 = VERTEX_POINT('',#3670);
#3670 = CARTESIAN_POINT('',(-13.61039151742,-32.24526698203,0.));
#3671 = SURFACE_CURVE('',#3672,(#3677,#3684),.PCURVE_S1.);
#3672 = CIRCLE('',#3673,35.);
#3673 = AXIS2_PLACEMENT_3D('',#3674,#3675,#3676);
#3674 = CARTESIAN_POINT('',(0.,0.,0.));
#3675 = DIRECTION('',(0.,0.,1.));
#3676 = DIRECTION('',(1.,0.,0.));
#3677 = PCURVE('',#45,#3678);
#3678 = DEFINITIONAL_REPRESENTATION('',(#3679),#3683);
#3679 = CIRCLE('',#3680,35.);
#3680 = AXIS2_PLACEMENT_2D('',#3681,#3682);
#3681 = CARTESIAN_POINT('',(1.250230978322E-15,-2.32193833596E-15));
#3682 = DIRECTION('',(1.,0.));
#3683 = ( GEOMETRIC_REPRESENTATION_CONTEXT(2) 
PARAMETRIC_REPRESENTATION_CONTEXT() REPRESENTATION_CONTEXT('2D SPACE',''
  ) );
#3684 = PCURVE('',#3685,#3690);
#3685 = CYLINDRICAL_SURFACE('',#3686,35.);
#3686 = AXIS2_PLACEMENT_3D('',#3687,#3688,#3689);
#3687 = CARTESIAN_POINT('',(0.,0.,0.));
#3688 = DIRECTION('',(-0.,-0.,-1.));
#3689 = DIRECTION('',(1.,0.,0.));
#3690 = DEFINITIONAL_REPRESENTATION('',(#3691),#3695);
#3691 = LINE('',#3692,#3693);
#3692 = CARTESIAN_POINT('',(-0.,0.));
#3693 = VECTOR('',#3694,1.);
#3694 = DIRECTION('',(-1.,0.));
#3695 = ( GEOMETRIC_REPRESENTATION_CONTEXT(2) 
PARAMETRIC_REPRESENTATION_CONTEXT() REPRESENTATION_CONTEXT('2D SPACE',''
  ) );
#3696 = ORIENTED_EDGE('',*,*,#3697,.F.);
#3697 = EDGE_CURVE('',#3698,#3669,#3700,.T.);
#3698 = VERTEX_POINT('',#3699);
#3699 = CARTESIAN_POINT('',(-12.60894830007,-32.64987630552,0.));
#3700 = SURFACE_CURVE('',#3701,(#3706,#3713),.PCURVE_S1.);
#3701 = CIRCLE('',#3702,0.55);
#3702 = AXIS2_PLACEMENT_3D('',#3703,#3704,#3705);
#3703 = CARTESIAN_POINT('',(-13.14869142889,-32.54415329529,0.));
#3704 = DIRECTION('',(-0.,0.,1.));
#3705 = DIRECTION('',(0.981351143309,-0.192223654961,0.));
#3706 = PCURVE('',#45,#3707);
#3707 = DEFINITIONAL_REPRESENTATION('',(#3708),#3712);
#3708 = CIRCLE('',#3709,0.55);
#3709 = AXIS2_PLACEMENT_2D('',#3710,#3711);
#3710 = CARTESIAN_POINT('',(-13.14869142889,-32.54415329529));
#3711 = DIRECTION('',(0.981351143309,-0.192223654961));
#3712 = ( GEOMETRIC_REPRESENTATION_CONTEXT(2) 
PARAMETRIC_REPRESENTATION_CONTEXT() REPRESENTATION_CONTEXT('2D SPACE',''
  ) );
#3713 = PCURVE('',#3714,#3719);
#3714 = CYLINDRICAL_SURFACE('',#3715,0.55);
#3715 = AXIS2_PLACEMENT_3D('',#3716,#3717,#3718);
#3716 = CARTESIAN_POINT('',(-13.14869142889,-32.54415329529,0.));
#3717 = DIRECTION('',(-0.,-0.,-1.));
#3718 = DIRECTION('',(1.,0.,0.));
#3719 = DEFINITIONAL_REPRESENTATION('',(#3720),#3724);
#3720 = LINE('',#3721,#3722);
#3721 = CARTESIAN_POINT('',(-6.089757749716,0.));
#3722 = VECTOR('',#3723,1.);
#3723 = DIRECTION('',(-1.,0.));
#3724 = ( GEOMETRIC_REPRESENTATION_CONTEXT(2) 
PARAMETRIC_REPRESENTATION_CONTEXT() REPRESENTATION_CONTEXT('2D SPACE',''
  ) );
#3725 = ORIENTED_EDGE('',*,*,#3726,.T.);
#3726 = EDGE_CURVE('',#3698,#3727,#3729,.T.);
#3727 = VERTEX_POINT('',#3728);
#3728 = CARTESIAN_POINT('',(-11.32792116813,-33.11613205083,0.));
#3729 = SURFACE_CURVE('',#3730,(#3735,#3742),.PCURVE_S1.);
#3730 = CIRCLE('',#3731,35.);
#3731 = AXIS2_PLACEMENT_3D('',#3732,#3733,#3734);
#3732 = CARTESIAN_POINT('',(0.,0.,0.));
#3733 = DIRECTION('',(0.,0.,1.));
#3734 = DIRECTION('',(1.,0.,0.));
#3735 = PCURVE('',#45,#3736);
#3736 = DEFINITIONAL_REPRESENTATION('',(#3737),#3741);
#3737 = CIRCLE('',#3738,35.);
#3738 = AXIS2_PLACEMENT_2D('',#3739,#3740);
#3739 = CARTESIAN_POINT('',(1.250230978322E-15,-2.32193833596E-15));
#3740 = DIRECTION('',(1.,0.));
#3741 = ( GEOMETRIC_REPRESENTATION_CONTEXT(2) 
PARAMETRIC_REPRESENTATION_CONTEXT() REPRESENTATION_CONTEXT('2D SPACE',''
  ) );
#3742 = PCURVE('',#3743,#3748);
#3743 = CYLINDRICAL_SURFACE('',#3744,35.);
#3744 = AXIS2_PLACEMENT_3D('',#3745,#3746,#3747);
#3745 = CARTESIAN_POINT('',(0.,0.,0.));
#3746 = DIRECTION('',(-0.,-0.,-1.));
#3747 = DIRECTION('',(1.,0.,0.));
#3748 = DEFINITIONAL_REPRESENTATION('',(#3749),#3753);
#3749 = LINE('',#3750,#3751);
#3750 = CARTESIAN_POINT('',(-0.,0.));
#3751 = VECTOR('',#3752,1.);
#3752 = DIRECTION('',(-1.,0.));
#3753 = ( GEOMETRIC_REPRESENTATION_CONTEXT(2) 
PARAMETRIC_REPRESENTATION_CONTEXT() REPRESENTATION_CONTEXT('2D SPACE',''
  ) );
#3754 = ORIENTED_EDGE('',*,*,#3755,.F.);
#3755 = EDGE_CURVE('',#3756,#3727,#3758,.T.);
#3756 = VERTEX_POINT('',#3757);
#3757 = CARTESIAN_POINT('',(-10.30069329648,-33.44989861885,0.));
#3758 = SURFACE_CURVE('',#3759,(#3764,#3771),.PCURVE_S1.);
#3759 = CIRCLE('',#3760,0.55);
#3760 = AXIS2_PLACEMENT_3D('',#3761,#3762,#3763);
#3761 = CARTESIAN_POINT('',(-10.84649650256,-33.38208372196,0.));
#3762 = DIRECTION('',(-0.,0.,1.));
#3763 = DIRECTION('',(0.992369465586,-0.123299812537,0.));
#3764 = PCURVE('',#45,#3765);
#3765 = DEFINITIONAL_REPRESENTATION('',(#3766),#3770);
#3766 = CIRCLE('',#3767,0.55);
#3767 = AXIS2_PLACEMENT_2D('',#3768,#3769);
#3768 = CARTESIAN_POINT('',(-10.84649650256,-33.38208372196));
#3769 = DIRECTION('',(0.992369465586,-0.123299812537));
#3770 = ( GEOMETRIC_REPRESENTATION_CONTEXT(2) 
PARAMETRIC_REPRESENTATION_CONTEXT() REPRESENTATION_CONTEXT('2D SPACE',''
  ) );
#3771 = PCURVE('',#3772,#3777);
#3772 = CYLINDRICAL_SURFACE('',#3773,0.55);
#3773 = AXIS2_PLACEMENT_3D('',#3774,#3775,#3776);
#3774 = CARTESIAN_POINT('',(-10.84649650256,-33.38208372196,0.));
#3775 = DIRECTION('',(-0.,-0.,-1.));
#3776 = DIRECTION('',(1.,0.,0.));
#3777 = DEFINITIONAL_REPRESENTATION('',(#3778),#3782);
#3778 = LINE('',#3779,#3780);
#3779 = CARTESIAN_POINT('',(-6.159570919796,0.));
#3780 = VECTOR('',#3781,1.);
#3781 = DIRECTION('',(-1.,0.));
#3782 = ( GEOMETRIC_REPRESENTATION_CONTEXT(2) 
PARAMETRIC_REPRESENTATION_CONTEXT() REPRESENTATION_CONTEXT('2D SPACE',''
  ) );
#3783 = ORIENTED_EDGE('',*,*,#3784,.T.);
#3784 = EDGE_CURVE('',#3756,#3785,#3787,.T.);
#3785 = VERTEX_POINT('',#3786);
#3786 = CARTESIAN_POINT('',(-8.990262325601,-33.82565865311,0.));
#3787 = SURFACE_CURVE('',#3788,(#3793,#3800),.PCURVE_S1.);
#3788 = CIRCLE('',#3789,35.);
#3789 = AXIS2_PLACEMENT_3D('',#3790,#3791,#3792);
#3790 = CARTESIAN_POINT('',(0.,0.,0.));
#3791 = DIRECTION('',(0.,0.,1.));
#3792 = DIRECTION('',(1.,0.,0.));
#3793 = PCURVE('',#45,#3794);
#3794 = DEFINITIONAL_REPRESENTATION('',(#3795),#3799);
#3795 = CIRCLE('',#3796,35.);
#3796 = AXIS2_PLACEMENT_2D('',#3797,#3798);
#3797 = CARTESIAN_POINT('',(1.250230978322E-15,-2.32193833596E-15));
#3798 = DIRECTION('',(1.,0.));
#3799 = ( GEOMETRIC_REPRESENTATION_CONTEXT(2) 
PARAMETRIC_REPRESENTATION_CONTEXT() REPRESENTATION_CONTEXT('2D SPACE',''
  ) );
#3800 = PCURVE('',#3801,#3806);
#3801 = CYLINDRICAL_SURFACE('',#3802,35.);
#3802 = AXIS2_PLACEMENT_3D('',#3803,#3804,#3805);
#3803 = CARTESIAN_POINT('',(0.,0.,0.));
#3804 = DIRECTION('',(-0.,-0.,-1.));
#3805 = DIRECTION('',(1.,0.,0.));
#3806 = DEFINITIONAL_REPRESENTATION('',(#3807),#3811);
#3807 = LINE('',#3808,#3809);
#3808 = CARTESIAN_POINT('',(-0.,0.));
#3809 = VECTOR('',#3810,1.);
#3810 = DIRECTION('',(-1.,0.));
#3811 = ( GEOMETRIC_REPRESENTATION_CONTEXT(2) 
PARAMETRIC_REPRESENTATION_CONTEXT() REPRESENTATION_CONTEXT('2D SPACE',''
  ) );
#3812 = ORIENTED_EDGE('',*,*,#3813,.F.);
#3813 = EDGE_CURVE('',#3814,#3785,#3816,.T.);
#3814 = VERTEX_POINT('',#3815);
#3815 = CARTESIAN_POINT('',(-7.942254350579,-34.08695638848,0.));
#3816 = SURFACE_CURVE('',#3817,(#3822,#3829),.PCURVE_S1.);
#3817 = CIRCLE('',#3818,0.55);
#3818 = AXIS2_PLACEMENT_3D('',#3819,#3820,#3821);
#3819 = CARTESIAN_POINT('',(-8.491458535548,-34.05737999228,0.));
#3820 = DIRECTION('',(-0.,0.,1.));
#3821 = DIRECTION('',(0.998553063581,-5.377526581985E-02,0.));
#3822 = PCURVE('',#45,#3823);
#3823 = DEFINITIONAL_REPRESENTATION('',(#3824),#3828);
#3824 = CIRCLE('',#3825,0.55);
#3825 = AXIS2_PLACEMENT_2D('',#3826,#3827);
#3826 = CARTESIAN_POINT('',(-8.491458535548,-34.05737999228));
#3827 = DIRECTION('',(0.998553063581,-5.377526581985E-02));
#3828 = ( GEOMETRIC_REPRESENTATION_CONTEXT(2) 
PARAMETRIC_REPRESENTATION_CONTEXT() REPRESENTATION_CONTEXT('2D SPACE',''
  ) );
#3829 = PCURVE('',#3830,#3835);
#3830 = CYLINDRICAL_SURFACE('',#3831,0.55);
#3831 = AXIS2_PLACEMENT_3D('',#3832,#3833,#3834);
#3832 = CARTESIAN_POINT('',(-8.491458535548,-34.05737999228,0.));
#3833 = DIRECTION('',(-0.,-0.,-1.));
#3834 = DIRECTION('',(1.,0.,0.));
#3835 = DEFINITIONAL_REPRESENTATION('',(#3836),#3840);
#3836 = LINE('',#3837,#3838);
#3837 = CARTESIAN_POINT('',(-6.229384089876,0.));
#3838 = VECTOR('',#3839,1.);
#3839 = DIRECTION('',(-1.,0.));
#3840 = ( GEOMETRIC_REPRESENTATION_CONTEXT(2) 
PARAMETRIC_REPRESENTATION_CONTEXT() REPRESENTATION_CONTEXT('2D SPACE',''
  ) );
#3841 = ORIENTED_EDGE('',*,*,#3842,.T.);
#3842 = EDGE_CURVE('',#3814,#3843,#3845,.T.);
#3843 = VERTEX_POINT('',#3844);
#3844 = CARTESIAN_POINT('',(-6.608803828711,-34.37039004657,0.));
#3845 = SURFACE_CURVE('',#3846,(#3851,#3858),.PCURVE_S1.);
#3846 = CIRCLE('',#3847,35.);
#3847 = AXIS2_PLACEMENT_3D('',#3848,#3849,#3850);
#3848 = CARTESIAN_POINT('',(0.,0.,0.));
#3849 = DIRECTION('',(0.,0.,1.));
#3850 = DIRECTION('',(1.,0.,0.));
#3851 = PCURVE('',#45,#3852);
#3852 = DEFINITIONAL_REPRESENTATION('',(#3853),#3857);
#3853 = CIRCLE('',#3854,35.);
#3854 = AXIS2_PLACEMENT_2D('',#3855,#3856);
#3855 = CARTESIAN_POINT('',(1.250230978322E-15,-2.32193833596E-15));
#3856 = DIRECTION('',(1.,0.));
#3857 = ( GEOMETRIC_REPRESENTATION_CONTEXT(2) 
PARAMETRIC_REPRESENTATION_CONTEXT() REPRESENTATION_CONTEXT('2D SPACE',''
  ) );
#3858 = PCURVE('',#3859,#3864);
#3859 = CYLINDRICAL_SURFACE('',#3860,35.);
#3860 = AXIS2_PLACEMENT_3D('',#3861,#3862,#3863);
#3861 = CARTESIAN_POINT('',(0.,0.,0.));
#3862 = DIRECTION('',(-0.,-0.,-1.));
#3863 = DIRECTION('',(1.,0.,0.));
#3864 = DEFINITIONAL_REPRESENTATION('',(#3865),#3869);
#3865 = LINE('',#3866,#3867);
#3866 = CARTESIAN_POINT('',(-0.,0.));
#3867 = VECTOR('',#3868,1.);
#3868 = DIRECTION('',(-1.,0.));
#3869 = ( GEOMETRIC_REPRESENTATION_CONTEXT(2) 
PARAMETRIC_REPRESENTATION_CONTEXT() REPRESENTATION_CONTEXT('2D SPACE',''
  ) );
#3870 = ORIENTED_EDGE('',*,*,#3871,.F.);
#3871 = EDGE_CURVE('',#3872,#3843,#3874,.T.);
#3872 = VERTEX_POINT('',#3873);
#3873 = CARTESIAN_POINT('',(-5.545121539827,-34.557945933,0.));
#3874 = SURFACE_CURVE('',#3875,(#3880,#3887),.PCURVE_S1.);
#3875 = CIRCLE('',#3876,0.55);
#3876 = AXIS2_PLACEMENT_3D('',#3877,#3878,#3879);
#3877 = CARTESIAN_POINT('',(-6.095051036109,-34.56675213072,0.));
#3878 = DIRECTION('',(0.,0.,1.));
#3879 = DIRECTION('',(1.,0.,0.));
#3880 = PCURVE('',#45,#3881);
#3881 = DEFINITIONAL_REPRESENTATION('',(#3882),#3886);
#3882 = CIRCLE('',#3883,0.55);
#3883 = AXIS2_PLACEMENT_2D('',#3884,#3885);
#3884 = CARTESIAN_POINT('',(-6.095051036109,-34.56675213072));
#3885 = DIRECTION('',(1.,0.));
#3886 = ( GEOMETRIC_REPRESENTATION_CONTEXT(2) 
PARAMETRIC_REPRESENTATION_CONTEXT() REPRESENTATION_CONTEXT('2D SPACE',''
  ) );
#3887 = PCURVE('',#3888,#3893);
#3888 = CYLINDRICAL_SURFACE('',#3889,0.55);
#3889 = AXIS2_PLACEMENT_3D('',#3890,#3891,#3892);
#3890 = CARTESIAN_POINT('',(-6.095051036109,-34.56675213072,0.));
#3891 = DIRECTION('',(-0.,-0.,-1.));
#3892 = DIRECTION('',(1.,0.,0.));
#3893 = DEFINITIONAL_REPRESENTATION('',(#3894),#3898);
#3894 = LINE('',#3895,#3896);
#3895 = CARTESIAN_POINT('',(-0.,0.));
#3896 = VECTOR('',#3897,1.);
#3897 = DIRECTION('',(-1.,0.));
#3898 = ( GEOMETRIC_REPRESENTATION_CONTEXT(2) 
PARAMETRIC_REPRESENTATION_CONTEXT() REPRESENTATION_CONTEXT('2D SPACE',''
  ) );
#3899 = ORIENTED_EDGE('',*,*,#3900,.T.);
#3900 = EDGE_CURVE('',#3872,#3901,#3903,.T.);
#3901 = VERTEX_POINT('',#3902);
#3902 = CARTESIAN_POINT('',(-4.195147903883,-34.74767235462,0.));
#3903 = SURFACE_CURVE('',#3904,(#3909,#3916),.PCURVE_S1.);
#3904 = CIRCLE('',#3905,35.);
#3905 = AXIS2_PLACEMENT_3D('',#3906,#3907,#3908);
#3906 = CARTESIAN_POINT('',(0.,0.,0.));
#3907 = DIRECTION('',(0.,0.,1.));
#3908 = DIRECTION('',(1.,0.,0.));
#3909 = PCURVE('',#45,#3910);
#3910 = DEFINITIONAL_REPRESENTATION('',(#3911),#3915);
#3911 = CIRCLE('',#3912,35.);
#3912 = AXIS2_PLACEMENT_2D('',#3913,#3914);
#3913 = CARTESIAN_POINT('',(1.250230978322E-15,-2.32193833596E-15));
#3914 = DIRECTION('',(1.,0.));
#3915 = ( GEOMETRIC_REPRESENTATION_CONTEXT(2) 
PARAMETRIC_REPRESENTATION_CONTEXT() REPRESENTATION_CONTEXT('2D SPACE',''
  ) );
#3916 = PCURVE('',#3917,#3922);
#3917 = CYLINDRICAL_SURFACE('',#3918,35.);
#3918 = AXIS2_PLACEMENT_3D('',#3919,#3920,#3921);
#3919 = CARTESIAN_POINT('',(0.,0.,0.));
#3920 = DIRECTION('',(-0.,-0.,-1.));
#3921 = DIRECTION('',(1.,0.,0.));
#3922 = DEFINITIONAL_REPRESENTATION('',(#3923),#3927);
#3923 = LINE('',#3924,#3925);
#3924 = CARTESIAN_POINT('',(-0.,0.));
#3925 = VECTOR('',#3926,1.);
#3926 = DIRECTION('',(-1.,0.));
#3927 = ( GEOMETRIC_REPRESENTATION_CONTEXT(2) 
PARAMETRIC_REPRESENTATION_CONTEXT() REPRESENTATION_CONTEXT('2D SPACE',''
  ) );
#3928 = ORIENTED_EDGE('',*,*,#3929,.F.);
#3929 = EDGE_CURVE('',#3930,#3901,#3932,.T.);
#3930 = VERTEX_POINT('',#3931);
#3931 = CARTESIAN_POINT('',(-3.120973454326,-34.86057263869,0.));
#3932 = SURFACE_CURVE('',#3933,(#3938,#3945),.PCURVE_S1.);
#3933 = CIRCLE('',#3934,0.55);
#3934 = AXIS2_PLACEMENT_3D('',#3935,#3936,#3937);
#3935 = CARTESIAN_POINT('',(-3.668949060695,-34.90771852742,0.));
#3936 = DIRECTION('',(0.,0.,1.));
#3937 = DIRECTION('',(1.,0.,0.));
#3938 = PCURVE('',#45,#3939);
#3939 = DEFINITIONAL_REPRESENTATION('',(#3940),#3944);
#3940 = CIRCLE('',#3941,0.55);
#3941 = AXIS2_PLACEMENT_2D('',#3942,#3943);
#3942 = CARTESIAN_POINT('',(-3.668949060695,-34.90771852742));
#3943 = DIRECTION('',(1.,0.));
#3944 = ( GEOMETRIC_REPRESENTATION_CONTEXT(2) 
PARAMETRIC_REPRESENTATION_CONTEXT() REPRESENTATION_CONTEXT('2D SPACE',''
  ) );
#3945 = PCURVE('',#3946,#3951);
#3946 = CYLINDRICAL_SURFACE('',#3947,0.55);
#3947 = AXIS2_PLACEMENT_3D('',#3948,#3949,#3950);
#3948 = CARTESIAN_POINT('',(-3.668949060695,-34.90771852742,0.));
#3949 = DIRECTION('',(-0.,-0.,-1.));
#3950 = DIRECTION('',(1.,0.,0.));
#3951 = DEFINITIONAL_REPRESENTATION('',(#3952),#3956);
#3952 = LINE('',#3953,#3954);
#3953 = CARTESIAN_POINT('',(-0.,0.));
#3954 = VECTOR('',#3955,1.);
#3955 = DIRECTION('',(-1.,0.));
#3956 = ( GEOMETRIC_REPRESENTATION_CONTEXT(2) 
PARAMETRIC_REPRESENTATION_CONTEXT() REPRESENTATION_CONTEXT('2D SPACE',''
  ) );
#3957 = ORIENTED_EDGE('',*,*,#3958,.T.);
#3958 = EDGE_CURVE('',#3930,#3959,#3961,.T.);
#3959 = VERTEX_POINT('',#3960);
#3960 = CARTESIAN_POINT('',(-1.761053640161,-34.95566749579,0.));
#3961 = SURFACE_CURVE('',#3962,(#3967,#3974),.PCURVE_S1.);
#3962 = CIRCLE('',#3963,35.);
#3963 = AXIS2_PLACEMENT_3D('',#3964,#3965,#3966);
#3964 = CARTESIAN_POINT('',(0.,0.,0.));
#3965 = DIRECTION('',(0.,0.,1.));
#3966 = DIRECTION('',(1.,0.,0.));
#3967 = PCURVE('',#45,#3968);
#3968 = DEFINITIONAL_REPRESENTATION('',(#3969),#3973);
#3969 = CIRCLE('',#3970,35.);
#3970 = AXIS2_PLACEMENT_2D('',#3971,#3972);
#3971 = CARTESIAN_POINT('',(1.250230978322E-15,-2.32193833596E-15));
#3972 = DIRECTION('',(1.,0.));
#3973 = ( GEOMETRIC_REPRESENTATION_CONTEXT(2) 
PARAMETRIC_REPRESENTATION_CONTEXT() REPRESENTATION_CONTEXT('2D SPACE',''
  ) );
#3974 = PCURVE('',#3975,#3980);
#3975 = CYLINDRICAL_SURFACE('',#3976,35.);
#3976 = AXIS2_PLACEMENT_3D('',#3977,#3978,#3979);
#3977 = CARTESIAN_POINT('',(0.,0.,0.));
#3978 = DIRECTION('',(-0.,-0.,-1.));
#3979 = DIRECTION('',(1.,0.,0.));
#3980 = DEFINITIONAL_REPRESENTATION('',(#3981),#3985);
#3981 = LINE('',#3982,#3983);
#3982 = CARTESIAN_POINT('',(-0.,0.));
#3983 = VECTOR('',#3984,1.);
#3984 = DIRECTION('',(-1.,0.));
#3985 = ( GEOMETRIC_REPRESENTATION_CONTEXT(2) 
PARAMETRIC_REPRESENTATION_CONTEXT() REPRESENTATION_CONTEXT('2D SPACE',''
  ) );
#3986 = ORIENTED_EDGE('',*,*,#3987,.F.);
#3987 = EDGE_CURVE('',#3988,#3959,#3990,.T.);
#3988 = VERTEX_POINT('',#3989);
#3989 = CARTESIAN_POINT('',(-0.681620299875,-34.99336213865,0.));
#3990 = SURFACE_CURVE('',#3991,(#3996,#4003),.PCURVE_S1.);
#3991 = CIRCLE('',#3992,0.55);
#3992 = AXIS2_PLACEMENT_3D('',#3993,#3994,#3995);
#3993 = CARTESIAN_POINT('',(-1.224972334258,-35.07861802837,0.));
#3994 = DIRECTION('',(0.,0.,1.));
#3995 = DIRECTION('',(1.,0.,0.));
#3996 = PCURVE('',#45,#3997);
#3997 = DEFINITIONAL_REPRESENTATION('',(#3998),#4002);
#3998 = CIRCLE('',#3999,0.55);
#3999 = AXIS2_PLACEMENT_2D('',#4000,#4001);
#4000 = CARTESIAN_POINT('',(-1.224972334258,-35.07861802837));
#4001 = DIRECTION('',(1.,0.));
#4002 = ( GEOMETRIC_REPRESENTATION_CONTEXT(2) 
PARAMETRIC_REPRESENTATION_CONTEXT() REPRESENTATION_CONTEXT('2D SPACE',''
  ) );
#4003 = PCURVE('',#4004,#4009);
#4004 = CYLINDRICAL_SURFACE('',#4005,0.55);
#4005 = AXIS2_PLACEMENT_3D('',#4006,#4007,#4008);
#4006 = CARTESIAN_POINT('',(-1.224972334258,-35.07861802837,0.));
#4007 = DIRECTION('',(-0.,-0.,-1.));
#4008 = DIRECTION('',(1.,0.,0.));
#4009 = DEFINITIONAL_REPRESENTATION('',(#4010),#4014);
#4010 = LINE('',#4011,#4012);
#4011 = CARTESIAN_POINT('',(-0.,0.));
#4012 = VECTOR('',#4013,1.);
#4013 = DIRECTION('',(-1.,0.));
#4014 = ( GEOMETRIC_REPRESENTATION_CONTEXT(2) 
PARAMETRIC_REPRESENTATION_CONTEXT() REPRESENTATION_CONTEXT('2D SPACE',''
  ) );
#4015 = ORIENTED_EDGE('',*,*,#4016,.T.);
#4016 = EDGE_CURVE('',#3988,#4017,#4019,.T.);
#4017 = VERTEX_POINT('',#4018);
#4018 = CARTESIAN_POINT('',(0.681620299875,-34.99336213865,0.));
#4019 = SURFACE_CURVE('',#4020,(#4025,#4032),.PCURVE_S1.);
#4020 = CIRCLE('',#4021,35.);
#4021 = AXIS2_PLACEMENT_3D('',#4022,#4023,#4024);
#4022 = CARTESIAN_POINT('',(0.,0.,0.));
#4023 = DIRECTION('',(0.,0.,1.));
#4024 = DIRECTION('',(1.,0.,0.));
#4025 = PCURVE('',#45,#4026);
#4026 = DEFINITIONAL_REPRESENTATION('',(#4027),#4031);
#4027 = CIRCLE('',#4028,35.);
#4028 = AXIS2_PLACEMENT_2D('',#4029,#4030);
#4029 = CARTESIAN_POINT('',(1.250230978322E-15,-2.32193833596E-15));
#4030 = DIRECTION('',(1.,0.));
#4031 = ( GEOMETRIC_REPRESENTATION_CONTEXT(2) 
PARAMETRIC_REPRESENTATION_CONTEXT() REPRESENTATION_CONTEXT('2D SPACE',''
  ) );
#4032 = PCURVE('',#4033,#4038);
#4033 = CYLINDRICAL_SURFACE('',#4034,35.);
#4034 = AXIS2_PLACEMENT_3D('',#4035,#4036,#4037);
#4035 = CARTESIAN_POINT('',(0.,0.,0.));
#4036 = DIRECTION('',(-0.,-0.,-1.));
#4037 = DIRECTION('',(1.,0.,0.));
#4038 = DEFINITIONAL_REPRESENTATION('',(#4039),#4043);
#4039 = LINE('',#4040,#4041);
#4040 = CARTESIAN_POINT('',(-0.,0.));
#4041 = VECTOR('',#4042,1.);
#4042 = DIRECTION('',(-1.,0.));
#4043 = ( GEOMETRIC_REPRESENTATION_CONTEXT(2) 
PARAMETRIC_REPRESENTATION_CONTEXT() REPRESENTATION_CONTEXT('2D SPACE',''
  ) );
#4044 = ORIENTED_EDGE('',*,*,#4045,.F.);
#4045 = EDGE_CURVE('',#4046,#4017,#4048,.T.);
#4046 = VERTEX_POINT('',#4047);
#4047 = CARTESIAN_POINT('',(1.761053640161,-34.95566749579,0.));
#4048 = SURFACE_CURVE('',#4049,(#4054,#4061),.PCURVE_S1.);
#4049 = CIRCLE('',#4050,0.55);
#4050 = AXIS2_PLACEMENT_3D('',#4051,#4052,#4053);
#4051 = CARTESIAN_POINT('',(1.224972334258,-35.07861802837,0.));
#4052 = DIRECTION('',(0.,0.,1.));
#4053 = DIRECTION('',(1.,0.,0.));
#4054 = PCURVE('',#45,#4055);
#4055 = DEFINITIONAL_REPRESENTATION('',(#4056),#4060);
#4056 = CIRCLE('',#4057,0.55);
#4057 = AXIS2_PLACEMENT_2D('',#4058,#4059);
#4058 = CARTESIAN_POINT('',(1.224972334258,-35.07861802837));
#4059 = DIRECTION('',(1.,0.));
#4060 = ( GEOMETRIC_REPRESENTATION_CONTEXT(2) 
PARAMETRIC_REPRESENTATION_CONTEXT() REPRESENTATION_CONTEXT('2D SPACE',''
  ) );
#4061 = PCURVE('',#4062,#4067);
#4062 = CYLINDRICAL_SURFACE('',#4063,0.55);
#4063 = AXIS2_PLACEMENT_3D('',#4064,#4065,#4066);
#4064 = CARTESIAN_POINT('',(1.224972334258,-35.07861802837,0.));
#4065 = DIRECTION('',(-0.,-0.,-1.));
#4066 = DIRECTION('',(1.,0.,0.));
#4067 = DEFINITIONAL_REPRESENTATION('',(#4068),#4072);
#4068 = LINE('',#4069,#4070);
#4069 = CARTESIAN_POINT('',(-0.,0.));
#4070 = VECTOR('',#4071,1.);
#4071 = DIRECTION('',(-1.,0.));
#4072 = ( GEOMETRIC_REPRESENTATION_CONTEXT(2) 
PARAMETRIC_REPRESENTATION_CONTEXT() REPRESENTATION_CONTEXT('2D SPACE',''
  ) );
#4073 = ORIENTED_EDGE('',*,*,#4074,.T.);
#4074 = EDGE_CURVE('',#4046,#4075,#4077,.T.);
#4075 = VERTEX_POINT('',#4076);
#4076 = CARTESIAN_POINT('',(3.120973454326,-34.86057263869,0.));
#4077 = SURFACE_CURVE('',#4078,(#4083,#4090),.PCURVE_S1.);
#4078 = CIRCLE('',#4079,35.);
#4079 = AXIS2_PLACEMENT_3D('',#4080,#4081,#4082);
#4080 = CARTESIAN_POINT('',(0.,0.,0.));
#4081 = DIRECTION('',(0.,0.,1.));
#4082 = DIRECTION('',(1.,0.,0.));
#4083 = PCURVE('',#45,#4084);
#4084 = DEFINITIONAL_REPRESENTATION('',(#4085),#4089);
#4085 = CIRCLE('',#4086,35.);
#4086 = AXIS2_PLACEMENT_2D('',#4087,#4088);
#4087 = CARTESIAN_POINT('',(1.250230978322E-15,-2.32193833596E-15));
#4088 = DIRECTION('',(1.,0.));
#4089 = ( GEOMETRIC_REPRESENTATION_CONTEXT(2) 
PARAMETRIC_REPRESENTATION_CONTEXT() REPRESENTATION_CONTEXT('2D SPACE',''
  ) );
#4090 = PCURVE('',#4091,#4096);
#4091 = CYLINDRICAL_SURFACE('',#4092,35.);
#4092 = AXIS2_PLACEMENT_3D('',#4093,#4094,#4095);
#4093 = CARTESIAN_POINT('',(0.,0.,0.));
#4094 = DIRECTION('',(-0.,-0.,-1.));
#4095 = DIRECTION('',(1.,0.,0.));
#4096 = DEFINITIONAL_REPRESENTATION('',(#4097),#4101);
#4097 = LINE('',#4098,#4099);
#4098 = CARTESIAN_POINT('',(-0.,0.));
#4099 = VECTOR('',#4100,1.);
#4100 = DIRECTION('',(-1.,0.));
#4101 = ( GEOMETRIC_REPRESENTATION_CONTEXT(2) 
PARAMETRIC_REPRESENTATION_CONTEXT() REPRESENTATION_CONTEXT('2D SPACE',''
  ) );
#4102 = ORIENTED_EDGE('',*,*,#4103,.F.);
#4103 = EDGE_CURVE('',#4104,#4075,#4106,.T.);
#4104 = VERTEX_POINT('',#4105);
#4105 = CARTESIAN_POINT('',(4.195147903883,-34.74767235462,0.));
#4106 = SURFACE_CURVE('',#4107,(#4112,#4119),.PCURVE_S1.);
#4107 = CIRCLE('',#4108,0.55);
#4108 = AXIS2_PLACEMENT_3D('',#4109,#4110,#4111);
#4109 = CARTESIAN_POINT('',(3.668949060695,-34.90771852742,0.));
#4110 = DIRECTION('',(0.,0.,1.));
#4111 = DIRECTION('',(1.,0.,0.));
#4112 = PCURVE('',#45,#4113);
#4113 = DEFINITIONAL_REPRESENTATION('',(#4114),#4118);
#4114 = CIRCLE('',#4115,0.55);
#4115 = AXIS2_PLACEMENT_2D('',#4116,#4117);
#4116 = CARTESIAN_POINT('',(3.668949060695,-34.90771852742));
#4117 = DIRECTION('',(1.,0.));
#4118 = ( GEOMETRIC_REPRESENTATION_CONTEXT(2) 
PARAMETRIC_REPRESENTATION_CONTEXT() REPRESENTATION_CONTEXT('2D SPACE',''
  ) );
#4119 = PCURVE('',#4120,#4125);
#4120 = CYLINDRICAL_SURFACE('',#4121,0.55);
#4121 = AXIS2_PLACEMENT_3D('',#4122,#4123,#4124);
#4122 = CARTESIAN_POINT('',(3.668949060695,-34.90771852742,0.));
#4123 = DIRECTION('',(-0.,-0.,-1.));
#4124 = DIRECTION('',(1.,0.,0.));
#4125 = DEFINITIONAL_REPRESENTATION('',(#4126),#4130);
#4126 = LINE('',#4127,#4128);
#4127 = CARTESIAN_POINT('',(-0.,0.));
#4128 = VECTOR('',#4129,1.);
#4129 = DIRECTION('',(-1.,0.));
#4130 = ( GEOMETRIC_REPRESENTATION_CONTEXT(2) 
PARAMETRIC_REPRESENTATION_CONTEXT() REPRESENTATION_CONTEXT('2D SPACE',''
  ) );
#4131 = ORIENTED_EDGE('',*,*,#4132,.T.);
#4132 = EDGE_CURVE('',#4104,#4133,#4135,.T.);
#4133 = VERTEX_POINT('',#4134);
#4134 = CARTESIAN_POINT('',(5.545121539827,-34.557945933,0.));
#4135 = SURFACE_CURVE('',#4136,(#4141,#4148),.PCURVE_S1.);
#4136 = CIRCLE('',#4137,35.);
#4137 = AXIS2_PLACEMENT_3D('',#4138,#4139,#4140);
#4138 = CARTESIAN_POINT('',(0.,0.,0.));
#4139 = DIRECTION('',(0.,0.,1.));
#4140 = DIRECTION('',(1.,0.,0.));
#4141 = PCURVE('',#45,#4142);
#4142 = DEFINITIONAL_REPRESENTATION('',(#4143),#4147);
#4143 = CIRCLE('',#4144,35.);
#4144 = AXIS2_PLACEMENT_2D('',#4145,#4146);
#4145 = CARTESIAN_POINT('',(1.250230978322E-15,-2.32193833596E-15));
#4146 = DIRECTION('',(1.,0.));
#4147 = ( GEOMETRIC_REPRESENTATION_CONTEXT(2) 
PARAMETRIC_REPRESENTATION_CONTEXT() REPRESENTATION_CONTEXT('2D SPACE',''
  ) );
#4148 = PCURVE('',#4149,#4154);
#4149 = CYLINDRICAL_SURFACE('',#4150,35.);
#4150 = AXIS2_PLACEMENT_3D('',#4151,#4152,#4153);
#4151 = CARTESIAN_POINT('',(0.,0.,0.));
#4152 = DIRECTION('',(-0.,-0.,-1.));
#4153 = DIRECTION('',(1.,0.,0.));
#4154 = DEFINITIONAL_REPRESENTATION('',(#4155),#4159);
#4155 = LINE('',#4156,#4157);
#4156 = CARTESIAN_POINT('',(-0.,0.));
#4157 = VECTOR('',#4158,1.);
#4158 = DIRECTION('',(-1.,0.));
#4159 = ( GEOMETRIC_REPRESENTATION_CONTEXT(2) 
PARAMETRIC_REPRESENTATION_CONTEXT() REPRESENTATION_CONTEXT('2D SPACE',''
  ) );
#4160 = ORIENTED_EDGE('',*,*,#4161,.F.);
#4161 = EDGE_CURVE('',#4162,#4133,#4164,.T.);
#4162 = VERTEX_POINT('',#4163);
#4163 = CARTESIAN_POINT('',(6.608803828711,-34.37039004657,0.));
#4164 = SURFACE_CURVE('',#4165,(#4170,#4177),.PCURVE_S1.);
#4165 = CIRCLE('',#4166,0.55);
#4166 = AXIS2_PLACEMENT_3D('',#4167,#4168,#4169);
#4167 = CARTESIAN_POINT('',(6.095051036109,-34.56675213072,0.));
#4168 = DIRECTION('',(0.,0.,1.));
#4169 = DIRECTION('',(1.,0.,0.));
#4170 = PCURVE('',#45,#4171);
#4171 = DEFINITIONAL_REPRESENTATION('',(#4172),#4176);
#4172 = CIRCLE('',#4173,0.55);
#4173 = AXIS2_PLACEMENT_2D('',#4174,#4175);
#4174 = CARTESIAN_POINT('',(6.095051036109,-34.56675213072));
#4175 = DIRECTION('',(1.,0.));
#4176 = ( GEOMETRIC_REPRESENTATION_CONTEXT(2) 
PARAMETRIC_REPRESENTATION_CONTEXT() REPRESENTATION_CONTEXT('2D SPACE',''
  ) );
#4177 = PCURVE('',#4178,#4183);
#4178 = CYLINDRICAL_SURFACE('',#4179,0.55);
#4179 = AXIS2_PLACEMENT_3D('',#4180,#4181,#4182);
#4180 = CARTESIAN_POINT('',(6.095051036109,-34.56675213072,0.));
#4181 = DIRECTION('',(-0.,-0.,-1.));
#4182 = DIRECTION('',(1.,0.,0.));
#4183 = DEFINITIONAL_REPRESENTATION('',(#4184),#4188);
#4184 = LINE('',#4185,#4186);
#4185 = CARTESIAN_POINT('',(-0.,0.));
#4186 = VECTOR('',#4187,1.);
#4187 = DIRECTION('',(-1.,0.));
#4188 = ( GEOMETRIC_REPRESENTATION_CONTEXT(2) 
PARAMETRIC_REPRESENTATION_CONTEXT() REPRESENTATION_CONTEXT('2D SPACE',''
  ) );
#4189 = ORIENTED_EDGE('',*,*,#4190,.T.);
#4190 = EDGE_CURVE('',#4162,#4191,#4193,.T.);
#4191 = VERTEX_POINT('',#4192);
#4192 = CARTESIAN_POINT('',(7.942254350579,-34.08695638848,0.));
#4193 = SURFACE_CURVE('',#4194,(#4199,#4206),.PCURVE_S1.);
#4194 = CIRCLE('',#4195,35.);
#4195 = AXIS2_PLACEMENT_3D('',#4196,#4197,#4198);
#4196 = CARTESIAN_POINT('',(0.,0.,0.));
#4197 = DIRECTION('',(0.,0.,1.));
#4198 = DIRECTION('',(1.,0.,0.));
#4199 = PCURVE('',#45,#4200);
#4200 = DEFINITIONAL_REPRESENTATION('',(#4201),#4205);
#4201 = CIRCLE('',#4202,35.);
#4202 = AXIS2_PLACEMENT_2D('',#4203,#4204);
#4203 = CARTESIAN_POINT('',(1.250230978322E-15,-2.32193833596E-15));
#4204 = DIRECTION('',(1.,0.));
#4205 = ( GEOMETRIC_REPRESENTATION_CONTEXT(2) 
PARAMETRIC_REPRESENTATION_CONTEXT() REPRESENTATION_CONTEXT('2D SPACE',''
  ) );
#4206 = PCURVE('',#4207,#4212);
#4207 = CYLINDRICAL_SURFACE('',#4208,35.);
#4208 = AXIS2_PLACEMENT_3D('',#4209,#4210,#4211);
#4209 = CARTESIAN_POINT('',(0.,0.,0.));
#4210 = DIRECTION('',(-0.,-0.,-1.));
#4211 = DIRECTION('',(1.,0.,0.));
#4212 = DEFINITIONAL_REPRESENTATION('',(#4213),#4217);
#4213 = LINE('',#4214,#4215);
#4214 = CARTESIAN_POINT('',(-0.,0.));
#4215 = VECTOR('',#4216,1.);
#4216 = DIRECTION('',(-1.,0.));
#4217 = ( GEOMETRIC_REPRESENTATION_CONTEXT(2) 
PARAMETRIC_REPRESENTATION_CONTEXT() REPRESENTATION_CONTEXT('2D SPACE',''
  ) );
#4218 = ORIENTED_EDGE('',*,*,#4219,.F.);
#4219 = EDGE_CURVE('',#4220,#4191,#4222,.T.);
#4220 = VERTEX_POINT('',#4221);
#4221 = CARTESIAN_POINT('',(8.990262325601,-33.82565865311,0.));
#4222 = SURFACE_CURVE('',#4223,(#4228,#4235),.PCURVE_S1.);
#4223 = CIRCLE('',#4224,0.55);
#4224 = AXIS2_PLACEMENT_3D('',#4225,#4226,#4227);
#4225 = CARTESIAN_POINT('',(8.491458535548,-34.05737999228,0.));
#4226 = DIRECTION('',(0.,0.,1.));
#4227 = DIRECTION('',(1.,0.,0.));
#4228 = PCURVE('',#45,#4229);
#4229 = DEFINITIONAL_REPRESENTATION('',(#4230),#4234);
#4230 = CIRCLE('',#4231,0.55);
#4231 = AXIS2_PLACEMENT_2D('',#4232,#4233);
#4232 = CARTESIAN_POINT('',(8.491458535548,-34.05737999228));
#4233 = DIRECTION('',(1.,0.));
#4234 = ( GEOMETRIC_REPRESENTATION_CONTEXT(2) 
PARAMETRIC_REPRESENTATION_CONTEXT() REPRESENTATION_CONTEXT('2D SPACE',''
  ) );
#4235 = PCURVE('',#4236,#4241);
#4236 = CYLINDRICAL_SURFACE('',#4237,0.55);
#4237 = AXIS2_PLACEMENT_3D('',#4238,#4239,#4240);
#4238 = CARTESIAN_POINT('',(8.491458535548,-34.05737999228,0.));
#4239 = DIRECTION('',(-0.,-0.,-1.));
#4240 = DIRECTION('',(1.,0.,0.));
#4241 = DEFINITIONAL_REPRESENTATION('',(#4242),#4246);
#4242 = LINE('',#4243,#4244);
#4243 = CARTESIAN_POINT('',(-0.,0.));
#4244 = VECTOR('',#4245,1.);
#4245 = DIRECTION('',(-1.,0.));
#4246 = ( GEOMETRIC_REPRESENTATION_CONTEXT(2) 
PARAMETRIC_REPRESENTATION_CONTEXT() REPRESENTATION_CONTEXT('2D SPACE',''
  ) );
#4247 = ORIENTED_EDGE('',*,*,#4248,.T.);
#4248 = EDGE_CURVE('',#4220,#4249,#4251,.T.);
#4249 = VERTEX_POINT('',#4250);
#4250 = CARTESIAN_POINT('',(10.300693296488,-33.44989861885,0.));
#4251 = SURFACE_CURVE('',#4252,(#4257,#4264),.PCURVE_S1.);
#4252 = CIRCLE('',#4253,35.);
#4253 = AXIS2_PLACEMENT_3D('',#4254,#4255,#4256);
#4254 = CARTESIAN_POINT('',(0.,0.,0.));
#4255 = DIRECTION('',(0.,0.,1.));
#4256 = DIRECTION('',(1.,0.,0.));
#4257 = PCURVE('',#45,#4258);
#4258 = DEFINITIONAL_REPRESENTATION('',(#4259),#4263);
#4259 = CIRCLE('',#4260,35.);
#4260 = AXIS2_PLACEMENT_2D('',#4261,#4262);
#4261 = CARTESIAN_POINT('',(1.250230978322E-15,-2.32193833596E-15));
#4262 = DIRECTION('',(1.,0.));
#4263 = ( GEOMETRIC_REPRESENTATION_CONTEXT(2) 
PARAMETRIC_REPRESENTATION_CONTEXT() REPRESENTATION_CONTEXT('2D SPACE',''
  ) );
#4264 = PCURVE('',#4265,#4270);
#4265 = CYLINDRICAL_SURFACE('',#4266,35.);
#4266 = AXIS2_PLACEMENT_3D('',#4267,#4268,#4269);
#4267 = CARTESIAN_POINT('',(0.,0.,0.));
#4268 = DIRECTION('',(-0.,-0.,-1.));
#4269 = DIRECTION('',(1.,0.,0.));
#4270 = DEFINITIONAL_REPRESENTATION('',(#4271),#4275);
#4271 = LINE('',#4272,#4273);
#4272 = CARTESIAN_POINT('',(-0.,0.));
#4273 = VECTOR('',#4274,1.);
#4274 = DIRECTION('',(-1.,0.));
#4275 = ( GEOMETRIC_REPRESENTATION_CONTEXT(2) 
PARAMETRIC_REPRESENTATION_CONTEXT() REPRESENTATION_CONTEXT('2D SPACE',''
  ) );
#4276 = ORIENTED_EDGE('',*,*,#4277,.F.);
#4277 = EDGE_CURVE('',#4278,#4249,#4280,.T.);
#4278 = VERTEX_POINT('',#4279);
#4279 = CARTESIAN_POINT('',(11.327921168138,-33.11613205083,0.));
#4280 = SURFACE_CURVE('',#4281,(#4286,#4293),.PCURVE_S1.);
#4281 = CIRCLE('',#4282,0.55);
#4282 = AXIS2_PLACEMENT_3D('',#4283,#4284,#4285);
#4283 = CARTESIAN_POINT('',(10.846496502561,-33.38208372196,0.));
#4284 = DIRECTION('',(0.,0.,1.));
#4285 = DIRECTION('',(1.,0.,0.));
#4286 = PCURVE('',#45,#4287);
#4287 = DEFINITIONAL_REPRESENTATION('',(#4288),#4292);
#4288 = CIRCLE('',#4289,0.55);
#4289 = AXIS2_PLACEMENT_2D('',#4290,#4291);
#4290 = CARTESIAN_POINT('',(10.846496502561,-33.38208372196));
#4291 = DIRECTION('',(1.,0.));
#4292 = ( GEOMETRIC_REPRESENTATION_CONTEXT(2) 
PARAMETRIC_REPRESENTATION_CONTEXT() REPRESENTATION_CONTEXT('2D SPACE',''
  ) );
#4293 = PCURVE('',#4294,#4299);
#4294 = CYLINDRICAL_SURFACE('',#4295,0.55);
#4295 = AXIS2_PLACEMENT_3D('',#4296,#4297,#4298);
#4296 = CARTESIAN_POINT('',(10.846496502561,-33.38208372196,0.));
#4297 = DIRECTION('',(-0.,-0.,-1.));
#4298 = DIRECTION('',(1.,0.,0.));
#4299 = DEFINITIONAL_REPRESENTATION('',(#4300),#4304);
#4300 = LINE('',#4301,#4302);
#4301 = CARTESIAN_POINT('',(-0.,0.));
#4302 = VECTOR('',#4303,1.);
#4303 = DIRECTION('',(-1.,0.));
#4304 = ( GEOMETRIC_REPRESENTATION_CONTEXT(2) 
PARAMETRIC_REPRESENTATION_CONTEXT() REPRESENTATION_CONTEXT('2D SPACE',''
  ) );
#4305 = ORIENTED_EDGE('',*,*,#4306,.T.);
#4306 = EDGE_CURVE('',#4278,#4307,#4309,.T.);
#4307 = VERTEX_POINT('',#4308);
#4308 = CARTESIAN_POINT('',(12.608948300079,-32.64987630552,0.));
#4309 = SURFACE_CURVE('',#4310,(#4315,#4322),.PCURVE_S1.);
#4310 = CIRCLE('',#4311,35.);
#4311 = AXIS2_PLACEMENT_3D('',#4312,#4313,#4314);
#4312 = CARTESIAN_POINT('',(0.,0.,0.));
#4313 = DIRECTION('',(0.,0.,1.));
#4314 = DIRECTION('',(1.,0.,0.));
#4315 = PCURVE('',#45,#4316);
#4316 = DEFINITIONAL_REPRESENTATION('',(#4317),#4321);
#4317 = CIRCLE('',#4318,35.);
#4318 = AXIS2_PLACEMENT_2D('',#4319,#4320);
#4319 = CARTESIAN_POINT('',(1.250230978322E-15,-2.32193833596E-15));
#4320 = DIRECTION('',(1.,0.));
#4321 = ( GEOMETRIC_REPRESENTATION_CONTEXT(2) 
PARAMETRIC_REPRESENTATION_CONTEXT() REPRESENTATION_CONTEXT('2D SPACE',''
  ) );
#4322 = PCURVE('',#4323,#4328);
#4323 = CYLINDRICAL_SURFACE('',#4324,35.);
#4324 = AXIS2_PLACEMENT_3D('',#4325,#4326,#4327);
#4325 = CARTESIAN_POINT('',(0.,0.,0.));
#4326 = DIRECTION('',(-0.,-0.,-1.));
#4327 = DIRECTION('',(1.,0.,0.));
#4328 = DEFINITIONAL_REPRESENTATION('',(#4329),#4333);
#4329 = LINE('',#4330,#4331);
#4330 = CARTESIAN_POINT('',(-0.,0.));
#4331 = VECTOR('',#4332,1.);
#4332 = DIRECTION('',(-1.,0.));
#4333 = ( GEOMETRIC_REPRESENTATION_CONTEXT(2) 
PARAMETRIC_REPRESENTATION_CONTEXT() REPRESENTATION_CONTEXT('2D SPACE',''
  ) );
#4334 = ORIENTED_EDGE('',*,*,#4335,.F.);
#4335 = EDGE_CURVE('',#4336,#4307,#4338,.T.);
#4336 = VERTEX_POINT('',#4337);
#4337 = CARTESIAN_POINT('',(13.610391517423,-32.24526698203,0.));
#4338 = SURFACE_CURVE('',#4339,(#4344,#4351),.PCURVE_S1.);
#4339 = CIRCLE('',#4340,0.55);
#4340 = AXIS2_PLACEMENT_3D('',#4341,#4342,#4343);
#4341 = CARTESIAN_POINT('',(13.148691428899,-32.54415329529,0.));
#4342 = DIRECTION('',(0.,0.,1.));
#4343 = DIRECTION('',(1.,0.,0.));
#4344 = PCURVE('',#45,#4345);
#4345 = DEFINITIONAL_REPRESENTATION('',(#4346),#4350);
#4346 = CIRCLE('',#4347,0.55);
#4347 = AXIS2_PLACEMENT_2D('',#4348,#4349);
#4348 = CARTESIAN_POINT('',(13.148691428899,-32.54415329529));
#4349 = DIRECTION('',(1.,0.));
#4350 = ( GEOMETRIC_REPRESENTATION_CONTEXT(2) 
PARAMETRIC_REPRESENTATION_CONTEXT() REPRESENTATION_CONTEXT('2D SPACE',''
  ) );
#4351 = PCURVE('',#4352,#4357);
#4352 = CYLINDRICAL_SURFACE('',#4353,0.55);
#4353 = AXIS2_PLACEMENT_3D('',#4354,#4355,#4356);
#4354 = CARTESIAN_POINT('',(13.148691428899,-32.54415329529,0.));
#4355 = DIRECTION('',(-0.,-0.,-1.));
#4356 = DIRECTION('',(1.,0.,0.));
#4357 = DEFINITIONAL_REPRESENTATION('',(#4358),#4362);
#4358 = LINE('',#4359,#4360);
#4359 = CARTESIAN_POINT('',(-0.,0.));
#4360 = VECTOR('',#4361,1.);
#4361 = DIRECTION('',(-1.,0.));
#4362 = ( GEOMETRIC_REPRESENTATION_CONTEXT(2) 
PARAMETRIC_REPRESENTATION_CONTEXT() REPRESENTATION_CONTEXT('2D SPACE',''
  ) );
#4363 = ORIENTED_EDGE('',*,*,#4364,.T.);
#4364 = EDGE_CURVE('',#4336,#4365,#4367,.T.);
#4365 = VERTEX_POINT('',#4366);
#4366 = CARTESIAN_POINT('',(14.855773774998,-31.69078707678,0.));
#4367 = SURFACE_CURVE('',#4368,(#4373,#4380),.PCURVE_S1.);
#4368 = CIRCLE('',#4369,35.);
#4369 = AXIS2_PLACEMENT_3D('',#4370,#4371,#4372);
#4370 = CARTESIAN_POINT('',(0.,0.,0.));
#4371 = DIRECTION('',(0.,0.,1.));
#4372 = DIRECTION('',(1.,0.,0.));
#4373 = PCURVE('',#45,#4374);
#4374 = DEFINITIONAL_REPRESENTATION('',(#4375),#4379);
#4375 = CIRCLE('',#4376,35.);
#4376 = AXIS2_PLACEMENT_2D('',#4377,#4378);
#4377 = CARTESIAN_POINT('',(1.250230978322E-15,-2.32193833596E-15));
#4378 = DIRECTION('',(1.,0.));
#4379 = ( GEOMETRIC_REPRESENTATION_CONTEXT(2) 
PARAMETRIC_REPRESENTATION_CONTEXT() REPRESENTATION_CONTEXT('2D SPACE',''
  ) );
#4380 = PCURVE('',#4381,#4386);
#4381 = CYLINDRICAL_SURFACE('',#4382,35.);
#4382 = AXIS2_PLACEMENT_3D('',#4383,#4384,#4385);
#4383 = CARTESIAN_POINT('',(0.,0.,0.));
#4384 = DIRECTION('',(-0.,-0.,-1.));
#4385 = DIRECTION('',(1.,0.,0.));
#4386 = DEFINITIONAL_REPRESENTATION('',(#4387),#4391);
#4387 = LINE('',#4388,#4389);
#4388 = CARTESIAN_POINT('',(-0.,0.));
#4389 = VECTOR('',#4390,1.);
#4390 = DIRECTION('',(-1.,0.));
#4391 = ( GEOMETRIC_REPRESENTATION_CONTEXT(2) 
PARAMETRIC_REPRESENTATION_CONTEXT() REPRESENTATION_CONTEXT('2D SPACE',''
  ) );
#4392 = ORIENTED_EDGE('',*,*,#4393,.F.);
#4393 = EDGE_CURVE('',#4394,#4365,#4396,.T.);
#4394 = VERTEX_POINT('',#4395);
#4395 = CARTESIAN_POINT('',(15.826553407347,-31.21730621377,0.));
#4396 = SURFACE_CURVE('',#4397,(#4402,#4409),.PCURVE_S1.);
#4397 = CIRCLE('',#4398,0.55);
#4398 = AXIS2_PLACEMENT_3D('',#4399,#4400,#4401);
#4399 = CARTESIAN_POINT('',(15.386827252297,-31.5476710251,0.));
#4400 = DIRECTION('',(0.,0.,1.));
#4401 = DIRECTION('',(1.,0.,0.));
#4402 = PCURVE('',#45,#4403);
#4403 = DEFINITIONAL_REPRESENTATION('',(#4404),#4408);
#4404 = CIRCLE('',#4405,0.55);
#4405 = AXIS2_PLACEMENT_2D('',#4406,#4407);
#4406 = CARTESIAN_POINT('',(15.386827252297,-31.5476710251));
#4407 = DIRECTION('',(1.,0.));
#4408 = ( GEOMETRIC_REPRESENTATION_CONTEXT(2) 
PARAMETRIC_REPRESENTATION_CONTEXT() REPRESENTATION_CONTEXT('2D SPACE',''
  ) );
#4409 = PCURVE('',#4410,#4415);
#4410 = CYLINDRICAL_SURFACE('',#4411,0.55);
#4411 = AXIS2_PLACEMENT_3D('',#4412,#4413,#4414);
#4412 = CARTESIAN_POINT('',(15.386827252297,-31.5476710251,0.));
#4413 = DIRECTION('',(-0.,-0.,-1.));
#4414 = DIRECTION('',(1.,0.,0.));
#4415 = DEFINITIONAL_REPRESENTATION('',(#4416),#4420);
#4416 = LINE('',#4417,#4418);
#4417 = CARTESIAN_POINT('',(-0.,0.));
#4418 = VECTOR('',#4419,1.);
#4419 = DIRECTION('',(-1.,0.));
#4420 = ( GEOMETRIC_REPRESENTATION_CONTEXT(2) 
PARAMETRIC_REPRESENTATION_CONTEXT() REPRESENTATION_CONTEXT('2D SPACE',''
  ) );
#4421 = ORIENTED_EDGE('',*,*,#4422,.T.);
#4422 = EDGE_CURVE('',#4394,#4423,#4425,.T.);
#4423 = VERTEX_POINT('',#4424);
#4424 = CARTESIAN_POINT('',(17.030223413383,-30.57730351895,0.));
#4425 = SURFACE_CURVE('',#4426,(#4431,#4438),.PCURVE_S1.);
#4426 = CIRCLE('',#4427,35.);
#4427 = AXIS2_PLACEMENT_3D('',#4428,#4429,#4430);
#4428 = CARTESIAN_POINT('',(0.,0.,0.));
#4429 = DIRECTION('',(0.,0.,1.));
#4430 = DIRECTION('',(1.,0.,0.));
#4431 = PCURVE('',#45,#4432);
#4432 = DEFINITIONAL_REPRESENTATION('',(#4433),#4437);
#4433 = CIRCLE('',#4434,35.);
#4434 = AXIS2_PLACEMENT_2D('',#4435,#4436);
#4435 = CARTESIAN_POINT('',(1.250230978322E-15,-2.32193833596E-15));
#4436 = DIRECTION('',(1.,0.));
#4437 = ( GEOMETRIC_REPRESENTATION_CONTEXT(2) 
PARAMETRIC_REPRESENTATION_CONTEXT() REPRESENTATION_CONTEXT('2D SPACE',''
  ) );
#4438 = PCURVE('',#4439,#4444);
#4439 = CYLINDRICAL_SURFACE('',#4440,35.);
#4440 = AXIS2_PLACEMENT_3D('',#4441,#4442,#4443);
#4441 = CARTESIAN_POINT('',(0.,0.,0.));
#4442 = DIRECTION('',(-0.,-0.,-1.));
#4443 = DIRECTION('',(1.,0.,0.));
#4444 = DEFINITIONAL_REPRESENTATION('',(#4445),#4449);
#4445 = LINE('',#4446,#4447);
#4446 = CARTESIAN_POINT('',(-0.,0.));
#4447 = VECTOR('',#4448,1.);
#4448 = DIRECTION('',(-1.,0.));
#4449 = ( GEOMETRIC_REPRESENTATION_CONTEXT(2) 
PARAMETRIC_REPRESENTATION_CONTEXT() REPRESENTATION_CONTEXT('2D SPACE',''
  ) );
#4450 = ORIENTED_EDGE('',*,*,#4451,.F.);
#4451 = EDGE_CURVE('',#4452,#4423,#4454,.T.);
#4452 = VERTEX_POINT('',#4453);
#4453 = CARTESIAN_POINT('',(17.96560991995,-30.03725786759,0.));
#4454 = SURFACE_CURVE('',#4455,(#4460,#4467),.PCURVE_S1.);
#4455 = CIRCLE('',#4456,0.55);
#4456 = AXIS2_PLACEMENT_3D('',#4457,#4458,#4459);
#4457 = CARTESIAN_POINT('',(17.55,-30.39749167283,0.));
#4458 = DIRECTION('',(0.,0.,1.));
#4459 = DIRECTION('',(1.,0.,0.));
#4460 = PCURVE('',#45,#4461);
#4461 = DEFINITIONAL_REPRESENTATION('',(#4462),#4466);
#4462 = CIRCLE('',#4463,0.55);
#4463 = AXIS2_PLACEMENT_2D('',#4464,#4465);
#4464 = CARTESIAN_POINT('',(17.55,-30.39749167283));
#4465 = DIRECTION('',(1.,0.));
#4466 = ( GEOMETRIC_REPRESENTATION_CONTEXT(2) 
PARAMETRIC_REPRESENTATION_CONTEXT() REPRESENTATION_CONTEXT('2D SPACE',''
  ) );
#4467 = PCURVE('',#4468,#4473);
#4468 = CYLINDRICAL_SURFACE('',#4469,0.55);
#4469 = AXIS2_PLACEMENT_3D('',#4470,#4471,#4472);
#4470 = CARTESIAN_POINT('',(17.55,-30.39749167283,0.));
#4471 = DIRECTION('',(-0.,-0.,-1.));
#4472 = DIRECTION('',(1.,0.,0.));
#4473 = DEFINITIONAL_REPRESENTATION('',(#4474),#4478);
#4474 = LINE('',#4475,#4476);
#4475 = CARTESIAN_POINT('',(-0.,0.));
#4476 = VECTOR('',#4477,1.);
#4477 = DIRECTION('',(-1.,0.));
#4478 = ( GEOMETRIC_REPRESENTATION_CONTEXT(2) 
PARAMETRIC_REPRESENTATION_CONTEXT() REPRESENTATION_CONTEXT('2D SPACE',''
  ) );
#4479 = ORIENTED_EDGE('',*,*,#4480,.T.);
#4480 = EDGE_CURVE('',#4452,#4481,#4483,.T.);
#4481 = VERTEX_POINT('',#4482);
#4482 = CARTESIAN_POINT('',(19.121703515171,-29.314850412,0.));
#4483 = SURFACE_CURVE('',#4484,(#4489,#4496),.PCURVE_S1.);
#4484 = CIRCLE('',#4485,35.);
#4485 = AXIS2_PLACEMENT_3D('',#4486,#4487,#4488);
#4486 = CARTESIAN_POINT('',(0.,0.,0.));
#4487 = DIRECTION('',(0.,0.,1.));
#4488 = DIRECTION('',(1.,0.,0.));
#4489 = PCURVE('',#45,#4490);
#4490 = DEFINITIONAL_REPRESENTATION('',(#4491),#4495);
#4491 = CIRCLE('',#4492,35.);
#4492 = AXIS2_PLACEMENT_2D('',#4493,#4494);
#4493 = CARTESIAN_POINT('',(1.250230978322E-15,-2.32193833596E-15));
#4494 = DIRECTION('',(1.,0.));
#4495 = ( GEOMETRIC_REPRESENTATION_CONTEXT(2) 
PARAMETRIC_REPRESENTATION_CONTEXT() REPRESENTATION_CONTEXT('2D SPACE',''
  ) );
#4496 = PCURVE('',#4497,#4502);
#4497 = CYLINDRICAL_SURFACE('',#4498,35.);
#4498 = AXIS2_PLACEMENT_3D('',#4499,#4500,#4501);
#4499 = CARTESIAN_POINT('',(0.,0.,0.));
#4500 = DIRECTION('',(-0.,-0.,-1.));
#4501 = DIRECTION('',(1.,0.,0.));
#4502 = DEFINITIONAL_REPRESENTATION('',(#4503),#4507);
#4503 = LINE('',#4504,#4505);
#4504 = CARTESIAN_POINT('',(-0.,0.));
#4505 = VECTOR('',#4506,1.);
#4506 = DIRECTION('',(-1.,0.));
#4507 = ( GEOMETRIC_REPRESENTATION_CONTEXT(2) 
PARAMETRIC_REPRESENTATION_CONTEXT() REPRESENTATION_CONTEXT('2D SPACE',''
  ) );
#4508 = ORIENTED_EDGE('',*,*,#4509,.F.);
#4509 = EDGE_CURVE('',#4510,#4481,#4512,.T.);
#4510 = VERTEX_POINT('',#4511);
#4511 = CARTESIAN_POINT('',(20.01713978692,-28.71087102041,0.));
#4512 = SURFACE_CURVE('',#4513,(#4518,#4525),.PCURVE_S1.);
#4513 = CIRCLE('',#4514,0.55);
#4514 = AXIS2_PLACEMENT_3D('',#4515,#4516,#4517);
#4515 = CARTESIAN_POINT('',(19.627670911823,-29.09921879668,0.));
#4516 = DIRECTION('',(0.,0.,1.));
#4517 = DIRECTION('',(1.,0.,0.));
#4518 = PCURVE('',#45,#4519);
#4519 = DEFINITIONAL_REPRESENTATION('',(#4520),#4524);
#4520 = CIRCLE('',#4521,0.55);
#4521 = AXIS2_PLACEMENT_2D('',#4522,#4523);
#4522 = CARTESIAN_POINT('',(19.627670911823,-29.09921879668));
#4523 = DIRECTION('',(1.,0.));
#4524 = ( GEOMETRIC_REPRESENTATION_CONTEXT(2) 
PARAMETRIC_REPRESENTATION_CONTEXT() REPRESENTATION_CONTEXT('2D SPACE',''
  ) );
#4525 = PCURVE('',#4526,#4531);
#4526 = CYLINDRICAL_SURFACE('',#4527,0.55);
#4527 = AXIS2_PLACEMENT_3D('',#4528,#4529,#4530);
#4528 = CARTESIAN_POINT('',(19.627670911823,-29.09921879668,0.));
#4529 = DIRECTION('',(-0.,-0.,-1.));
#4530 = DIRECTION('',(1.,0.,0.));
#4531 = DEFINITIONAL_REPRESENTATION('',(#4532),#4536);
#4532 = LINE('',#4533,#4534);
#4533 = CARTESIAN_POINT('',(-0.,0.));
#4534 = VECTOR('',#4535,1.);
#4535 = DIRECTION('',(-1.,0.));
#4536 = ( GEOMETRIC_REPRESENTATION_CONTEXT(2) 
PARAMETRIC_REPRESENTATION_CONTEXT() REPRESENTATION_CONTEXT('2D SPACE',''
  ) );
#4537 = ORIENTED_EDGE('',*,*,#4538,.T.);
#4538 = EDGE_CURVE('',#4510,#4539,#4541,.T.);
#4539 = VERTEX_POINT('',#4540);
#4540 = CARTESIAN_POINT('',(21.120024599539,-27.90957830055,0.));
#4541 = SURFACE_CURVE('',#4542,(#4547,#4554),.PCURVE_S1.);
#4542 = CIRCLE('',#4543,35.);
#4543 = AXIS2_PLACEMENT_3D('',#4544,#4545,#4546);
#4544 = CARTESIAN_POINT('',(0.,0.,0.));
#4545 = DIRECTION('',(0.,0.,1.));
#4546 = DIRECTION('',(1.,0.,0.));
#4547 = PCURVE('',#45,#4548);
#4548 = DEFINITIONAL_REPRESENTATION('',(#4549),#4553);
#4549 = CIRCLE('',#4550,35.);
#4550 = AXIS2_PLACEMENT_2D('',#4551,#4552);
#4551 = CARTESIAN_POINT('',(1.250230978322E-15,-2.32193833596E-15));
#4552 = DIRECTION('',(1.,0.));
#4553 = ( GEOMETRIC_REPRESENTATION_CONTEXT(2) 
PARAMETRIC_REPRESENTATION_CONTEXT() REPRESENTATION_CONTEXT('2D SPACE',''
  ) );
#4554 = PCURVE('',#4555,#4560);
#4555 = CYLINDRICAL_SURFACE('',#4556,35.);
#4556 = AXIS2_PLACEMENT_3D('',#4557,#4558,#4559);
#4557 = CARTESIAN_POINT('',(0.,0.,0.));
#4558 = DIRECTION('',(-0.,-0.,-1.));
#4559 = DIRECTION('',(1.,0.,0.));
#4560 = DEFINITIONAL_REPRESENTATION('',(#4561),#4565);
#4561 = LINE('',#4562,#4563);
#4562 = CARTESIAN_POINT('',(-0.,0.));
#4563 = VECTOR('',#4564,1.);
#4564 = DIRECTION('',(-1.,0.));
#4565 = ( GEOMETRIC_REPRESENTATION_CONTEXT(2) 
PARAMETRIC_REPRESENTATION_CONTEXT() REPRESENTATION_CONTEXT('2D SPACE',''
  ) );
#4566 = ORIENTED_EDGE('',*,*,#4567,.F.);
#4567 = EDGE_CURVE('',#4568,#4539,#4570,.T.);
#4568 = VERTEX_POINT('',#4569);
#4569 = CARTESIAN_POINT('',(21.971148160963,-27.24460769563,0.));
#4570 = SURFACE_CURVE('',#4571,(#4576,#4583),.PCURVE_S1.);
#4571 = CIRCLE('',#4572,0.55);
#4572 = AXIS2_PLACEMENT_3D('',#4573,#4574,#4575);
#4573 = CARTESIAN_POINT('',(21.609717783931,-27.65917745159,0.));
#4574 = DIRECTION('',(0.,0.,1.));
#4575 = DIRECTION('',(1.,0.,0.));
#4576 = PCURVE('',#45,#4577);
#4577 = DEFINITIONAL_REPRESENTATION('',(#4578),#4582);
#4578 = CIRCLE('',#4579,0.55);
#4579 = AXIS2_PLACEMENT_2D('',#4580,#4581);
#4580 = CARTESIAN_POINT('',(21.609717783931,-27.65917745159));
#4581 = DIRECTION('',(1.,0.));
#4582 = ( GEOMETRIC_REPRESENTATION_CONTEXT(2) 
PARAMETRIC_REPRESENTATION_CONTEXT() REPRESENTATION_CONTEXT('2D SPACE',''
  ) );
#4583 = PCURVE('',#4584,#4589);
#4584 = CYLINDRICAL_SURFACE('',#4585,0.55);
#4585 = AXIS2_PLACEMENT_3D('',#4586,#4587,#4588);
#4586 = CARTESIAN_POINT('',(21.609717783931,-27.65917745159,0.));
#4587 = DIRECTION('',(-0.,-0.,-1.));
#4588 = DIRECTION('',(1.,0.,0.));
#4589 = DEFINITIONAL_REPRESENTATION('',(#4590),#4594);
#4590 = LINE('',#4591,#4592);
#4591 = CARTESIAN_POINT('',(-0.,0.));
#4592 = VECTOR('',#4593,1.);
#4593 = DIRECTION('',(-1.,0.));
#4594 = ( GEOMETRIC_REPRESENTATION_CONTEXT(2) 
PARAMETRIC_REPRESENTATION_CONTEXT() REPRESENTATION_CONTEXT('2D SPACE',''
  ) );
#4595 = ORIENTED_EDGE('',*,*,#4596,.T.);
#4596 = EDGE_CURVE('',#4568,#4597,#4599,.T.);
#4597 = VERTEX_POINT('',#4598);
#4598 = CARTESIAN_POINT('',(23.015451047035,-26.36833352909,0.));
#4599 = SURFACE_CURVE('',#4600,(#4605,#4612),.PCURVE_S1.);
#4600 = CIRCLE('',#4601,35.);
#4601 = AXIS2_PLACEMENT_3D('',#4602,#4603,#4604);
#4602 = CARTESIAN_POINT('',(0.,0.,0.));
#4603 = DIRECTION('',(0.,0.,1.));
#4604 = DIRECTION('',(1.,0.,0.));
#4605 = PCURVE('',#45,#4606);
#4606 = DEFINITIONAL_REPRESENTATION('',(#4607),#4611);
#4607 = CIRCLE('',#4608,35.);
#4608 = AXIS2_PLACEMENT_2D('',#4609,#4610);
#4609 = CARTESIAN_POINT('',(1.250230978322E-15,-2.32193833596E-15));
#4610 = DIRECTION('',(1.,0.));
#4611 = ( GEOMETRIC_REPRESENTATION_CONTEXT(2) 
PARAMETRIC_REPRESENTATION_CONTEXT() REPRESENTATION_CONTEXT('2D SPACE',''
  ) );
#4612 = PCURVE('',#4613,#4618);
#4613 = CYLINDRICAL_SURFACE('',#4614,35.);
#4614 = AXIS2_PLACEMENT_3D('',#4615,#4616,#4617);
#4615 = CARTESIAN_POINT('',(0.,0.,0.));
#4616 = DIRECTION('',(-0.,-0.,-1.));
#4617 = DIRECTION('',(1.,0.,0.));
#4618 = DEFINITIONAL_REPRESENTATION('',(#4619),#4623);
#4619 = LINE('',#4620,#4621);
#4620 = CARTESIAN_POINT('',(-0.,0.));
#4621 = VECTOR('',#4622,1.);
#4622 = DIRECTION('',(-1.,0.));
#4623 = ( GEOMETRIC_REPRESENTATION_CONTEXT(2) 
PARAMETRIC_REPRESENTATION_CONTEXT() REPRESENTATION_CONTEXT('2D SPACE',''
  ) );
#4624 = ORIENTED_EDGE('',*,*,#4625,.F.);
#4625 = EDGE_CURVE('',#4626,#4597,#4628,.T.);
#4626 = VERTEX_POINT('',#4627);
#4627 = CARTESIAN_POINT('',(23.818115309698,-25.64561138077,0.));
#4628 = SURFACE_CURVE('',#4629,(#4634,#4641),.PCURVE_S1.);
#4629 = CIRCLE('',#4630,0.55);
#4630 = AXIS2_PLACEMENT_3D('',#4631,#4632,#4633);
#4631 = CARTESIAN_POINT('',(23.486484283196,-26.08438337425,0.));
#4632 = DIRECTION('',(0.,0.,1.));
#4633 = DIRECTION('',(1.,0.,0.));
#4634 = PCURVE('',#45,#4635);
#4635 = DEFINITIONAL_REPRESENTATION('',(#4636),#4640);
#4636 = CIRCLE('',#4637,0.55);
#4637 = AXIS2_PLACEMENT_2D('',#4638,#4639);
#4638 = CARTESIAN_POINT('',(23.486484283196,-26.08438337425));
#4639 = DIRECTION('',(1.,0.));
#4640 = ( GEOMETRIC_REPRESENTATION_CONTEXT(2) 
PARAMETRIC_REPRESENTATION_CONTEXT() REPRESENTATION_CONTEXT('2D SPACE',''
  ) );
#4641 = PCURVE('',#4642,#4647);
#4642 = CYLINDRICAL_SURFACE('',#4643,0.55);
#4643 = AXIS2_PLACEMENT_3D('',#4644,#4645,#4646);
#4644 = CARTESIAN_POINT('',(23.486484283196,-26.08438337425,0.));
#4645 = DIRECTION('',(-0.,-0.,-1.));
#4646 = DIRECTION('',(1.,0.,0.));
#4647 = DEFINITIONAL_REPRESENTATION('',(#4648),#4652);
#4648 = LINE('',#4649,#4650);
#4649 = CARTESIAN_POINT('',(-0.,0.));
#4650 = VECTOR('',#4651,1.);
#4651 = DIRECTION('',(-1.,0.));
#4652 = ( GEOMETRIC_REPRESENTATION_CONTEXT(2) 
PARAMETRIC_REPRESENTATION_CONTEXT() REPRESENTATION_CONTEXT('2D SPACE',''
  ) );
#4653 = ORIENTED_EDGE('',*,*,#4654,.T.);
#4654 = EDGE_CURVE('',#4626,#4655,#4657,.T.);
#4655 = VERTEX_POINT('',#4656);
#4656 = CARTESIAN_POINT('',(24.798748530536,-24.69862488721,0.));
#4657 = SURFACE_CURVE('',#4658,(#4663,#4670),.PCURVE_S1.);
#4658 = CIRCLE('',#4659,35.);
#4659 = AXIS2_PLACEMENT_3D('',#4660,#4661,#4662);
#4660 = CARTESIAN_POINT('',(0.,0.,0.));
#4661 = DIRECTION('',(0.,0.,1.));
#4662 = DIRECTION('',(1.,0.,0.));
#4663 = PCURVE('',#45,#4664);
#4664 = DEFINITIONAL_REPRESENTATION('',(#4665),#4669);
#4665 = CIRCLE('',#4666,35.);
#4666 = AXIS2_PLACEMENT_2D('',#4667,#4668);
#4667 = CARTESIAN_POINT('',(1.250230978322E-15,-2.32193833596E-15));
#4668 = DIRECTION('',(1.,0.));
#4669 = ( GEOMETRIC_REPRESENTATION_CONTEXT(2) 
PARAMETRIC_REPRESENTATION_CONTEXT() REPRESENTATION_CONTEXT('2D SPACE',''
  ) );
#4670 = PCURVE('',#4671,#4676);
#4671 = CYLINDRICAL_SURFACE('',#4672,35.);
#4672 = AXIS2_PLACEMENT_3D('',#4673,#4674,#4675);
#4673 = CARTESIAN_POINT('',(0.,0.,0.));
#4674 = DIRECTION('',(-0.,-0.,-1.));
#4675 = DIRECTION('',(1.,0.,0.));
#4676 = DEFINITIONAL_REPRESENTATION('',(#4677),#4681);
#4677 = LINE('',#4678,#4679);
#4678 = CARTESIAN_POINT('',(-0.,0.));
#4679 = VECTOR('',#4680,1.);
#4680 = DIRECTION('',(-1.,0.));
#4681 = ( GEOMETRIC_REPRESENTATION_CONTEXT(2) 
PARAMETRIC_REPRESENTATION_CONTEXT() REPRESENTATION_CONTEXT('2D SPACE',''
  ) );
#4682 = ORIENTED_EDGE('',*,*,#4683,.F.);
#4683 = EDGE_CURVE('',#4684,#4655,#4686,.T.);
#4684 = VERTEX_POINT('',#4685);
#4685 = CARTESIAN_POINT('',(25.549042994834,-23.92167222516,0.));
#4686 = SURFACE_CURVE('',#4687,(#4692,#4699),.PCURVE_S1.);
#4687 = CIRCLE('',#4688,0.55);
#4688 = AXIS2_PLACEMENT_3D('',#4689,#4690,#4691);
#4689 = CARTESIAN_POINT('',(25.248826991887,-24.38250880311,0.));
#4690 = DIRECTION('',(0.,0.,1.));
#4691 = DIRECTION('',(1.,0.,0.));
#4692 = PCURVE('',#45,#4693);
#4693 = DEFINITIONAL_REPRESENTATION('',(#4694),#4698);
#4694 = CIRCLE('',#4695,0.55);
#4695 = AXIS2_PLACEMENT_2D('',#4696,#4697);
#4696 = CARTESIAN_POINT('',(25.248826991887,-24.38250880311));
#4697 = DIRECTION('',(1.,0.));
#4698 = ( GEOMETRIC_REPRESENTATION_CONTEXT(2) 
PARAMETRIC_REPRESENTATION_CONTEXT() REPRESENTATION_CONTEXT('2D SPACE',''
  ) );
#4699 = PCURVE('',#4700,#4705);
#4700 = CYLINDRICAL_SURFACE('',#4701,0.55);
#4701 = AXIS2_PLACEMENT_3D('',#4702,#4703,#4704);
#4702 = CARTESIAN_POINT('',(25.248826991887,-24.38250880311,0.));
#4703 = DIRECTION('',(-0.,-0.,-1.));
#4704 = DIRECTION('',(1.,0.,0.));
#4705 = DEFINITIONAL_REPRESENTATION('',(#4706),#4710);
#4706 = LINE('',#4707,#4708);
#4707 = CARTESIAN_POINT('',(-0.,0.));
#4708 = VECTOR('',#4709,1.);
#4709 = DIRECTION('',(-1.,0.));
#4710 = ( GEOMETRIC_REPRESENTATION_CONTEXT(2) 
PARAMETRIC_REPRESENTATION_CONTEXT() REPRESENTATION_CONTEXT('2D SPACE',''
  ) );
#4711 = ORIENTED_EDGE('',*,*,#4712,.T.);
#4712 = EDGE_CURVE('',#4684,#4713,#4715,.T.);
#4713 = VERTEX_POINT('',#4714);
#4714 = CARTESIAN_POINT('',(26.461229003957,-22.90858702757,0.));
#4715 = SURFACE_CURVE('',#4716,(#4721,#4728),.PCURVE_S1.);
#4716 = CIRCLE('',#4717,35.);
#4717 = AXIS2_PLACEMENT_3D('',#4718,#4719,#4720);
#4718 = CARTESIAN_POINT('',(0.,0.,0.));
#4719 = DIRECTION('',(0.,0.,1.));
#4720 = DIRECTION('',(1.,0.,0.));
#4721 = PCURVE('',#45,#4722);
#4722 = DEFINITIONAL_REPRESENTATION('',(#4723),#4727);
#4723 = CIRCLE('',#4724,35.);
#4724 = AXIS2_PLACEMENT_2D('',#4725,#4726);
#4725 = CARTESIAN_POINT('',(1.250230978322E-15,-2.32193833596E-15));
#4726 = DIRECTION('',(1.,0.));
#4727 = ( GEOMETRIC_REPRESENTATION_CONTEXT(2) 
PARAMETRIC_REPRESENTATION_CONTEXT() REPRESENTATION_CONTEXT('2D SPACE',''
  ) );
#4728 = PCURVE('',#4729,#4734);
#4729 = CYLINDRICAL_SURFACE('',#4730,35.);
#4730 = AXIS2_PLACEMENT_3D('',#4731,#4732,#4733);
#4731 = CARTESIAN_POINT('',(0.,0.,0.));
#4732 = DIRECTION('',(-0.,-0.,-1.));
#4733 = DIRECTION('',(1.,0.,0.));
#4734 = DEFINITIONAL_REPRESENTATION('',(#4735),#4739);
#4735 = LINE('',#4736,#4737);
#4736 = CARTESIAN_POINT('',(-0.,0.));
#4737 = VECTOR('',#4738,1.);
#4738 = DIRECTION('',(-1.,0.));
#4739 = ( GEOMETRIC_REPRESENTATION_CONTEXT(2) 
PARAMETRIC_REPRESENTATION_CONTEXT() REPRESENTATION_CONTEXT('2D SPACE',''
  ) );
#4740 = ORIENTED_EDGE('',*,*,#4741,.F.);
#4741 = EDGE_CURVE('',#4742,#4713,#4744,.T.);
#4742 = VERTEX_POINT('',#4743);
#4743 = CARTESIAN_POINT('',(27.155498310679,-22.08118908706,0.));
#4744 = SURFACE_CURVE('',#4745,(#4750,#4757),.PCURVE_S1.);
#4745 = CIRCLE('',#4746,0.55);
#4746 = AXIS2_PLACEMENT_3D('',#4747,#4748,#4749);
#4747 = CARTESIAN_POINT('',(26.888159953476,-22.56184509999,0.));
#4748 = DIRECTION('',(0.,0.,1.));
#4749 = DIRECTION('',(1.,0.,0.));
#4750 = PCURVE('',#45,#4751);
#4751 = DEFINITIONAL_REPRESENTATION('',(#4752),#4756);
#4752 = CIRCLE('',#4753,0.55);
#4753 = AXIS2_PLACEMENT_2D('',#4754,#4755);
#4754 = CARTESIAN_POINT('',(26.888159953476,-22.56184509999));
#4755 = DIRECTION('',(1.,0.));
#4756 = ( GEOMETRIC_REPRESENTATION_CONTEXT(2) 
PARAMETRIC_REPRESENTATION_CONTEXT() REPRESENTATION_CONTEXT('2D SPACE',''
  ) );
#4757 = PCURVE('',#4758,#4763);
#4758 = CYLINDRICAL_SURFACE('',#4759,0.55);
#4759 = AXIS2_PLACEMENT_3D('',#4760,#4761,#4762);
#4760 = CARTESIAN_POINT('',(26.888159953476,-22.56184509999,0.));
#4761 = DIRECTION('',(-0.,-0.,-1.));
#4762 = DIRECTION('',(1.,0.,0.));
#4763 = DEFINITIONAL_REPRESENTATION('',(#4764),#4768);
#4764 = LINE('',#4765,#4766);
#4765 = CARTESIAN_POINT('',(-0.,0.));
#4766 = VECTOR('',#4767,1.);
#4767 = DIRECTION('',(-1.,0.));
#4768 = ( GEOMETRIC_REPRESENTATION_CONTEXT(2) 
PARAMETRIC_REPRESENTATION_CONTEXT() REPRESENTATION_CONTEXT('2D SPACE',''
  ) );
#4769 = ORIENTED_EDGE('',*,*,#4770,.T.);
#4770 = EDGE_CURVE('',#4742,#4771,#4773,.T.);
#4771 = VERTEX_POINT('',#4772);
#4772 = CARTESIAN_POINT('',(27.994793029544,-21.0069408347,0.));
#4773 = SURFACE_CURVE('',#4774,(#4779,#4786),.PCURVE_S1.);
#4774 = CIRCLE('',#4775,35.);
#4775 = AXIS2_PLACEMENT_3D('',#4776,#4777,#4778);
#4776 = CARTESIAN_POINT('',(0.,0.,0.));
#4777 = DIRECTION('',(0.,0.,1.));
#4778 = DIRECTION('',(1.,0.,0.));
#4779 = PCURVE('',#45,#4780);
#4780 = DEFINITIONAL_REPRESENTATION('',(#4781),#4785);
#4781 = CIRCLE('',#4782,35.);
#4782 = AXIS2_PLACEMENT_2D('',#4783,#4784);
#4783 = CARTESIAN_POINT('',(1.250230978322E-15,-2.32193833596E-15));
#4784 = DIRECTION('',(1.,0.));
#4785 = ( GEOMETRIC_REPRESENTATION_CONTEXT(2) 
PARAMETRIC_REPRESENTATION_CONTEXT() REPRESENTATION_CONTEXT('2D SPACE',''
  ) );
#4786 = PCURVE('',#4787,#4792);
#4787 = CYLINDRICAL_SURFACE('',#4788,35.);
#4788 = AXIS2_PLACEMENT_3D('',#4789,#4790,#4791);
#4789 = CARTESIAN_POINT('',(0.,0.,0.));
#4790 = DIRECTION('',(-0.,-0.,-1.));
#4791 = DIRECTION('',(1.,0.,0.));
#4792 = DEFINITIONAL_REPRESENTATION('',(#4793),#4797);
#4793 = LINE('',#4794,#4795);
#4794 = CARTESIAN_POINT('',(-0.,0.));
#4795 = VECTOR('',#4796,1.);
#4796 = DIRECTION('',(-1.,0.));
#4797 = ( GEOMETRIC_REPRESENTATION_CONTEXT(2) 
PARAMETRIC_REPRESENTATION_CONTEXT() REPRESENTATION_CONTEXT('2D SPACE',''
  ) );
#4798 = ORIENTED_EDGE('',*,*,#4799,.F.);
#4799 = EDGE_CURVE('',#4800,#4771,#4802,.T.);
#4800 = VERTEX_POINT('',#4801);
#4801 = CARTESIAN_POINT('',(28.629654768415,-20.13312861532,0.));
#4802 = SURFACE_CURVE('',#4803,(#4808,#4815),.PCURVE_S1.);
#4803 = CIRCLE('',#4804,0.55);
#4804 = AXIS2_PLACEMENT_3D('',#4805,#4806,#4807);
#4805 = CARTESIAN_POINT('',(28.396496502561,-20.63126235546,0.));
#4806 = DIRECTION('',(0.,0.,1.));
#4807 = DIRECTION('',(1.,0.,0.));
#4808 = PCURVE('',#45,#4809);
#4809 = DEFINITIONAL_REPRESENTATION('',(#4810),#4814);
#4810 = CIRCLE('',#4811,0.55);
#4811 = AXIS2_PLACEMENT_2D('',#4812,#4813);
#4812 = CARTESIAN_POINT('',(28.396496502561,-20.63126235546));
#4813 = DIRECTION('',(1.,0.));
#4814 = ( GEOMETRIC_REPRESENTATION_CONTEXT(2) 
PARAMETRIC_REPRESENTATION_CONTEXT() REPRESENTATION_CONTEXT('2D SPACE',''
  ) );
#4815 = PCURVE('',#4816,#4821);
#4816 = CYLINDRICAL_SURFACE('',#4817,0.55);
#4817 = AXIS2_PLACEMENT_3D('',#4818,#4819,#4820);
#4818 = CARTESIAN_POINT('',(28.396496502561,-20.63126235546,0.));
#4819 = DIRECTION('',(-0.,-0.,-1.));
#4820 = DIRECTION('',(1.,0.,0.));
#4821 = DEFINITIONAL_REPRESENTATION('',(#4822),#4826);
#4822 = LINE('',#4823,#4824);
#4823 = CARTESIAN_POINT('',(-0.,0.));
#4824 = VECTOR('',#4825,1.);
#4825 = DIRECTION('',(-1.,0.));
#4826 = ( GEOMETRIC_REPRESENTATION_CONTEXT(2) 
PARAMETRIC_REPRESENTATION_CONTEXT() REPRESENTATION_CONTEXT('2D SPACE',''
  ) );
#4827 = ORIENTED_EDGE('',*,*,#4828,.T.);
#4828 = EDGE_CURVE('',#4800,#4829,#4831,.T.);
#4829 = VERTEX_POINT('',#4830);
#4830 = CARTESIAN_POINT('',(29.391969237519,-19.0029509377,0.));
#4831 = SURFACE_CURVE('',#4832,(#4837,#4844),.PCURVE_S1.);
#4832 = CIRCLE('',#4833,35.);
#4833 = AXIS2_PLACEMENT_3D('',#4834,#4835,#4836);
#4834 = CARTESIAN_POINT('',(0.,0.,0.));
#4835 = DIRECTION('',(0.,0.,1.));
#4836 = DIRECTION('',(1.,0.,0.));
#4837 = PCURVE('',#45,#4838);
#4838 = DEFINITIONAL_REPRESENTATION('',(#4839),#4843);
#4839 = CIRCLE('',#4840,35.);
#4840 = AXIS2_PLACEMENT_2D('',#4841,#4842);
#4841 = CARTESIAN_POINT('',(1.250230978322E-15,-2.32193833596E-15));
#4842 = DIRECTION('',(1.,0.));
#4843 = ( GEOMETRIC_REPRESENTATION_CONTEXT(2) 
PARAMETRIC_REPRESENTATION_CONTEXT() REPRESENTATION_CONTEXT('2D SPACE',''
  ) );
#4844 = PCURVE('',#4845,#4850);
#4845 = CYLINDRICAL_SURFACE('',#4846,35.);
#4846 = AXIS2_PLACEMENT_3D('',#4847,#4848,#4849);
#4847 = CARTESIAN_POINT('',(0.,0.,0.));
#4848 = DIRECTION('',(-0.,-0.,-1.));
#4849 = DIRECTION('',(1.,0.,0.));
#4850 = DEFINITIONAL_REPRESENTATION('',(#4851),#4855);
#4851 = LINE('',#4852,#4853);
#4852 = CARTESIAN_POINT('',(-0.,0.));
#4853 = VECTOR('',#4854,1.);
#4854 = DIRECTION('',(-1.,0.));
#4855 = ( GEOMETRIC_REPRESENTATION_CONTEXT(2) 
PARAMETRIC_REPRESENTATION_CONTEXT() REPRESENTATION_CONTEXT('2D SPACE',''
  ) );
#4856 = ORIENTED_EDGE('',*,*,#4857,.F.);
#4857 = EDGE_CURVE('',#4858,#4829,#4860,.T.);
#4858 = VERTEX_POINT('',#4859);
#4859 = CARTESIAN_POINT('',(29.964330425963,-18.08698156475,0.));
#4860 = SURFACE_CURVE('',#4861,(#4866,#4873),.PCURVE_S1.);
#4861 = CIRCLE('',#4862,0.55);
#4862 = AXIS2_PLACEMENT_3D('',#4863,#4864,#4865);
#4863 = CARTESIAN_POINT('',(29.766488175091,-18.60016617458,0.));
#4864 = DIRECTION('',(0.,0.,1.));
#4865 = DIRECTION('',(1.,0.,0.));
#4866 = PCURVE('',#45,#4867);
#4867 = DEFINITIONAL_REPRESENTATION('',(#4868),#4872);
#4868 = CIRCLE('',#4869,0.55);
#4869 = AXIS2_PLACEMENT_2D('',#4870,#4871);
#4870 = CARTESIAN_POINT('',(29.766488175091,-18.60016617458));
#4871 = DIRECTION('',(1.,0.));
#4872 = ( GEOMETRIC_REPRESENTATION_CONTEXT(2) 
PARAMETRIC_REPRESENTATION_CONTEXT() REPRESENTATION_CONTEXT('2D SPACE',''
  ) );
#4873 = PCURVE('',#4874,#4879);
#4874 = CYLINDRICAL_SURFACE('',#4875,0.55);
#4875 = AXIS2_PLACEMENT_3D('',#4876,#4877,#4878);
#4876 = CARTESIAN_POINT('',(29.766488175091,-18.60016617458,0.));
#4877 = DIRECTION('',(-0.,-0.,-1.));
#4878 = DIRECTION('',(1.,0.,0.));
#4879 = DEFINITIONAL_REPRESENTATION('',(#4880),#4884);
#4880 = LINE('',#4881,#4882);
#4881 = CARTESIAN_POINT('',(-0.,0.));
#4882 = VECTOR('',#4883,1.);
#4883 = DIRECTION('',(-1.,0.));
#4884 = ( GEOMETRIC_REPRESENTATION_CONTEXT(2) 
PARAMETRIC_REPRESENTATION_CONTEXT() REPRESENTATION_CONTEXT('2D SPACE',''
  ) );
#4885 = ORIENTED_EDGE('',*,*,#4886,.T.);
#4886 = EDGE_CURVE('',#4858,#4887,#4889,.T.);
#4887 = VERTEX_POINT('',#4888);
#4888 = CARTESIAN_POINT('',(30.645950725838,-16.90638057389,0.));
#4889 = SURFACE_CURVE('',#4890,(#4895,#4902),.PCURVE_S1.);
#4890 = CIRCLE('',#4891,35.);
#4891 = AXIS2_PLACEMENT_3D('',#4892,#4893,#4894);
#4892 = CARTESIAN_POINT('',(0.,0.,0.));
#4893 = DIRECTION('',(0.,0.,1.));
#4894 = DIRECTION('',(1.,0.,0.));
#4895 = PCURVE('',#45,#4896);
#4896 = DEFINITIONAL_REPRESENTATION('',(#4897),#4901);
#4897 = CIRCLE('',#4898,35.);
#4898 = AXIS2_PLACEMENT_2D('',#4899,#4900);
#4899 = CARTESIAN_POINT('',(1.250230978322E-15,-2.32193833596E-15));
#4900 = DIRECTION('',(1.,0.));
#4901 = ( GEOMETRIC_REPRESENTATION_CONTEXT(2) 
PARAMETRIC_REPRESENTATION_CONTEXT() REPRESENTATION_CONTEXT('2D SPACE',''
  ) );
#4902 = PCURVE('',#4903,#4908);
#4903 = CYLINDRICAL_SURFACE('',#4904,35.);
#4904 = AXIS2_PLACEMENT_3D('',#4905,#4906,#4907);
#4905 = CARTESIAN_POINT('',(0.,0.,0.));
#4906 = DIRECTION('',(-0.,-0.,-1.));
#4907 = DIRECTION('',(1.,0.,0.));
#4908 = DEFINITIONAL_REPRESENTATION('',(#4909),#4913);
#4909 = LINE('',#4910,#4911);
#4910 = CARTESIAN_POINT('',(-0.,0.));
#4911 = VECTOR('',#4912,1.);
#4912 = DIRECTION('',(-1.,0.));
#4913 = ( GEOMETRIC_REPRESENTATION_CONTEXT(2) 
PARAMETRIC_REPRESENTATION_CONTEXT() REPRESENTATION_CONTEXT('2D SPACE',''
  ) );
#4914 = ORIENTED_EDGE('',*,*,#4915,.F.);
#4915 = EDGE_CURVE('',#4916,#4887,#4918,.T.);
#4916 = VERTEX_POINT('',#4917);
#4917 = CARTESIAN_POINT('',(31.15302287768,-15.95271655809,0.));
#4918 = SURFACE_CURVE('',#4919,(#4924,#4931),.PCURVE_S1.);
#4919 = CIRCLE('',#4920,0.55);
#4920 = AXIS2_PLACEMENT_3D('',#4921,#4922,#4923);
#4921 = CARTESIAN_POINT('',(30.991460509348,-16.47845185378,0.));
#4922 = DIRECTION('',(0.,0.,1.));
#4923 = DIRECTION('',(1.,0.,0.));
#4924 = PCURVE('',#45,#4925);
#4925 = DEFINITIONAL_REPRESENTATION('',(#4926),#4930);
#4926 = CIRCLE('',#4927,0.55);
#4927 = AXIS2_PLACEMENT_2D('',#4928,#4929);
#4928 = CARTESIAN_POINT('',(30.991460509348,-16.47845185378));
#4929 = DIRECTION('',(1.,0.));
#4930 = ( GEOMETRIC_REPRESENTATION_CONTEXT(2) 
PARAMETRIC_REPRESENTATION_CONTEXT() REPRESENTATION_CONTEXT('2D SPACE',''
  ) );
#4931 = PCURVE('',#4932,#4937);
#4932 = CYLINDRICAL_SURFACE('',#4933,0.55);
#4933 = AXIS2_PLACEMENT_3D('',#4934,#4935,#4936);
#4934 = CARTESIAN_POINT('',(30.991460509348,-16.47845185378,0.));
#4935 = DIRECTION('',(-0.,-0.,-1.));
#4936 = DIRECTION('',(1.,0.,0.));
#4937 = DEFINITIONAL_REPRESENTATION('',(#4938),#4942);
#4938 = LINE('',#4939,#4940);
#4939 = CARTESIAN_POINT('',(-0.,0.));
#4940 = VECTOR('',#4941,1.);
#4941 = DIRECTION('',(-1.,0.));
#4942 = ( GEOMETRIC_REPRESENTATION_CONTEXT(2) 
PARAMETRIC_REPRESENTATION_CONTEXT() REPRESENTATION_CONTEXT('2D SPACE',''
  ) );
#4943 = ORIENTED_EDGE('',*,*,#4944,.T.);
#4944 = EDGE_CURVE('',#4916,#4945,#4947,.T.);
#4945 = VERTEX_POINT('',#4946);
#4946 = CARTESIAN_POINT('',(31.750628222741,-14.72744402336,0.));
#4947 = SURFACE_CURVE('',#4948,(#4953,#4960),.PCURVE_S1.);
#4948 = CIRCLE('',#4949,35.);
#4949 = AXIS2_PLACEMENT_3D('',#4950,#4951,#4952);
#4950 = CARTESIAN_POINT('',(0.,0.,0.));
#4951 = DIRECTION('',(0.,0.,1.));
#4952 = DIRECTION('',(1.,0.,0.));
#4953 = PCURVE('',#45,#4954);
#4954 = DEFINITIONAL_REPRESENTATION('',(#4955),#4959);
#4955 = CIRCLE('',#4956,35.);
#4956 = AXIS2_PLACEMENT_2D('',#4957,#4958);
#4957 = CARTESIAN_POINT('',(1.250230978322E-15,-2.32193833596E-15));
#4958 = DIRECTION('',(1.,0.));
#4959 = ( GEOMETRIC_REPRESENTATION_CONTEXT(2) 
PARAMETRIC_REPRESENTATION_CONTEXT() REPRESENTATION_CONTEXT('2D SPACE',''
  ) );
#4960 = PCURVE('',#4961,#4966);
#4961 = CYLINDRICAL_SURFACE('',#4962,35.);
#4962 = AXIS2_PLACEMENT_3D('',#4963,#4964,#4965);
#4963 = CARTESIAN_POINT('',(0.,0.,0.));
#4964 = DIRECTION('',(-0.,-0.,-1.));
#4965 = DIRECTION('',(1.,0.,0.));
#4966 = DEFINITIONAL_REPRESENTATION('',(#4967),#4971);
#4967 = LINE('',#4968,#4969);
#4968 = CARTESIAN_POINT('',(-0.,0.));
#4969 = VECTOR('',#4970,1.);
#4970 = DIRECTION('',(-1.,0.));
#4971 = ( GEOMETRIC_REPRESENTATION_CONTEXT(2) 
PARAMETRIC_REPRESENTATION_CONTEXT() REPRESENTATION_CONTEXT('2D SPACE',''
  ) );
#4972 = ORIENTED_EDGE('',*,*,#4973,.F.);
#4973 = EDGE_CURVE('',#4974,#4945,#4976,.T.);
#4974 = VERTEX_POINT('',#4975);
#4975 = CARTESIAN_POINT('',(32.189940933427,-13.74073151991,0.));
#4976 = SURFACE_CURVE('',#4977,(#4982,#4989),.PCURVE_S1.);
#4977 = CIRCLE('',#4978,0.55);
#4978 = AXIS2_PLACEMENT_3D('',#4979,#4980,#4981);
#4979 = CARTESIAN_POINT('',(32.065445563255,-14.27645617196,0.));
#4980 = DIRECTION('',(0.,0.,1.));
#4981 = DIRECTION('',(1.,0.,0.));
#4982 = PCURVE('',#45,#4983);
#4983 = DEFINITIONAL_REPRESENTATION('',(#4984),#4988);
#4984 = CIRCLE('',#4985,0.55);
#4985 = AXIS2_PLACEMENT_2D('',#4986,#4987);
#4986 = CARTESIAN_POINT('',(32.065445563255,-14.27645617196));
#4987 = DIRECTION('',(1.,0.));
#4988 = ( GEOMETRIC_REPRESENTATION_CONTEXT(2) 
PARAMETRIC_REPRESENTATION_CONTEXT() REPRESENTATION_CONTEXT('2D SPACE',''
  ) );
#4989 = PCURVE('',#4990,#4995);
#4990 = CYLINDRICAL_SURFACE('',#4991,0.55);
#4991 = AXIS2_PLACEMENT_3D('',#4992,#4993,#4994);
#4992 = CARTESIAN_POINT('',(32.065445563255,-14.27645617196,0.));
#4993 = DIRECTION('',(-0.,-0.,-1.));
#4994 = DIRECTION('',(1.,0.,0.));
#4995 = DEFINITIONAL_REPRESENTATION('',(#4996),#5000);
#4996 = LINE('',#4997,#4998);
#4997 = CARTESIAN_POINT('',(-0.,0.));
#4998 = VECTOR('',#4999,1.);
#4999 = DIRECTION('',(-1.,0.));
#5000 = ( GEOMETRIC_REPRESENTATION_CONTEXT(2) 
PARAMETRIC_REPRESENTATION_CONTEXT() REPRESENTATION_CONTEXT('2D SPACE',''
  ) );
#5001 = ORIENTED_EDGE('',*,*,#5002,.T.);
#5002 = EDGE_CURVE('',#4974,#5003,#5005,.T.);
#5003 = VERTEX_POINT('',#5004);
#5004 = CARTESIAN_POINT('',(32.700619850505,-12.47675684594,0.));
#5005 = SURFACE_CURVE('',#5006,(#5011,#5018),.PCURVE_S1.);
#5006 = CIRCLE('',#5007,35.);
#5007 = AXIS2_PLACEMENT_3D('',#5008,#5009,#5010);
#5008 = CARTESIAN_POINT('',(0.,0.,0.));
#5009 = DIRECTION('',(0.,0.,1.));
#5010 = DIRECTION('',(1.,0.,0.));
#5011 = PCURVE('',#45,#5012);
#5012 = DEFINITIONAL_REPRESENTATION('',(#5013),#5017);
#5013 = CIRCLE('',#5014,35.);
#5014 = AXIS2_PLACEMENT_2D('',#5015,#5016);
#5015 = CARTESIAN_POINT('',(1.250230978322E-15,-2.32193833596E-15));
#5016 = DIRECTION('',(1.,0.));
#5017 = ( GEOMETRIC_REPRESENTATION_CONTEXT(2) 
PARAMETRIC_REPRESENTATION_CONTEXT() REPRESENTATION_CONTEXT('2D SPACE',''
  ) );
#5018 = PCURVE('',#5019,#5024);
#5019 = CYLINDRICAL_SURFACE('',#5020,35.);
#5020 = AXIS2_PLACEMENT_3D('',#5021,#5022,#5023);
#5021 = CARTESIAN_POINT('',(0.,0.,0.));
#5022 = DIRECTION('',(-0.,-0.,-1.));
#5023 = DIRECTION('',(1.,0.,0.));
#5024 = DEFINITIONAL_REPRESENTATION('',(#5025),#5029);
#5025 = LINE('',#5026,#5027);
#5026 = CARTESIAN_POINT('',(-0.,0.));
#5027 = VECTOR('',#5028,1.);
#5028 = DIRECTION('',(-1.,0.));
#5029 = ( GEOMETRIC_REPRESENTATION_CONTEXT(2) 
PARAMETRIC_REPRESENTATION_CONTEXT() REPRESENTATION_CONTEXT('2D SPACE',''
  ) );
#5030 = ORIENTED_EDGE('',*,*,#5031,.F.);
#5031 = EDGE_CURVE('',#5032,#5003,#5034,.T.);
#5032 = VERTEX_POINT('',#5033);
#5033 = CARTESIAN_POINT('',(33.070032832668,-11.46180301899,0.));
#5034 = SURFACE_CURVE('',#5035,(#5040,#5047),.PCURVE_S1.);
#5035 = CIRCLE('',#5036,0.55);
#5036 = AXIS2_PLACEMENT_3D('',#5037,#5038,#5039);
#5037 = CARTESIAN_POINT('',(32.983210989585,-12.00490703073,0.));
#5038 = DIRECTION('',(0.,0.,1.));
#5039 = DIRECTION('',(1.,0.,0.));
#5040 = PCURVE('',#45,#5041);
#5041 = DEFINITIONAL_REPRESENTATION('',(#5042),#5046);
#5042 = CIRCLE('',#5043,0.55);
#5043 = AXIS2_PLACEMENT_2D('',#5044,#5045);
#5044 = CARTESIAN_POINT('',(32.983210989585,-12.00490703073));
#5045 = DIRECTION('',(1.,0.));
#5046 = ( GEOMETRIC_REPRESENTATION_CONTEXT(2) 
PARAMETRIC_REPRESENTATION_CONTEXT() REPRESENTATION_CONTEXT('2D SPACE',''
  ) );
#5047 = PCURVE('',#5048,#5053);
#5048 = CYLINDRICAL_SURFACE('',#5049,0.55);
#5049 = AXIS2_PLACEMENT_3D('',#5050,#5051,#5052);
#5050 = CARTESIAN_POINT('',(32.983210989585,-12.00490703073,0.));
#5051 = DIRECTION('',(-0.,-0.,-1.));
#5052 = DIRECTION('',(1.,0.,0.));
#5053 = DEFINITIONAL_REPRESENTATION('',(#5054),#5058);
#5054 = LINE('',#5055,#5056);
#5055 = CARTESIAN_POINT('',(-0.,0.));
#5056 = VECTOR('',#5057,1.);
#5057 = DIRECTION('',(-1.,0.));
#5058 = ( GEOMETRIC_REPRESENTATION_CONTEXT(2) 
PARAMETRIC_REPRESENTATION_CONTEXT() REPRESENTATION_CONTEXT('2D SPACE',''
  ) );
#5059 = ORIENTED_EDGE('',*,*,#5060,.T.);
#5060 = EDGE_CURVE('',#5032,#5061,#5063,.T.);
#5061 = VERTEX_POINT('',#5062);
#5062 = CARTESIAN_POINT('',(33.491297345413,-10.16528416332,0.));
#5063 = SURFACE_CURVE('',#5064,(#5069,#5076),.PCURVE_S1.);
#5064 = CIRCLE('',#5065,35.);
#5065 = AXIS2_PLACEMENT_3D('',#5066,#5067,#5068);
#5066 = CARTESIAN_POINT('',(0.,0.,0.));
#5067 = DIRECTION('',(0.,0.,1.));
#5068 = DIRECTION('',(1.,0.,0.));
#5069 = PCURVE('',#45,#5070);
#5070 = DEFINITIONAL_REPRESENTATION('',(#5071),#5075);
#5071 = CIRCLE('',#5072,35.);
#5072 = AXIS2_PLACEMENT_2D('',#5073,#5074);
#5073 = CARTESIAN_POINT('',(1.250230978322E-15,-2.32193833596E-15));
#5074 = DIRECTION('',(1.,0.));
#5075 = ( GEOMETRIC_REPRESENTATION_CONTEXT(2) 
PARAMETRIC_REPRESENTATION_CONTEXT() REPRESENTATION_CONTEXT('2D SPACE',''
  ) );
#5076 = PCURVE('',#5077,#5082);
#5077 = CYLINDRICAL_SURFACE('',#5078,35.);
#5078 = AXIS2_PLACEMENT_3D('',#5079,#5080,#5081);
#5079 = CARTESIAN_POINT('',(0.,0.,0.));
#5080 = DIRECTION('',(-0.,-0.,-1.));
#5081 = DIRECTION('',(1.,0.,0.));
#5082 = DEFINITIONAL_REPRESENTATION('',(#5083),#5087);
#5083 = LINE('',#5084,#5085);
#5084 = CARTESIAN_POINT('',(-0.,0.));
#5085 = VECTOR('',#5086,1.);
#5086 = DIRECTION('',(-1.,0.));
#5087 = ( GEOMETRIC_REPRESENTATION_CONTEXT(2) 
PARAMETRIC_REPRESENTATION_CONTEXT() REPRESENTATION_CONTEXT('2D SPACE',''
  ) );
#5088 = ORIENTED_EDGE('',*,*,#5089,.F.);
#5089 = EDGE_CURVE('',#5090,#5061,#5092,.T.);
#5090 = VERTEX_POINT('',#5091);
#5091 = CARTESIAN_POINT('',(33.789010856137,-9.1270337659,0.));
#5092 = SURFACE_CURVE('',#5093,(#5098,#5105),.PCURVE_S1.);
#5093 = CIRCLE('',#5094,0.55);
#5094 = AXIS2_PLACEMENT_3D('',#5095,#5096,#5097);
#5095 = CARTESIAN_POINT('',(33.740285527435,-9.674871189177,0.));
#5096 = DIRECTION('',(0.,0.,1.));
#5097 = DIRECTION('',(1.,0.,0.));
#5098 = PCURVE('',#45,#5099);
#5099 = DEFINITIONAL_REPRESENTATION('',(#5100),#5104);
#5100 = CIRCLE('',#5101,0.55);
#5101 = AXIS2_PLACEMENT_2D('',#5102,#5103);
#5102 = CARTESIAN_POINT('',(33.740285527435,-9.674871189177));
#5103 = DIRECTION('',(1.,0.));
#5104 = ( GEOMETRIC_REPRESENTATION_CONTEXT(2) 
PARAMETRIC_REPRESENTATION_CONTEXT() REPRESENTATION_CONTEXT('2D SPACE',''
  ) );
#5105 = PCURVE('',#5106,#5111);
#5106 = CYLINDRICAL_SURFACE('',#5107,0.55);
#5107 = AXIS2_PLACEMENT_3D('',#5108,#5109,#5110);
#5108 = CARTESIAN_POINT('',(33.740285527435,-9.674871189177,0.));
#5109 = DIRECTION('',(-0.,-0.,-1.));
#5110 = DIRECTION('',(1.,0.,0.));
#5111 = DEFINITIONAL_REPRESENTATION('',(#5112),#5116);
#5112 = LINE('',#5113,#5114);
#5113 = CARTESIAN_POINT('',(-0.,0.));
#5114 = VECTOR('',#5115,1.);
#5115 = DIRECTION('',(-1.,0.));
#5116 = ( GEOMETRIC_REPRESENTATION_CONTEXT(2) 
PARAMETRIC_REPRESENTATION_CONTEXT() REPRESENTATION_CONTEXT('2D SPACE',''
  ) );
#5117 = ORIENTED_EDGE('',*,*,#5118,.T.);
#5118 = EDGE_CURVE('',#5090,#5119,#5121,.T.);
#5119 = VERTEX_POINT('',#5120);
#5120 = CARTESIAN_POINT('',(34.118808606187,-7.804287238077,0.));
#5121 = SURFACE_CURVE('',#5122,(#5127,#5134),.PCURVE_S1.);
#5122 = CIRCLE('',#5123,35.);
#5123 = AXIS2_PLACEMENT_3D('',#5124,#5125,#5126);
#5124 = CARTESIAN_POINT('',(0.,0.,0.));
#5125 = DIRECTION('',(0.,0.,1.));
#5126 = DIRECTION('',(1.,0.,0.));
#5127 = PCURVE('',#45,#5128);
#5128 = DEFINITIONAL_REPRESENTATION('',(#5129),#5133);
#5129 = CIRCLE('',#5130,35.);
#5130 = AXIS2_PLACEMENT_2D('',#5131,#5132);
#5131 = CARTESIAN_POINT('',(1.250230978322E-15,-2.32193833596E-15));
#5132 = DIRECTION('',(1.,0.));
#5133 = ( GEOMETRIC_REPRESENTATION_CONTEXT(2) 
PARAMETRIC_REPRESENTATION_CONTEXT() REPRESENTATION_CONTEXT('2D SPACE',''
  ) );
#5134 = PCURVE('',#5135,#5140);
#5135 = CYLINDRICAL_SURFACE('',#5136,35.);
#5136 = AXIS2_PLACEMENT_3D('',#5137,#5138,#5139);
#5137 = CARTESIAN_POINT('',(0.,0.,0.));
#5138 = DIRECTION('',(-0.,-0.,-1.));
#5139 = DIRECTION('',(1.,0.,0.));
#5140 = DEFINITIONAL_REPRESENTATION('',(#5141),#5145);
#5141 = LINE('',#5142,#5143);
#5142 = CARTESIAN_POINT('',(-0.,0.));
#5143 = VECTOR('',#5144,1.);
#5144 = DIRECTION('',(-1.,0.));
#5145 = ( GEOMETRIC_REPRESENTATION_CONTEXT(2) 
PARAMETRIC_REPRESENTATION_CONTEXT() REPRESENTATION_CONTEXT('2D SPACE',''
  ) );
#5146 = ORIENTED_EDGE('',*,*,#5147,.F.);
#5147 = EDGE_CURVE('',#5148,#5119,#5150,.T.);
#5148 = VERTEX_POINT('',#5149);
#5149 = CARTESIAN_POINT('',(34.343372215174,-6.747798521743,0.));
#5150 = SURFACE_CURVE('',#5151,(#5156,#5163),.PCURVE_S1.);
#5151 = CIRCLE('',#5152,0.55);
#5152 = AXIS2_PLACEMENT_3D('',#5153,#5154,#5155);
#5153 = CARTESIAN_POINT('',(34.332980785757,-7.297700347703,0.));
#5154 = DIRECTION('',(0.,0.,1.));
#5155 = DIRECTION('',(1.,0.,0.));
#5156 = PCURVE('',#45,#5157);
#5157 = DEFINITIONAL_REPRESENTATION('',(#5158),#5162);
#5158 = CIRCLE('',#5159,0.55);
#5159 = AXIS2_PLACEMENT_2D('',#5160,#5161);
#5160 = CARTESIAN_POINT('',(34.332980785757,-7.297700347703));
#5161 = DIRECTION('',(1.,0.));
#5162 = ( GEOMETRIC_REPRESENTATION_CONTEXT(2) 
PARAMETRIC_REPRESENTATION_CONTEXT() REPRESENTATION_CONTEXT('2D SPACE',''
  ) );
#5163 = PCURVE('',#5164,#5169);
#5164 = CYLINDRICAL_SURFACE('',#5165,0.55);
#5165 = AXIS2_PLACEMENT_3D('',#5166,#5167,#5168);
#5166 = CARTESIAN_POINT('',(34.332980785757,-7.297700347703,0.));
#5167 = DIRECTION('',(-0.,-0.,-1.));
#5168 = DIRECTION('',(1.,0.,0.));
#5169 = DEFINITIONAL_REPRESENTATION('',(#5170),#5174);
#5170 = LINE('',#5171,#5172);
#5171 = CARTESIAN_POINT('',(-0.,0.));
#5172 = VECTOR('',#5173,1.);
#5173 = DIRECTION('',(-1.,0.));
#5174 = ( GEOMETRIC_REPRESENTATION_CONTEXT(2) 
PARAMETRIC_REPRESENTATION_CONTEXT() REPRESENTATION_CONTEXT('2D SPACE',''
  ) );
#5175 = ORIENTED_EDGE('',*,*,#5176,.T.);
#5176 = EDGE_CURVE('',#5148,#5177,#5179,.T.);
#5177 = VERTEX_POINT('',#5178);
#5178 = CARTESIAN_POINT('',(34.580096461042,-5.405268609889,0.));
#5179 = SURFACE_CURVE('',#5180,(#5185,#5192),.PCURVE_S1.);
#5180 = CIRCLE('',#5181,35.);
#5181 = AXIS2_PLACEMENT_3D('',#5182,#5183,#5184);
#5182 = CARTESIAN_POINT('',(0.,0.,0.));
#5183 = DIRECTION('',(0.,0.,1.));
#5184 = DIRECTION('',(1.,0.,0.));
#5185 = PCURVE('',#45,#5186);
#5186 = DEFINITIONAL_REPRESENTATION('',(#5187),#5191);
#5187 = CIRCLE('',#5188,35.);
#5188 = AXIS2_PLACEMENT_2D('',#5189,#5190);
#5189 = CARTESIAN_POINT('',(1.250230978322E-15,-2.32193833596E-15));
#5190 = DIRECTION('',(1.,0.));
#5191 = ( GEOMETRIC_REPRESENTATION_CONTEXT(2) 
PARAMETRIC_REPRESENTATION_CONTEXT() REPRESENTATION_CONTEXT('2D SPACE',''
  ) );
#5192 = PCURVE('',#5193,#5198);
#5193 = CYLINDRICAL_SURFACE('',#5194,35.);
#5194 = AXIS2_PLACEMENT_3D('',#5195,#5196,#5197);
#5195 = CARTESIAN_POINT('',(0.,0.,0.));
#5196 = DIRECTION('',(-0.,-0.,-1.));
#5197 = DIRECTION('',(1.,0.,0.));
#5198 = DEFINITIONAL_REPRESENTATION('',(#5199),#5203);
#5199 = LINE('',#5200,#5201);
#5200 = CARTESIAN_POINT('',(-0.,0.));
#5201 = VECTOR('',#5202,1.);
#5202 = DIRECTION('',(-1.,0.));
#5203 = ( GEOMETRIC_REPRESENTATION_CONTEXT(2) 
PARAMETRIC_REPRESENTATION_CONTEXT() REPRESENTATION_CONTEXT('2D SPACE',''
  ) );
#5204 = ORIENTED_EDGE('',*,*,#5205,.F.);
#5205 = EDGE_CURVE('',#5206,#5177,#5208,.T.);
#5206 = VERTEX_POINT('',#5207);
#5207 = CARTESIAN_POINT('',(34.730416116962,-4.335688681475,0.));
#5208 = SURFACE_CURVE('',#5209,(#5214,#5221),.PCURVE_S1.);
#5209 = CIRCLE('',#5210,0.55);
#5210 = AXIS2_PLACEMENT_3D('',#5211,#5212,#5213);
#5211 = CARTESIAN_POINT('',(34.758409212829,-4.884975843698,0.));
#5212 = DIRECTION('',(0.,0.,1.));
#5213 = DIRECTION('',(1.,0.,0.));
#5214 = PCURVE('',#45,#5215);
#5215 = DEFINITIONAL_REPRESENTATION('',(#5216),#5220);
#5216 = CIRCLE('',#5217,0.55);
#5217 = AXIS2_PLACEMENT_2D('',#5218,#5219);
#5218 = CARTESIAN_POINT('',(34.758409212829,-4.884975843698));
#5219 = DIRECTION('',(1.,0.));
#5220 = ( GEOMETRIC_REPRESENTATION_CONTEXT(2) 
PARAMETRIC_REPRESENTATION_CONTEXT() REPRESENTATION_CONTEXT('2D SPACE',''
  ) );
#5221 = PCURVE('',#5222,#5227);
#5222 = CYLINDRICAL_SURFACE('',#5223,0.55);
#5223 = AXIS2_PLACEMENT_3D('',#5224,#5225,#5226);
#5224 = CARTESIAN_POINT('',(34.758409212829,-4.884975843698,0.));
#5225 = DIRECTION('',(-0.,-0.,-1.));
#5226 = DIRECTION('',(1.,0.,0.));
#5227 = DEFINITIONAL_REPRESENTATION('',(#5228),#5232);
#5228 = LINE('',#5229,#5230);
#5229 = CARTESIAN_POINT('',(-0.,0.));
#5230 = VECTOR('',#5231,1.);
#5231 = DIRECTION('',(-1.,0.));
#5232 = ( GEOMETRIC_REPRESENTATION_CONTEXT(2) 
PARAMETRIC_REPRESENTATION_CONTEXT() REPRESENTATION_CONTEXT('2D SPACE',''
  ) );
#5233 = ORIENTED_EDGE('',*,*,#5234,.T.);
#5234 = EDGE_CURVE('',#5206,#5235,#5237,.T.);
#5235 = VERTEX_POINT('',#5236);
#5236 = CARTESIAN_POINT('',(34.872913561918,-2.979916056369,0.));
#5237 = SURFACE_CURVE('',#5238,(#5243,#5250),.PCURVE_S1.);
#5238 = CIRCLE('',#5239,35.);
#5239 = AXIS2_PLACEMENT_3D('',#5240,#5241,#5242);
#5240 = CARTESIAN_POINT('',(0.,0.,0.));
#5241 = DIRECTION('',(0.,0.,1.));
#5242 = DIRECTION('',(1.,0.,0.));
#5243 = PCURVE('',#45,#5244);
#5244 = DEFINITIONAL_REPRESENTATION('',(#5245),#5249);
#5245 = CIRCLE('',#5246,35.);
#5246 = AXIS2_PLACEMENT_2D('',#5247,#5248);
#5247 = CARTESIAN_POINT('',(1.250230978322E-15,-2.32193833596E-15));
#5248 = DIRECTION('',(1.,0.));
#5249 = ( GEOMETRIC_REPRESENTATION_CONTEXT(2) 
PARAMETRIC_REPRESENTATION_CONTEXT() REPRESENTATION_CONTEXT('2D SPACE',''
  ) );
#5250 = PCURVE('',#5251,#5256);
#5251 = CYLINDRICAL_SURFACE('',#5252,35.);
#5252 = AXIS2_PLACEMENT_3D('',#5253,#5254,#5255);
#5253 = CARTESIAN_POINT('',(0.,0.,0.));
#5254 = DIRECTION('',(-0.,-0.,-1.));
#5255 = DIRECTION('',(1.,0.,0.));
#5256 = DEFINITIONAL_REPRESENTATION('',(#5257),#5261);
#5257 = LINE('',#5258,#5259);
#5258 = CARTESIAN_POINT('',(-0.,0.));
#5259 = VECTOR('',#5260,1.);
#5260 = DIRECTION('',(-1.,0.));
#5261 = ( GEOMETRIC_REPRESENTATION_CONTEXT(2) 
PARAMETRIC_REPRESENTATION_CONTEXT() REPRESENTATION_CONTEXT('2D SPACE',''
  ) );
#5262 = ORIENTED_EDGE('',*,*,#5263,.F.);
#5263 = EDGE_CURVE('',#5264,#5235,#5266,.T.);
#5264 = VERTEX_POINT('',#5265);
#5265 = CARTESIAN_POINT('',(34.948256922518,-1.902455801772,0.));
#5266 = SURFACE_CURVE('',#5267,(#5272,#5279),.PCURVE_S1.);
#5267 = CIRCLE('',#5268,0.55);
#5268 = AXIS2_PLACEMENT_3D('',#5269,#5270,#5271);
#5269 = CARTESIAN_POINT('',(35.01449816412,-2.448452228419,0.));
#5270 = DIRECTION('',(0.,0.,1.));
#5271 = DIRECTION('',(1.,0.,0.));
#5272 = PCURVE('',#45,#5273);
#5273 = DEFINITIONAL_REPRESENTATION('',(#5274),#5278);
#5274 = CIRCLE('',#5275,0.55);
#5275 = AXIS2_PLACEMENT_2D('',#5276,#5277);
#5276 = CARTESIAN_POINT('',(35.01449816412,-2.448452228419));
#5277 = DIRECTION('',(1.,0.));
#5278 = ( GEOMETRIC_REPRESENTATION_CONTEXT(2) 
PARAMETRIC_REPRESENTATION_CONTEXT() REPRESENTATION_CONTEXT('2D SPACE',''
  ) );
#5279 = PCURVE('',#5280,#5285);
#5280 = CYLINDRICAL_SURFACE('',#5281,0.55);
#5281 = AXIS2_PLACEMENT_3D('',#5282,#5283,#5284);
#5282 = CARTESIAN_POINT('',(35.01449816412,-2.448452228419,0.));
#5283 = DIRECTION('',(-0.,-0.,-1.));
#5284 = DIRECTION('',(1.,0.,0.));
#5285 = DEFINITIONAL_REPRESENTATION('',(#5286),#5290);
#5286 = LINE('',#5287,#5288);
#5287 = CARTESIAN_POINT('',(-0.,0.));
#5288 = VECTOR('',#5289,1.);
#5289 = DIRECTION('',(-1.,0.));
#5290 = ( GEOMETRIC_REPRESENTATION_CONTEXT(2) 
PARAMETRIC_REPRESENTATION_CONTEXT() REPRESENTATION_CONTEXT('2D SPACE',''
  ) );
#5291 = ORIENTED_EDGE('',*,*,#5292,.T.);
#5292 = EDGE_CURVE('',#5264,#140,#5293,.T.);
#5293 = SURFACE_CURVE('',#5294,(#5299,#5306),.PCURVE_S1.);
#5294 = CIRCLE('',#5295,35.);
#5295 = AXIS2_PLACEMENT_3D('',#5296,#5297,#5298);
#5296 = CARTESIAN_POINT('',(0.,0.,0.));
#5297 = DIRECTION('',(0.,0.,1.));
#5298 = DIRECTION('',(1.,0.,0.));
#5299 = PCURVE('',#45,#5300);
#5300 = DEFINITIONAL_REPRESENTATION('',(#5301),#5305);
#5301 = CIRCLE('',#5302,35.);
#5302 = AXIS2_PLACEMENT_2D('',#5303,#5304);
#5303 = CARTESIAN_POINT('',(1.250230978322E-15,-2.32193833596E-15));
#5304 = DIRECTION('',(1.,0.));
#5305 = ( GEOMETRIC_REPRESENTATION_CONTEXT(2) 
PARAMETRIC_REPRESENTATION_CONTEXT() REPRESENTATION_CONTEXT('2D SPACE',''
  ) );
#5306 = PCURVE('',#5307,#5312);
#5307 = CYLINDRICAL_SURFACE('',#5308,35.);
#5308 = AXIS2_PLACEMENT_3D('',#5309,#5310,#5311);
#5309 = CARTESIAN_POINT('',(0.,0.,0.));
#5310 = DIRECTION('',(-0.,-0.,-1.));
#5311 = DIRECTION('',(1.,0.,0.));
#5312 = DEFINITIONAL_REPRESENTATION('',(#5313),#5317);
#5313 = LINE('',#5314,#5315);
#5314 = CARTESIAN_POINT('',(-0.,0.));
#5315 = VECTOR('',#5316,1.);
#5316 = DIRECTION('',(-1.,0.));
#5317 = ( GEOMETRIC_REPRESENTATION_CONTEXT(2) 
PARAMETRIC_REPRESENTATION_CONTEXT() REPRESENTATION_CONTEXT('2D SPACE',''
  ) );
#5318 = FACE_BOUND('',#5319,.F.);
#5319 = EDGE_LOOP('',(#5320));
#5320 = ORIENTED_EDGE('',*,*,#5321,.F.);
#5321 = EDGE_CURVE('',#5322,#5322,#5324,.T.);
#5322 = VERTEX_POINT('',#5323);
#5323 = CARTESIAN_POINT('',(32.,1.085324868355E-16,0.));
#5324 = SURFACE_CURVE('',#5325,(#5330,#5337),.PCURVE_S1.);
#5325 = CIRCLE('',#5326,32.);
#5326 = AXIS2_PLACEMENT_3D('',#5327,#5328,#5329);
#5327 = CARTESIAN_POINT('',(1.671608690878E-13,1.085324868355E-16,0.));
#5328 = DIRECTION('',(0.,0.,1.));
#5329 = DIRECTION('',(1.,0.,0.));
#5330 = PCURVE('',#45,#5331);
#5331 = DEFINITIONAL_REPRESENTATION('',(#5332),#5336);
#5332 = CIRCLE('',#5333,32.);
#5333 = AXIS2_PLACEMENT_2D('',#5334,#5335);
#5334 = CARTESIAN_POINT('',(1.684111000661E-13,-2.213405849125E-15));
#5335 = DIRECTION('',(1.,0.));
#5336 = ( GEOMETRIC_REPRESENTATION_CONTEXT(2) 
PARAMETRIC_REPRESENTATION_CONTEXT() REPRESENTATION_CONTEXT('2D SPACE',''
  ) );
#5337 = PCURVE('',#5338,#5343);
#5338 = CYLINDRICAL_SURFACE('',#5339,32.);
#5339 = AXIS2_PLACEMENT_3D('',#5340,#5341,#5342);
#5340 = CARTESIAN_POINT('',(1.671608690878E-13,1.085324868355E-16,0.));
#5341 = DIRECTION('',(-0.,-0.,-1.));
#5342 = DIRECTION('',(1.,0.,0.));
#5343 = DEFINITIONAL_REPRESENTATION('',(#5344),#5348);
#5344 = LINE('',#5345,#5346);
#5345 = CARTESIAN_POINT('',(-0.,0.));
#5346 = VECTOR('',#5347,1.);
#5347 = DIRECTION('',(-1.,0.));
#5348 = ( GEOMETRIC_REPRESENTATION_CONTEXT(2) 
PARAMETRIC_REPRESENTATION_CONTEXT() REPRESENTATION_CONTEXT('2D SPACE',''
  ) );
#5349 = ADVANCED_FACE('',(#5350),#125,.F.);
#5350 = FACE_BOUND('',#5351,.T.);
#5351 = EDGE_LOOP('',(#5352,#5353,#5374,#5396));
#5352 = ORIENTED_EDGE('',*,*,#164,.F.);
#5353 = ORIENTED_EDGE('',*,*,#5354,.F.);
#5354 = EDGE_CURVE('',#5355,#165,#5357,.T.);
#5355 = VERTEX_POINT('',#5356);
#5356 = CARTESIAN_POINT('',(34.872913561918,2.979916056369,4.6));
#5357 = SURFACE_CURVE('',#5358,(#5362,#5368),.PCURVE_S1.);
#5358 = LINE('',#5359,#5360);
#5359 = CARTESIAN_POINT('',(34.872913561918,2.979916056369,0.));
#5360 = VECTOR('',#5361,1.);
#5361 = DIRECTION('',(-0.,-0.,-1.));
#5362 = PCURVE('',#125,#5363);
#5363 = DEFINITIONAL_REPRESENTATION('',(#5364),#5367);
#5364 = B_SPLINE_CURVE_WITH_KNOTS('',1,(#5365,#5366),.UNSPECIFIED.,.F.,
  .F.,(2,2),(-4.6000006,6.E-07),.PIECEWISE_BEZIER_KNOTS.);
#5365 = CARTESIAN_POINT('',(-1.83115437485,-4.6000006));
#5366 = CARTESIAN_POINT('',(-1.83115437485,6.E-07));
#5367 = ( GEOMETRIC_REPRESENTATION_CONTEXT(2) 
PARAMETRIC_REPRESENTATION_CONTEXT() REPRESENTATION_CONTEXT('2D SPACE',''
  ) );
#5368 = PCURVE('',#205,#5369);
#5369 = DEFINITIONAL_REPRESENTATION('',(#5370),#5373);
#5370 = B_SPLINE_CURVE_WITH_KNOTS('',1,(#5371,#5372),.UNSPECIFIED.,.F.,
  .F.,(2,2),(-4.6000006,6.E-07),.PIECEWISE_BEZIER_KNOTS.);
#5371 = CARTESIAN_POINT('',(-8.52436581588E-02,-4.6000006));
#5372 = CARTESIAN_POINT('',(-8.52436581588E-02,6.E-07));
#5373 = ( GEOMETRIC_REPRESENTATION_CONTEXT(2) 
PARAMETRIC_REPRESENTATION_CONTEXT() REPRESENTATION_CONTEXT('2D SPACE',''
  ) );
#5374 = ORIENTED_EDGE('',*,*,#5375,.T.);
#5375 = EDGE_CURVE('',#5355,#84,#5376,.T.);
#5376 = SURFACE_CURVE('',#5377,(#5382,#5389),.PCURVE_S1.);
#5377 = CIRCLE('',#5378,0.55);
#5378 = AXIS2_PLACEMENT_3D('',#5379,#5380,#5381);
#5379 = CARTESIAN_POINT('',(35.01449816412,2.448452228419,4.6));
#5380 = DIRECTION('',(0.,0.,1.));
#5381 = DIRECTION('',(1.,0.,0.));
#5382 = PCURVE('',#125,#5383);
#5383 = DEFINITIONAL_REPRESENTATION('',(#5384),#5388);
#5384 = LINE('',#5385,#5386);
#5385 = CARTESIAN_POINT('',(-0.,-4.6));
#5386 = VECTOR('',#5387,1.);
#5387 = DIRECTION('',(-1.,0.));
#5388 = ( GEOMETRIC_REPRESENTATION_CONTEXT(2) 
PARAMETRIC_REPRESENTATION_CONTEXT() REPRESENTATION_CONTEXT('2D SPACE',''
  ) );
#5389 = PCURVE('',#100,#5390);
#5390 = DEFINITIONAL_REPRESENTATION('',(#5391),#5395);
#5391 = CIRCLE('',#5392,0.55);
#5392 = AXIS2_PLACEMENT_2D('',#5393,#5394);
#5393 = CARTESIAN_POINT('',(35.01449816412,2.448452228419));
#5394 = DIRECTION('',(1.,0.));
#5395 = ( GEOMETRIC_REPRESENTATION_CONTEXT(2) 
PARAMETRIC_REPRESENTATION_CONTEXT() REPRESENTATION_CONTEXT('2D SPACE',''
  ) );
#5396 = ORIENTED_EDGE('',*,*,#112,.T.);
#5397 = ADVANCED_FACE('',(#5398,#9828),#100,.T.);
#5398 = FACE_BOUND('',#5399,.T.);
#5399 = EDGE_LOOP('',(#5400,#5424,#5425,#5426,#5450,#5474,#5498,#5522,
    #5546,#5570,#5594,#5618,#5642,#5666,#5690,#5714,#5738,#5762,#5786,
    #5810,#5834,#5858,#5882,#5906,#5930,#5954,#5978,#6002,#6026,#6050,
    #6074,#6098,#6122,#6146,#6170,#6194,#6218,#6242,#6266,#6290,#6314,
    #6338,#6362,#6386,#6410,#6434,#6458,#6482,#6506,#6530,#6554,#6578,
    #6602,#6630,#6654,#6682,#6706,#6734,#6758,#6786,#6810,#6838,#6862,
    #6890,#6914,#6942,#6966,#6994,#7018,#7046,#7070,#7098,#7122,#7150,
    #7174,#7202,#7226,#7254,#7278,#7306,#7330,#7358,#7382,#7410,#7434,
    #7462,#7486,#7514,#7538,#7566,#7590,#7618,#7642,#7670,#7694,#7722,
    #7746,#7774,#7798,#7826,#7850,#7878,#7902,#7930,#7954,#7982,#8006,
    #8034,#8058,#8086,#8110,#8138,#8162,#8190,#8214,#8242,#8266,#8294,
    #8318,#8346,#8370,#8398,#8422,#8450,#8474,#8502,#8526,#8554,#8578,
    #8606,#8630,#8654,#8678,#8702,#8726,#8750,#8774,#8798,#8822,#8846,
    #8870,#8894,#8918,#8942,#8966,#8990,#9014,#9038,#9062,#9086,#9110,
    #9134,#9158,#9182,#9206,#9230,#9254,#9278,#9302,#9326,#9350,#9374,
    #9398,#9422,#9446,#9470,#9494,#9518,#9542,#9566,#9590,#9614,#9638,
    #9662,#9686,#9710,#9734,#9758,#9782,#9806));
#5400 = ORIENTED_EDGE('',*,*,#5401,.F.);
#5401 = EDGE_CURVE('',#58,#5402,#5404,.T.);
#5402 = VERTEX_POINT('',#5403);
#5403 = CARTESIAN_POINT('',(34.995833333333,-0.540045651363,4.6));
#5404 = SURFACE_CURVE('',#5405,(#5410,#5417),.PCURVE_S1.);
#5405 = CIRCLE('',#5406,0.55);
#5406 = AXIS2_PLACEMENT_3D('',#5407,#5408,#5409);
#5407 = CARTESIAN_POINT('',(35.1,0.,4.6));
#5408 = DIRECTION('',(0.,0.,1.));
#5409 = DIRECTION('',(1.,0.,0.));
#5410 = PCURVE('',#100,#5411);
#5411 = DEFINITIONAL_REPRESENTATION('',(#5412),#5416);
#5412 = CIRCLE('',#5413,0.55);
#5413 = AXIS2_PLACEMENT_2D('',#5414,#5415);
#5414 = CARTESIAN_POINT('',(35.1,-2.32193833596E-15));
#5415 = DIRECTION('',(1.,0.));
#5416 = ( GEOMETRIC_REPRESENTATION_CONTEXT(2) 
PARAMETRIC_REPRESENTATION_CONTEXT() REPRESENTATION_CONTEXT('2D SPACE',''
  ) );
#5417 = PCURVE('',#72,#5418);
#5418 = DEFINITIONAL_REPRESENTATION('',(#5419),#5423);
#5419 = LINE('',#5420,#5421);
#5420 = CARTESIAN_POINT('',(-0.,-4.6));
#5421 = VECTOR('',#5422,1.);
#5422 = DIRECTION('',(-1.,0.));
#5423 = ( GEOMETRIC_REPRESENTATION_CONTEXT(2) 
PARAMETRIC_REPRESENTATION_CONTEXT() REPRESENTATION_CONTEXT('2D SPACE',''
  ) );
#5424 = ORIENTED_EDGE('',*,*,#83,.T.);
#5425 = ORIENTED_EDGE('',*,*,#5375,.F.);
#5426 = ORIENTED_EDGE('',*,*,#5427,.T.);
#5427 = EDGE_CURVE('',#5355,#5428,#5430,.T.);
#5428 = VERTEX_POINT('',#5429);
#5429 = CARTESIAN_POINT('',(34.730416116962,4.335688681475,4.6));
#5430 = SURFACE_CURVE('',#5431,(#5436,#5443),.PCURVE_S1.);
#5431 = CIRCLE('',#5432,35.);
#5432 = AXIS2_PLACEMENT_3D('',#5433,#5434,#5435);
#5433 = CARTESIAN_POINT('',(0.,0.,4.6));
#5434 = DIRECTION('',(0.,0.,1.));
#5435 = DIRECTION('',(1.,0.,0.));
#5436 = PCURVE('',#100,#5437);
#5437 = DEFINITIONAL_REPRESENTATION('',(#5438),#5442);
#5438 = CIRCLE('',#5439,35.);
#5439 = AXIS2_PLACEMENT_2D('',#5440,#5441);
#5440 = CARTESIAN_POINT('',(1.250230978322E-15,-2.32193833596E-15));
#5441 = DIRECTION('',(1.,0.));
#5442 = ( GEOMETRIC_REPRESENTATION_CONTEXT(2) 
PARAMETRIC_REPRESENTATION_CONTEXT() REPRESENTATION_CONTEXT('2D SPACE',''
  ) );
#5443 = PCURVE('',#205,#5444);
#5444 = DEFINITIONAL_REPRESENTATION('',(#5445),#5449);
#5445 = LINE('',#5446,#5447);
#5446 = CARTESIAN_POINT('',(-0.,-4.6));
#5447 = VECTOR('',#5448,1.);
#5448 = DIRECTION('',(-1.,0.));
#5449 = ( GEOMETRIC_REPRESENTATION_CONTEXT(2) 
PARAMETRIC_REPRESENTATION_CONTEXT() REPRESENTATION_CONTEXT('2D SPACE',''
  ) );
#5450 = ORIENTED_EDGE('',*,*,#5451,.F.);
#5451 = EDGE_CURVE('',#5452,#5428,#5454,.T.);
#5452 = VERTEX_POINT('',#5453);
#5453 = CARTESIAN_POINT('',(34.580096461042,5.405268609889,4.6));
#5454 = SURFACE_CURVE('',#5455,(#5460,#5467),.PCURVE_S1.);
#5455 = CIRCLE('',#5456,0.55);
#5456 = AXIS2_PLACEMENT_3D('',#5457,#5458,#5459);
#5457 = CARTESIAN_POINT('',(34.758409212829,4.884975843698,4.6));
#5458 = DIRECTION('',(0.,0.,1.));
#5459 = DIRECTION('',(1.,0.,0.));
#5460 = PCURVE('',#100,#5461);
#5461 = DEFINITIONAL_REPRESENTATION('',(#5462),#5466);
#5462 = CIRCLE('',#5463,0.55);
#5463 = AXIS2_PLACEMENT_2D('',#5464,#5465);
#5464 = CARTESIAN_POINT('',(34.758409212829,4.884975843698));
#5465 = DIRECTION('',(1.,0.));
#5466 = ( GEOMETRIC_REPRESENTATION_CONTEXT(2) 
PARAMETRIC_REPRESENTATION_CONTEXT() REPRESENTATION_CONTEXT('2D SPACE',''
  ) );
#5467 = PCURVE('',#234,#5468);
#5468 = DEFINITIONAL_REPRESENTATION('',(#5469),#5473);
#5469 = LINE('',#5470,#5471);
#5470 = CARTESIAN_POINT('',(-0.,-4.6));
#5471 = VECTOR('',#5472,1.);
#5472 = DIRECTION('',(-1.,0.));
#5473 = ( GEOMETRIC_REPRESENTATION_CONTEXT(2) 
PARAMETRIC_REPRESENTATION_CONTEXT() REPRESENTATION_CONTEXT('2D SPACE',''
  ) );
#5474 = ORIENTED_EDGE('',*,*,#5475,.T.);
#5475 = EDGE_CURVE('',#5452,#5476,#5478,.T.);
#5476 = VERTEX_POINT('',#5477);
#5477 = CARTESIAN_POINT('',(34.343372215174,6.747798521743,4.6));
#5478 = SURFACE_CURVE('',#5479,(#5484,#5491),.PCURVE_S1.);
#5479 = CIRCLE('',#5480,35.);
#5480 = AXIS2_PLACEMENT_3D('',#5481,#5482,#5483);
#5481 = CARTESIAN_POINT('',(0.,0.,4.6));
#5482 = DIRECTION('',(0.,0.,1.));
#5483 = DIRECTION('',(1.,0.,0.));
#5484 = PCURVE('',#100,#5485);
#5485 = DEFINITIONAL_REPRESENTATION('',(#5486),#5490);
#5486 = CIRCLE('',#5487,35.);
#5487 = AXIS2_PLACEMENT_2D('',#5488,#5489);
#5488 = CARTESIAN_POINT('',(1.250230978322E-15,-2.32193833596E-15));
#5489 = DIRECTION('',(1.,0.));
#5490 = ( GEOMETRIC_REPRESENTATION_CONTEXT(2) 
PARAMETRIC_REPRESENTATION_CONTEXT() REPRESENTATION_CONTEXT('2D SPACE',''
  ) );
#5491 = PCURVE('',#263,#5492);
#5492 = DEFINITIONAL_REPRESENTATION('',(#5493),#5497);
#5493 = LINE('',#5494,#5495);
#5494 = CARTESIAN_POINT('',(-0.,-4.6));
#5495 = VECTOR('',#5496,1.);
#5496 = DIRECTION('',(-1.,0.));
#5497 = ( GEOMETRIC_REPRESENTATION_CONTEXT(2) 
PARAMETRIC_REPRESENTATION_CONTEXT() REPRESENTATION_CONTEXT('2D SPACE',''
  ) );
#5498 = ORIENTED_EDGE('',*,*,#5499,.F.);
#5499 = EDGE_CURVE('',#5500,#5476,#5502,.T.);
#5500 = VERTEX_POINT('',#5501);
#5501 = CARTESIAN_POINT('',(34.118808606187,7.804287238077,4.6));
#5502 = SURFACE_CURVE('',#5503,(#5508,#5515),.PCURVE_S1.);
#5503 = CIRCLE('',#5504,0.55);
#5504 = AXIS2_PLACEMENT_3D('',#5505,#5506,#5507);
#5505 = CARTESIAN_POINT('',(34.332980785757,7.297700347703,4.6));
#5506 = DIRECTION('',(0.,0.,1.));
#5507 = DIRECTION('',(1.,0.,0.));
#5508 = PCURVE('',#100,#5509);
#5509 = DEFINITIONAL_REPRESENTATION('',(#5510),#5514);
#5510 = CIRCLE('',#5511,0.55);
#5511 = AXIS2_PLACEMENT_2D('',#5512,#5513);
#5512 = CARTESIAN_POINT('',(34.332980785757,7.297700347703));
#5513 = DIRECTION('',(1.,0.));
#5514 = ( GEOMETRIC_REPRESENTATION_CONTEXT(2) 
PARAMETRIC_REPRESENTATION_CONTEXT() REPRESENTATION_CONTEXT('2D SPACE',''
  ) );
#5515 = PCURVE('',#292,#5516);
#5516 = DEFINITIONAL_REPRESENTATION('',(#5517),#5521);
#5517 = LINE('',#5518,#5519);
#5518 = CARTESIAN_POINT('',(-0.,-4.6));
#5519 = VECTOR('',#5520,1.);
#5520 = DIRECTION('',(-1.,0.));
#5521 = ( GEOMETRIC_REPRESENTATION_CONTEXT(2) 
PARAMETRIC_REPRESENTATION_CONTEXT() REPRESENTATION_CONTEXT('2D SPACE',''
  ) );
#5522 = ORIENTED_EDGE('',*,*,#5523,.T.);
#5523 = EDGE_CURVE('',#5500,#5524,#5526,.T.);
#5524 = VERTEX_POINT('',#5525);
#5525 = CARTESIAN_POINT('',(33.789010856137,9.1270337659,4.6));
#5526 = SURFACE_CURVE('',#5527,(#5532,#5539),.PCURVE_S1.);
#5527 = CIRCLE('',#5528,35.);
#5528 = AXIS2_PLACEMENT_3D('',#5529,#5530,#5531);
#5529 = CARTESIAN_POINT('',(0.,0.,4.6));
#5530 = DIRECTION('',(0.,0.,1.));
#5531 = DIRECTION('',(1.,0.,0.));
#5532 = PCURVE('',#100,#5533);
#5533 = DEFINITIONAL_REPRESENTATION('',(#5534),#5538);
#5534 = CIRCLE('',#5535,35.);
#5535 = AXIS2_PLACEMENT_2D('',#5536,#5537);
#5536 = CARTESIAN_POINT('',(1.250230978322E-15,-2.32193833596E-15));
#5537 = DIRECTION('',(1.,0.));
#5538 = ( GEOMETRIC_REPRESENTATION_CONTEXT(2) 
PARAMETRIC_REPRESENTATION_CONTEXT() REPRESENTATION_CONTEXT('2D SPACE',''
  ) );
#5539 = PCURVE('',#321,#5540);
#5540 = DEFINITIONAL_REPRESENTATION('',(#5541),#5545);
#5541 = LINE('',#5542,#5543);
#5542 = CARTESIAN_POINT('',(-0.,-4.6));
#5543 = VECTOR('',#5544,1.);
#5544 = DIRECTION('',(-1.,0.));
#5545 = ( GEOMETRIC_REPRESENTATION_CONTEXT(2) 
PARAMETRIC_REPRESENTATION_CONTEXT() REPRESENTATION_CONTEXT('2D SPACE',''
  ) );
#5546 = ORIENTED_EDGE('',*,*,#5547,.F.);
#5547 = EDGE_CURVE('',#5548,#5524,#5550,.T.);
#5548 = VERTEX_POINT('',#5549);
#5549 = CARTESIAN_POINT('',(33.491297345413,10.165284163325,4.6));
#5550 = SURFACE_CURVE('',#5551,(#5556,#5563),.PCURVE_S1.);
#5551 = CIRCLE('',#5552,0.55);
#5552 = AXIS2_PLACEMENT_3D('',#5553,#5554,#5555);
#5553 = CARTESIAN_POINT('',(33.740285527435,9.674871189177,4.6));
#5554 = DIRECTION('',(0.,0.,1.));
#5555 = DIRECTION('',(1.,0.,0.));
#5556 = PCURVE('',#100,#5557);
#5557 = DEFINITIONAL_REPRESENTATION('',(#5558),#5562);
#5558 = CIRCLE('',#5559,0.55);
#5559 = AXIS2_PLACEMENT_2D('',#5560,#5561);
#5560 = CARTESIAN_POINT('',(33.740285527435,9.674871189177));
#5561 = DIRECTION('',(1.,0.));
#5562 = ( GEOMETRIC_REPRESENTATION_CONTEXT(2) 
PARAMETRIC_REPRESENTATION_CONTEXT() REPRESENTATION_CONTEXT('2D SPACE',''
  ) );
#5563 = PCURVE('',#350,#5564);
#5564 = DEFINITIONAL_REPRESENTATION('',(#5565),#5569);
#5565 = LINE('',#5566,#5567);
#5566 = CARTESIAN_POINT('',(-0.,-4.6));
#5567 = VECTOR('',#5568,1.);
#5568 = DIRECTION('',(-1.,0.));
#5569 = ( GEOMETRIC_REPRESENTATION_CONTEXT(2) 
PARAMETRIC_REPRESENTATION_CONTEXT() REPRESENTATION_CONTEXT('2D SPACE',''
  ) );
#5570 = ORIENTED_EDGE('',*,*,#5571,.T.);
#5571 = EDGE_CURVE('',#5548,#5572,#5574,.T.);
#5572 = VERTEX_POINT('',#5573);
#5573 = CARTESIAN_POINT('',(33.070032832668,11.461803018995,4.6));
#5574 = SURFACE_CURVE('',#5575,(#5580,#5587),.PCURVE_S1.);
#5575 = CIRCLE('',#5576,35.);
#5576 = AXIS2_PLACEMENT_3D('',#5577,#5578,#5579);
#5577 = CARTESIAN_POINT('',(0.,0.,4.6));
#5578 = DIRECTION('',(0.,0.,1.));
#5579 = DIRECTION('',(1.,0.,0.));
#5580 = PCURVE('',#100,#5581);
#5581 = DEFINITIONAL_REPRESENTATION('',(#5582),#5586);
#5582 = CIRCLE('',#5583,35.);
#5583 = AXIS2_PLACEMENT_2D('',#5584,#5585);
#5584 = CARTESIAN_POINT('',(1.250230978322E-15,-2.32193833596E-15));
#5585 = DIRECTION('',(1.,0.));
#5586 = ( GEOMETRIC_REPRESENTATION_CONTEXT(2) 
PARAMETRIC_REPRESENTATION_CONTEXT() REPRESENTATION_CONTEXT('2D SPACE',''
  ) );
#5587 = PCURVE('',#379,#5588);
#5588 = DEFINITIONAL_REPRESENTATION('',(#5589),#5593);
#5589 = LINE('',#5590,#5591);
#5590 = CARTESIAN_POINT('',(-0.,-4.6));
#5591 = VECTOR('',#5592,1.);
#5592 = DIRECTION('',(-1.,0.));
#5593 = ( GEOMETRIC_REPRESENTATION_CONTEXT(2) 
PARAMETRIC_REPRESENTATION_CONTEXT() REPRESENTATION_CONTEXT('2D SPACE',''
  ) );
#5594 = ORIENTED_EDGE('',*,*,#5595,.F.);
#5595 = EDGE_CURVE('',#5596,#5572,#5598,.T.);
#5596 = VERTEX_POINT('',#5597);
#5597 = CARTESIAN_POINT('',(32.700619850505,12.476756845941,4.6));
#5598 = SURFACE_CURVE('',#5599,(#5604,#5611),.PCURVE_S1.);
#5599 = CIRCLE('',#5600,0.55);
#5600 = AXIS2_PLACEMENT_3D('',#5601,#5602,#5603);
#5601 = CARTESIAN_POINT('',(32.983210989585,12.004907030731,4.6));
#5602 = DIRECTION('',(0.,0.,1.));
#5603 = DIRECTION('',(1.,0.,0.));
#5604 = PCURVE('',#100,#5605);
#5605 = DEFINITIONAL_REPRESENTATION('',(#5606),#5610);
#5606 = CIRCLE('',#5607,0.55);
#5607 = AXIS2_PLACEMENT_2D('',#5608,#5609);
#5608 = CARTESIAN_POINT('',(32.983210989585,12.004907030731));
#5609 = DIRECTION('',(1.,0.));
#5610 = ( GEOMETRIC_REPRESENTATION_CONTEXT(2) 
PARAMETRIC_REPRESENTATION_CONTEXT() REPRESENTATION_CONTEXT('2D SPACE',''
  ) );
#5611 = PCURVE('',#408,#5612);
#5612 = DEFINITIONAL_REPRESENTATION('',(#5613),#5617);
#5613 = LINE('',#5614,#5615);
#5614 = CARTESIAN_POINT('',(-0.,-4.6));
#5615 = VECTOR('',#5616,1.);
#5616 = DIRECTION('',(-1.,0.));
#5617 = ( GEOMETRIC_REPRESENTATION_CONTEXT(2) 
PARAMETRIC_REPRESENTATION_CONTEXT() REPRESENTATION_CONTEXT('2D SPACE',''
  ) );
#5618 = ORIENTED_EDGE('',*,*,#5619,.T.);
#5619 = EDGE_CURVE('',#5596,#5620,#5622,.T.);
#5620 = VERTEX_POINT('',#5621);
#5621 = CARTESIAN_POINT('',(32.189940933427,13.740731519918,4.6));
#5622 = SURFACE_CURVE('',#5623,(#5628,#5635),.PCURVE_S1.);
#5623 = CIRCLE('',#5624,35.);
#5624 = AXIS2_PLACEMENT_3D('',#5625,#5626,#5627);
#5625 = CARTESIAN_POINT('',(0.,0.,4.6));
#5626 = DIRECTION('',(0.,0.,1.));
#5627 = DIRECTION('',(1.,0.,0.));
#5628 = PCURVE('',#100,#5629);
#5629 = DEFINITIONAL_REPRESENTATION('',(#5630),#5634);
#5630 = CIRCLE('',#5631,35.);
#5631 = AXIS2_PLACEMENT_2D('',#5632,#5633);
#5632 = CARTESIAN_POINT('',(1.250230978322E-15,-2.32193833596E-15));
#5633 = DIRECTION('',(1.,0.));
#5634 = ( GEOMETRIC_REPRESENTATION_CONTEXT(2) 
PARAMETRIC_REPRESENTATION_CONTEXT() REPRESENTATION_CONTEXT('2D SPACE',''
  ) );
#5635 = PCURVE('',#437,#5636);
#5636 = DEFINITIONAL_REPRESENTATION('',(#5637),#5641);
#5637 = LINE('',#5638,#5639);
#5638 = CARTESIAN_POINT('',(-0.,-4.6));
#5639 = VECTOR('',#5640,1.);
#5640 = DIRECTION('',(-1.,0.));
#5641 = ( GEOMETRIC_REPRESENTATION_CONTEXT(2) 
PARAMETRIC_REPRESENTATION_CONTEXT() REPRESENTATION_CONTEXT('2D SPACE',''
  ) );
#5642 = ORIENTED_EDGE('',*,*,#5643,.F.);
#5643 = EDGE_CURVE('',#5644,#5620,#5646,.T.);
#5644 = VERTEX_POINT('',#5645);
#5645 = CARTESIAN_POINT('',(31.750628222741,14.727444023362,4.6));
#5646 = SURFACE_CURVE('',#5647,(#5652,#5659),.PCURVE_S1.);
#5647 = CIRCLE('',#5648,0.55);
#5648 = AXIS2_PLACEMENT_3D('',#5649,#5650,#5651);
#5649 = CARTESIAN_POINT('',(32.065445563255,14.276456171961,4.6));
#5650 = DIRECTION('',(0.,0.,1.));
#5651 = DIRECTION('',(1.,0.,0.));
#5652 = PCURVE('',#100,#5653);
#5653 = DEFINITIONAL_REPRESENTATION('',(#5654),#5658);
#5654 = CIRCLE('',#5655,0.55);
#5655 = AXIS2_PLACEMENT_2D('',#5656,#5657);
#5656 = CARTESIAN_POINT('',(32.065445563255,14.276456171961));
#5657 = DIRECTION('',(1.,0.));
#5658 = ( GEOMETRIC_REPRESENTATION_CONTEXT(2) 
PARAMETRIC_REPRESENTATION_CONTEXT() REPRESENTATION_CONTEXT('2D SPACE',''
  ) );
#5659 = PCURVE('',#466,#5660);
#5660 = DEFINITIONAL_REPRESENTATION('',(#5661),#5665);
#5661 = LINE('',#5662,#5663);
#5662 = CARTESIAN_POINT('',(-0.,-4.6));
#5663 = VECTOR('',#5664,1.);
#5664 = DIRECTION('',(-1.,0.));
#5665 = ( GEOMETRIC_REPRESENTATION_CONTEXT(2) 
PARAMETRIC_REPRESENTATION_CONTEXT() REPRESENTATION_CONTEXT('2D SPACE',''
  ) );
#5666 = ORIENTED_EDGE('',*,*,#5667,.T.);
#5667 = EDGE_CURVE('',#5644,#5668,#5670,.T.);
#5668 = VERTEX_POINT('',#5669);
#5669 = CARTESIAN_POINT('',(31.15302287768,15.95271655809,4.6));
#5670 = SURFACE_CURVE('',#5671,(#5676,#5683),.PCURVE_S1.);
#5671 = CIRCLE('',#5672,35.);
#5672 = AXIS2_PLACEMENT_3D('',#5673,#5674,#5675);
#5673 = CARTESIAN_POINT('',(0.,0.,4.6));
#5674 = DIRECTION('',(0.,0.,1.));
#5675 = DIRECTION('',(1.,0.,0.));
#5676 = PCURVE('',#100,#5677);
#5677 = DEFINITIONAL_REPRESENTATION('',(#5678),#5682);
#5678 = CIRCLE('',#5679,35.);
#5679 = AXIS2_PLACEMENT_2D('',#5680,#5681);
#5680 = CARTESIAN_POINT('',(1.250230978322E-15,-2.32193833596E-15));
#5681 = DIRECTION('',(1.,0.));
#5682 = ( GEOMETRIC_REPRESENTATION_CONTEXT(2) 
PARAMETRIC_REPRESENTATION_CONTEXT() REPRESENTATION_CONTEXT('2D SPACE',''
  ) );
#5683 = PCURVE('',#495,#5684);
#5684 = DEFINITIONAL_REPRESENTATION('',(#5685),#5689);
#5685 = LINE('',#5686,#5687);
#5686 = CARTESIAN_POINT('',(-0.,-4.6));
#5687 = VECTOR('',#5688,1.);
#5688 = DIRECTION('',(-1.,0.));
#5689 = ( GEOMETRIC_REPRESENTATION_CONTEXT(2) 
PARAMETRIC_REPRESENTATION_CONTEXT() REPRESENTATION_CONTEXT('2D SPACE',''
  ) );
#5690 = ORIENTED_EDGE('',*,*,#5691,.F.);
#5691 = EDGE_CURVE('',#5692,#5668,#5694,.T.);
#5692 = VERTEX_POINT('',#5693);
#5693 = CARTESIAN_POINT('',(30.645950725838,16.906380573899,4.6));
#5694 = SURFACE_CURVE('',#5695,(#5700,#5707),.PCURVE_S1.);
#5695 = CIRCLE('',#5696,0.55);
#5696 = AXIS2_PLACEMENT_3D('',#5697,#5698,#5699);
#5697 = CARTESIAN_POINT('',(30.991460509348,16.478451853785,4.6));
#5698 = DIRECTION('',(0.,0.,1.));
#5699 = DIRECTION('',(1.,0.,0.));
#5700 = PCURVE('',#100,#5701);
#5701 = DEFINITIONAL_REPRESENTATION('',(#5702),#5706);
#5702 = CIRCLE('',#5703,0.55);
#5703 = AXIS2_PLACEMENT_2D('',#5704,#5705);
#5704 = CARTESIAN_POINT('',(30.991460509348,16.478451853785));
#5705 = DIRECTION('',(1.,0.));
#5706 = ( GEOMETRIC_REPRESENTATION_CONTEXT(2) 
PARAMETRIC_REPRESENTATION_CONTEXT() REPRESENTATION_CONTEXT('2D SPACE',''
  ) );
#5707 = PCURVE('',#524,#5708);
#5708 = DEFINITIONAL_REPRESENTATION('',(#5709),#5713);
#5709 = LINE('',#5710,#5711);
#5710 = CARTESIAN_POINT('',(-0.,-4.6));
#5711 = VECTOR('',#5712,1.);
#5712 = DIRECTION('',(-1.,0.));
#5713 = ( GEOMETRIC_REPRESENTATION_CONTEXT(2) 
PARAMETRIC_REPRESENTATION_CONTEXT() REPRESENTATION_CONTEXT('2D SPACE',''
  ) );
#5714 = ORIENTED_EDGE('',*,*,#5715,.T.);
#5715 = EDGE_CURVE('',#5692,#5716,#5718,.T.);
#5716 = VERTEX_POINT('',#5717);
#5717 = CARTESIAN_POINT('',(29.964330425963,18.086981564752,4.6));
#5718 = SURFACE_CURVE('',#5719,(#5724,#5731),.PCURVE_S1.);
#5719 = CIRCLE('',#5720,35.);
#5720 = AXIS2_PLACEMENT_3D('',#5721,#5722,#5723);
#5721 = CARTESIAN_POINT('',(0.,0.,4.6));
#5722 = DIRECTION('',(0.,0.,1.));
#5723 = DIRECTION('',(1.,0.,0.));
#5724 = PCURVE('',#100,#5725);
#5725 = DEFINITIONAL_REPRESENTATION('',(#5726),#5730);
#5726 = CIRCLE('',#5727,35.);
#5727 = AXIS2_PLACEMENT_2D('',#5728,#5729);
#5728 = CARTESIAN_POINT('',(1.250230978322E-15,-2.32193833596E-15));
#5729 = DIRECTION('',(1.,0.));
#5730 = ( GEOMETRIC_REPRESENTATION_CONTEXT(2) 
PARAMETRIC_REPRESENTATION_CONTEXT() REPRESENTATION_CONTEXT('2D SPACE',''
  ) );
#5731 = PCURVE('',#553,#5732);
#5732 = DEFINITIONAL_REPRESENTATION('',(#5733),#5737);
#5733 = LINE('',#5734,#5735);
#5734 = CARTESIAN_POINT('',(-0.,-4.6));
#5735 = VECTOR('',#5736,1.);
#5736 = DIRECTION('',(-1.,0.));
#5737 = ( GEOMETRIC_REPRESENTATION_CONTEXT(2) 
PARAMETRIC_REPRESENTATION_CONTEXT() REPRESENTATION_CONTEXT('2D SPACE',''
  ) );
#5738 = ORIENTED_EDGE('',*,*,#5739,.F.);
#5739 = EDGE_CURVE('',#5740,#5716,#5742,.T.);
#5740 = VERTEX_POINT('',#5741);
#5741 = CARTESIAN_POINT('',(29.391969237519,19.002950937703,4.6));
#5742 = SURFACE_CURVE('',#5743,(#5748,#5755),.PCURVE_S1.);
#5743 = CIRCLE('',#5744,0.55);
#5744 = AXIS2_PLACEMENT_3D('',#5745,#5746,#5747);
#5745 = CARTESIAN_POINT('',(29.766488175091,18.600166174585,4.6));
#5746 = DIRECTION('',(0.,0.,1.));
#5747 = DIRECTION('',(1.,0.,0.));
#5748 = PCURVE('',#100,#5749);
#5749 = DEFINITIONAL_REPRESENTATION('',(#5750),#5754);
#5750 = CIRCLE('',#5751,0.55);
#5751 = AXIS2_PLACEMENT_2D('',#5752,#5753);
#5752 = CARTESIAN_POINT('',(29.766488175091,18.600166174585));
#5753 = DIRECTION('',(1.,0.));
#5754 = ( GEOMETRIC_REPRESENTATION_CONTEXT(2) 
PARAMETRIC_REPRESENTATION_CONTEXT() REPRESENTATION_CONTEXT('2D SPACE',''
  ) );
#5755 = PCURVE('',#582,#5756);
#5756 = DEFINITIONAL_REPRESENTATION('',(#5757),#5761);
#5757 = LINE('',#5758,#5759);
#5758 = CARTESIAN_POINT('',(-0.,-4.6));
#5759 = VECTOR('',#5760,1.);
#5760 = DIRECTION('',(-1.,0.));
#5761 = ( GEOMETRIC_REPRESENTATION_CONTEXT(2) 
PARAMETRIC_REPRESENTATION_CONTEXT() REPRESENTATION_CONTEXT('2D SPACE',''
  ) );
#5762 = ORIENTED_EDGE('',*,*,#5763,.T.);
#5763 = EDGE_CURVE('',#5740,#5764,#5766,.T.);
#5764 = VERTEX_POINT('',#5765);
#5765 = CARTESIAN_POINT('',(28.629654768415,20.133128615328,4.6));
#5766 = SURFACE_CURVE('',#5767,(#5772,#5779),.PCURVE_S1.);
#5767 = CIRCLE('',#5768,35.);
#5768 = AXIS2_PLACEMENT_3D('',#5769,#5770,#5771);
#5769 = CARTESIAN_POINT('',(0.,0.,4.6));
#5770 = DIRECTION('',(0.,0.,1.));
#5771 = DIRECTION('',(1.,0.,0.));
#5772 = PCURVE('',#100,#5773);
#5773 = DEFINITIONAL_REPRESENTATION('',(#5774),#5778);
#5774 = CIRCLE('',#5775,35.);
#5775 = AXIS2_PLACEMENT_2D('',#5776,#5777);
#5776 = CARTESIAN_POINT('',(1.250230978322E-15,-2.32193833596E-15));
#5777 = DIRECTION('',(1.,0.));
#5778 = ( GEOMETRIC_REPRESENTATION_CONTEXT(2) 
PARAMETRIC_REPRESENTATION_CONTEXT() REPRESENTATION_CONTEXT('2D SPACE',''
  ) );
#5779 = PCURVE('',#611,#5780);
#5780 = DEFINITIONAL_REPRESENTATION('',(#5781),#5785);
#5781 = LINE('',#5782,#5783);
#5782 = CARTESIAN_POINT('',(-0.,-4.6));
#5783 = VECTOR('',#5784,1.);
#5784 = DIRECTION('',(-1.,0.));
#5785 = ( GEOMETRIC_REPRESENTATION_CONTEXT(2) 
PARAMETRIC_REPRESENTATION_CONTEXT() REPRESENTATION_CONTEXT('2D SPACE',''
  ) );
#5786 = ORIENTED_EDGE('',*,*,#5787,.F.);
#5787 = EDGE_CURVE('',#5788,#5764,#5790,.T.);
#5788 = VERTEX_POINT('',#5789);
#5789 = CARTESIAN_POINT('',(27.994793029544,21.006940834709,4.6));
#5790 = SURFACE_CURVE('',#5791,(#5796,#5803),.PCURVE_S1.);
#5791 = CIRCLE('',#5792,0.55);
#5792 = AXIS2_PLACEMENT_3D('',#5793,#5794,#5795);
#5793 = CARTESIAN_POINT('',(28.396496502561,20.631262355466,4.6));
#5794 = DIRECTION('',(0.,0.,1.));
#5795 = DIRECTION('',(1.,0.,0.));
#5796 = PCURVE('',#100,#5797);
#5797 = DEFINITIONAL_REPRESENTATION('',(#5798),#5802);
#5798 = CIRCLE('',#5799,0.55);
#5799 = AXIS2_PLACEMENT_2D('',#5800,#5801);
#5800 = CARTESIAN_POINT('',(28.396496502561,20.631262355466));
#5801 = DIRECTION('',(1.,0.));
#5802 = ( GEOMETRIC_REPRESENTATION_CONTEXT(2) 
PARAMETRIC_REPRESENTATION_CONTEXT() REPRESENTATION_CONTEXT('2D SPACE',''
  ) );
#5803 = PCURVE('',#640,#5804);
#5804 = DEFINITIONAL_REPRESENTATION('',(#5805),#5809);
#5805 = LINE('',#5806,#5807);
#5806 = CARTESIAN_POINT('',(-0.,-4.6));
#5807 = VECTOR('',#5808,1.);
#5808 = DIRECTION('',(-1.,0.));
#5809 = ( GEOMETRIC_REPRESENTATION_CONTEXT(2) 
PARAMETRIC_REPRESENTATION_CONTEXT() REPRESENTATION_CONTEXT('2D SPACE',''
  ) );
#5810 = ORIENTED_EDGE('',*,*,#5811,.T.);
#5811 = EDGE_CURVE('',#5788,#5812,#5814,.T.);
#5812 = VERTEX_POINT('',#5813);
#5813 = CARTESIAN_POINT('',(27.155498310679,22.081189087065,4.6));
#5814 = SURFACE_CURVE('',#5815,(#5820,#5827),.PCURVE_S1.);
#5815 = CIRCLE('',#5816,35.);
#5816 = AXIS2_PLACEMENT_3D('',#5817,#5818,#5819);
#5817 = CARTESIAN_POINT('',(0.,0.,4.6));
#5818 = DIRECTION('',(0.,0.,1.));
#5819 = DIRECTION('',(1.,0.,0.));
#5820 = PCURVE('',#100,#5821);
#5821 = DEFINITIONAL_REPRESENTATION('',(#5822),#5826);
#5822 = CIRCLE('',#5823,35.);
#5823 = AXIS2_PLACEMENT_2D('',#5824,#5825);
#5824 = CARTESIAN_POINT('',(1.250230978322E-15,-2.32193833596E-15));
#5825 = DIRECTION('',(1.,0.));
#5826 = ( GEOMETRIC_REPRESENTATION_CONTEXT(2) 
PARAMETRIC_REPRESENTATION_CONTEXT() REPRESENTATION_CONTEXT('2D SPACE',''
  ) );
#5827 = PCURVE('',#669,#5828);
#5828 = DEFINITIONAL_REPRESENTATION('',(#5829),#5833);
#5829 = LINE('',#5830,#5831);
#5830 = CARTESIAN_POINT('',(-0.,-4.6));
#5831 = VECTOR('',#5832,1.);
#5832 = DIRECTION('',(-1.,0.));
#5833 = ( GEOMETRIC_REPRESENTATION_CONTEXT(2) 
PARAMETRIC_REPRESENTATION_CONTEXT() REPRESENTATION_CONTEXT('2D SPACE',''
  ) );
#5834 = ORIENTED_EDGE('',*,*,#5835,.F.);
#5835 = EDGE_CURVE('',#5836,#5812,#5838,.T.);
#5836 = VERTEX_POINT('',#5837);
#5837 = CARTESIAN_POINT('',(26.461229003957,22.908587027579,4.6));
#5838 = SURFACE_CURVE('',#5839,(#5844,#5851),.PCURVE_S1.);
#5839 = CIRCLE('',#5840,0.55);
#5840 = AXIS2_PLACEMENT_3D('',#5841,#5842,#5843);
#5841 = CARTESIAN_POINT('',(26.888159953476,22.561845099998,4.6));
#5842 = DIRECTION('',(0.,0.,1.));
#5843 = DIRECTION('',(1.,0.,0.));
#5844 = PCURVE('',#100,#5845);
#5845 = DEFINITIONAL_REPRESENTATION('',(#5846),#5850);
#5846 = CIRCLE('',#5847,0.55);
#5847 = AXIS2_PLACEMENT_2D('',#5848,#5849);
#5848 = CARTESIAN_POINT('',(26.888159953476,22.561845099998));
#5849 = DIRECTION('',(1.,0.));
#5850 = ( GEOMETRIC_REPRESENTATION_CONTEXT(2) 
PARAMETRIC_REPRESENTATION_CONTEXT() REPRESENTATION_CONTEXT('2D SPACE',''
  ) );
#5851 = PCURVE('',#698,#5852);
#5852 = DEFINITIONAL_REPRESENTATION('',(#5853),#5857);
#5853 = LINE('',#5854,#5855);
#5854 = CARTESIAN_POINT('',(-0.,-4.6));
#5855 = VECTOR('',#5856,1.);
#5856 = DIRECTION('',(-1.,0.));
#5857 = ( GEOMETRIC_REPRESENTATION_CONTEXT(2) 
PARAMETRIC_REPRESENTATION_CONTEXT() REPRESENTATION_CONTEXT('2D SPACE',''
  ) );
#5858 = ORIENTED_EDGE('',*,*,#5859,.T.);
#5859 = EDGE_CURVE('',#5836,#5860,#5862,.T.);
#5860 = VERTEX_POINT('',#5861);
#5861 = CARTESIAN_POINT('',(25.549042994834,23.921672225163,4.6));
#5862 = SURFACE_CURVE('',#5863,(#5868,#5875),.PCURVE_S1.);
#5863 = CIRCLE('',#5864,35.);
#5864 = AXIS2_PLACEMENT_3D('',#5865,#5866,#5867);
#5865 = CARTESIAN_POINT('',(0.,0.,4.6));
#5866 = DIRECTION('',(0.,0.,1.));
#5867 = DIRECTION('',(1.,0.,0.));
#5868 = PCURVE('',#100,#5869);
#5869 = DEFINITIONAL_REPRESENTATION('',(#5870),#5874);
#5870 = CIRCLE('',#5871,35.);
#5871 = AXIS2_PLACEMENT_2D('',#5872,#5873);
#5872 = CARTESIAN_POINT('',(1.250230978322E-15,-2.32193833596E-15));
#5873 = DIRECTION('',(1.,0.));
#5874 = ( GEOMETRIC_REPRESENTATION_CONTEXT(2) 
PARAMETRIC_REPRESENTATION_CONTEXT() REPRESENTATION_CONTEXT('2D SPACE',''
  ) );
#5875 = PCURVE('',#727,#5876);
#5876 = DEFINITIONAL_REPRESENTATION('',(#5877),#5881);
#5877 = LINE('',#5878,#5879);
#5878 = CARTESIAN_POINT('',(-0.,-4.6));
#5879 = VECTOR('',#5880,1.);
#5880 = DIRECTION('',(-1.,0.));
#5881 = ( GEOMETRIC_REPRESENTATION_CONTEXT(2) 
PARAMETRIC_REPRESENTATION_CONTEXT() REPRESENTATION_CONTEXT('2D SPACE',''
  ) );
#5882 = ORIENTED_EDGE('',*,*,#5883,.F.);
#5883 = EDGE_CURVE('',#5884,#5860,#5886,.T.);
#5884 = VERTEX_POINT('',#5885);
#5885 = CARTESIAN_POINT('',(24.798748530536,24.698624887213,4.6));
#5886 = SURFACE_CURVE('',#5887,(#5892,#5899),.PCURVE_S1.);
#5887 = CIRCLE('',#5888,0.55);
#5888 = AXIS2_PLACEMENT_3D('',#5889,#5890,#5891);
#5889 = CARTESIAN_POINT('',(25.248826991887,24.382508803111,4.6));
#5890 = DIRECTION('',(0.,0.,1.));
#5891 = DIRECTION('',(1.,0.,0.));
#5892 = PCURVE('',#100,#5893);
#5893 = DEFINITIONAL_REPRESENTATION('',(#5894),#5898);
#5894 = CIRCLE('',#5895,0.55);
#5895 = AXIS2_PLACEMENT_2D('',#5896,#5897);
#5896 = CARTESIAN_POINT('',(25.248826991887,24.382508803111));
#5897 = DIRECTION('',(1.,0.));
#5898 = ( GEOMETRIC_REPRESENTATION_CONTEXT(2) 
PARAMETRIC_REPRESENTATION_CONTEXT() REPRESENTATION_CONTEXT('2D SPACE',''
  ) );
#5899 = PCURVE('',#756,#5900);
#5900 = DEFINITIONAL_REPRESENTATION('',(#5901),#5905);
#5901 = LINE('',#5902,#5903);
#5902 = CARTESIAN_POINT('',(-0.,-4.6));
#5903 = VECTOR('',#5904,1.);
#5904 = DIRECTION('',(-1.,0.));
#5905 = ( GEOMETRIC_REPRESENTATION_CONTEXT(2) 
PARAMETRIC_REPRESENTATION_CONTEXT() REPRESENTATION_CONTEXT('2D SPACE',''
  ) );
#5906 = ORIENTED_EDGE('',*,*,#5907,.T.);
#5907 = EDGE_CURVE('',#5884,#5908,#5910,.T.);
#5908 = VERTEX_POINT('',#5909);
#5909 = CARTESIAN_POINT('',(23.818115309698,25.645611380778,4.6));
#5910 = SURFACE_CURVE('',#5911,(#5916,#5923),.PCURVE_S1.);
#5911 = CIRCLE('',#5912,35.);
#5912 = AXIS2_PLACEMENT_3D('',#5913,#5914,#5915);
#5913 = CARTESIAN_POINT('',(0.,0.,4.6));
#5914 = DIRECTION('',(0.,0.,1.));
#5915 = DIRECTION('',(1.,0.,0.));
#5916 = PCURVE('',#100,#5917);
#5917 = DEFINITIONAL_REPRESENTATION('',(#5918),#5922);
#5918 = CIRCLE('',#5919,35.);
#5919 = AXIS2_PLACEMENT_2D('',#5920,#5921);
#5920 = CARTESIAN_POINT('',(1.250230978322E-15,-2.32193833596E-15));
#5921 = DIRECTION('',(1.,0.));
#5922 = ( GEOMETRIC_REPRESENTATION_CONTEXT(2) 
PARAMETRIC_REPRESENTATION_CONTEXT() REPRESENTATION_CONTEXT('2D SPACE',''
  ) );
#5923 = PCURVE('',#785,#5924);
#5924 = DEFINITIONAL_REPRESENTATION('',(#5925),#5929);
#5925 = LINE('',#5926,#5927);
#5926 = CARTESIAN_POINT('',(-0.,-4.6));
#5927 = VECTOR('',#5928,1.);
#5928 = DIRECTION('',(-1.,0.));
#5929 = ( GEOMETRIC_REPRESENTATION_CONTEXT(2) 
PARAMETRIC_REPRESENTATION_CONTEXT() REPRESENTATION_CONTEXT('2D SPACE',''
  ) );
#5930 = ORIENTED_EDGE('',*,*,#5931,.F.);
#5931 = EDGE_CURVE('',#5932,#5908,#5934,.T.);
#5932 = VERTEX_POINT('',#5933);
#5933 = CARTESIAN_POINT('',(23.015451047035,26.368333529094,4.6));
#5934 = SURFACE_CURVE('',#5935,(#5940,#5947),.PCURVE_S1.);
#5935 = CIRCLE('',#5936,0.55);
#5936 = AXIS2_PLACEMENT_3D('',#5937,#5938,#5939);
#5937 = CARTESIAN_POINT('',(23.486484283196,26.084383374257,4.6));
#5938 = DIRECTION('',(0.,0.,1.));
#5939 = DIRECTION('',(1.,0.,0.));
#5940 = PCURVE('',#100,#5941);
#5941 = DEFINITIONAL_REPRESENTATION('',(#5942),#5946);
#5942 = CIRCLE('',#5943,0.55);
#5943 = AXIS2_PLACEMENT_2D('',#5944,#5945);
#5944 = CARTESIAN_POINT('',(23.486484283196,26.084383374257));
#5945 = DIRECTION('',(1.,0.));
#5946 = ( GEOMETRIC_REPRESENTATION_CONTEXT(2) 
PARAMETRIC_REPRESENTATION_CONTEXT() REPRESENTATION_CONTEXT('2D SPACE',''
  ) );
#5947 = PCURVE('',#814,#5948);
#5948 = DEFINITIONAL_REPRESENTATION('',(#5949),#5953);
#5949 = LINE('',#5950,#5951);
#5950 = CARTESIAN_POINT('',(-0.,-4.6));
#5951 = VECTOR('',#5952,1.);
#5952 = DIRECTION('',(-1.,0.));
#5953 = ( GEOMETRIC_REPRESENTATION_CONTEXT(2) 
PARAMETRIC_REPRESENTATION_CONTEXT() REPRESENTATION_CONTEXT('2D SPACE',''
  ) );
#5954 = ORIENTED_EDGE('',*,*,#5955,.T.);
#5955 = EDGE_CURVE('',#5932,#5956,#5958,.T.);
#5956 = VERTEX_POINT('',#5957);
#5957 = CARTESIAN_POINT('',(21.971148160963,27.244607695634,4.6));
#5958 = SURFACE_CURVE('',#5959,(#5964,#5971),.PCURVE_S1.);
#5959 = CIRCLE('',#5960,35.);
#5960 = AXIS2_PLACEMENT_3D('',#5961,#5962,#5963);
#5961 = CARTESIAN_POINT('',(0.,0.,4.6));
#5962 = DIRECTION('',(0.,0.,1.));
#5963 = DIRECTION('',(1.,0.,0.));
#5964 = PCURVE('',#100,#5965);
#5965 = DEFINITIONAL_REPRESENTATION('',(#5966),#5970);
#5966 = CIRCLE('',#5967,35.);
#5967 = AXIS2_PLACEMENT_2D('',#5968,#5969);
#5968 = CARTESIAN_POINT('',(1.250230978322E-15,-2.32193833596E-15));
#5969 = DIRECTION('',(1.,0.));
#5970 = ( GEOMETRIC_REPRESENTATION_CONTEXT(2) 
PARAMETRIC_REPRESENTATION_CONTEXT() REPRESENTATION_CONTEXT('2D SPACE',''
  ) );
#5971 = PCURVE('',#843,#5972);
#5972 = DEFINITIONAL_REPRESENTATION('',(#5973),#5977);
#5973 = LINE('',#5974,#5975);
#5974 = CARTESIAN_POINT('',(-0.,-4.6));
#5975 = VECTOR('',#5976,1.);
#5976 = DIRECTION('',(-1.,0.));
#5977 = ( GEOMETRIC_REPRESENTATION_CONTEXT(2) 
PARAMETRIC_REPRESENTATION_CONTEXT() REPRESENTATION_CONTEXT('2D SPACE',''
  ) );
#5978 = ORIENTED_EDGE('',*,*,#5979,.F.);
#5979 = EDGE_CURVE('',#5980,#5956,#5982,.T.);
#5980 = VERTEX_POINT('',#5981);
#5981 = CARTESIAN_POINT('',(21.120024599539,27.909578300556,4.6));
#5982 = SURFACE_CURVE('',#5983,(#5988,#5995),.PCURVE_S1.);
#5983 = CIRCLE('',#5984,0.55);
#5984 = AXIS2_PLACEMENT_3D('',#5985,#5986,#5987);
#5985 = CARTESIAN_POINT('',(21.609717783931,27.659177451596,4.6));
#5986 = DIRECTION('',(0.,0.,1.));
#5987 = DIRECTION('',(1.,0.,0.));
#5988 = PCURVE('',#100,#5989);
#5989 = DEFINITIONAL_REPRESENTATION('',(#5990),#5994);
#5990 = CIRCLE('',#5991,0.55);
#5991 = AXIS2_PLACEMENT_2D('',#5992,#5993);
#5992 = CARTESIAN_POINT('',(21.609717783931,27.659177451596));
#5993 = DIRECTION('',(1.,0.));
#5994 = ( GEOMETRIC_REPRESENTATION_CONTEXT(2) 
PARAMETRIC_REPRESENTATION_CONTEXT() REPRESENTATION_CONTEXT('2D SPACE',''
  ) );
#5995 = PCURVE('',#872,#5996);
#5996 = DEFINITIONAL_REPRESENTATION('',(#5997),#6001);
#5997 = LINE('',#5998,#5999);
#5998 = CARTESIAN_POINT('',(-0.,-4.6));
#5999 = VECTOR('',#6000,1.);
#6000 = DIRECTION('',(-1.,0.));
#6001 = ( GEOMETRIC_REPRESENTATION_CONTEXT(2) 
PARAMETRIC_REPRESENTATION_CONTEXT() REPRESENTATION_CONTEXT('2D SPACE',''
  ) );
#6002 = ORIENTED_EDGE('',*,*,#6003,.T.);
#6003 = EDGE_CURVE('',#5980,#6004,#6006,.T.);
#6004 = VERTEX_POINT('',#6005);
#6005 = CARTESIAN_POINT('',(20.017139786919,28.710871020415,4.6));
#6006 = SURFACE_CURVE('',#6007,(#6012,#6019),.PCURVE_S1.);
#6007 = CIRCLE('',#6008,35.);
#6008 = AXIS2_PLACEMENT_3D('',#6009,#6010,#6011);
#6009 = CARTESIAN_POINT('',(0.,0.,4.6));
#6010 = DIRECTION('',(0.,0.,1.));
#6011 = DIRECTION('',(1.,0.,0.));
#6012 = PCURVE('',#100,#6013);
#6013 = DEFINITIONAL_REPRESENTATION('',(#6014),#6018);
#6014 = CIRCLE('',#6015,35.);
#6015 = AXIS2_PLACEMENT_2D('',#6016,#6017);
#6016 = CARTESIAN_POINT('',(1.250230978322E-15,-2.32193833596E-15));
#6017 = DIRECTION('',(1.,0.));
#6018 = ( GEOMETRIC_REPRESENTATION_CONTEXT(2) 
PARAMETRIC_REPRESENTATION_CONTEXT() REPRESENTATION_CONTEXT('2D SPACE',''
  ) );
#6019 = PCURVE('',#901,#6020);
#6020 = DEFINITIONAL_REPRESENTATION('',(#6021),#6025);
#6021 = LINE('',#6022,#6023);
#6022 = CARTESIAN_POINT('',(-0.,-4.6));
#6023 = VECTOR('',#6024,1.);
#6024 = DIRECTION('',(-1.,0.));
#6025 = ( GEOMETRIC_REPRESENTATION_CONTEXT(2) 
PARAMETRIC_REPRESENTATION_CONTEXT() REPRESENTATION_CONTEXT('2D SPACE',''
  ) );
#6026 = ORIENTED_EDGE('',*,*,#6027,.F.);
#6027 = EDGE_CURVE('',#6028,#6004,#6030,.T.);
#6028 = VERTEX_POINT('',#6029);
#6029 = CARTESIAN_POINT('',(19.121703515171,29.314850412,4.6));
#6030 = SURFACE_CURVE('',#6031,(#6036,#6043),.PCURVE_S1.);
#6031 = CIRCLE('',#6032,0.55);
#6032 = AXIS2_PLACEMENT_3D('',#6033,#6034,#6035);
#6033 = CARTESIAN_POINT('',(19.627670911823,29.099218796682,4.6));
#6034 = DIRECTION('',(0.,0.,1.));
#6035 = DIRECTION('',(1.,0.,0.));
#6036 = PCURVE('',#100,#6037);
#6037 = DEFINITIONAL_REPRESENTATION('',(#6038),#6042);
#6038 = CIRCLE('',#6039,0.55);
#6039 = AXIS2_PLACEMENT_2D('',#6040,#6041);
#6040 = CARTESIAN_POINT('',(19.627670911823,29.099218796682));
#6041 = DIRECTION('',(1.,0.));
#6042 = ( GEOMETRIC_REPRESENTATION_CONTEXT(2) 
PARAMETRIC_REPRESENTATION_CONTEXT() REPRESENTATION_CONTEXT('2D SPACE',''
  ) );
#6043 = PCURVE('',#930,#6044);
#6044 = DEFINITIONAL_REPRESENTATION('',(#6045),#6049);
#6045 = LINE('',#6046,#6047);
#6046 = CARTESIAN_POINT('',(-0.,-4.6));
#6047 = VECTOR('',#6048,1.);
#6048 = DIRECTION('',(-1.,0.));
#6049 = ( GEOMETRIC_REPRESENTATION_CONTEXT(2) 
PARAMETRIC_REPRESENTATION_CONTEXT() REPRESENTATION_CONTEXT('2D SPACE',''
  ) );
#6050 = ORIENTED_EDGE('',*,*,#6051,.T.);
#6051 = EDGE_CURVE('',#6028,#6052,#6054,.T.);
#6052 = VERTEX_POINT('',#6053);
#6053 = CARTESIAN_POINT('',(17.96560991995,30.037257867592,4.6));
#6054 = SURFACE_CURVE('',#6055,(#6060,#6067),.PCURVE_S1.);
#6055 = CIRCLE('',#6056,35.);
#6056 = AXIS2_PLACEMENT_3D('',#6057,#6058,#6059);
#6057 = CARTESIAN_POINT('',(0.,0.,4.6));
#6058 = DIRECTION('',(0.,0.,1.));
#6059 = DIRECTION('',(1.,0.,0.));
#6060 = PCURVE('',#100,#6061);
#6061 = DEFINITIONAL_REPRESENTATION('',(#6062),#6066);
#6062 = CIRCLE('',#6063,35.);
#6063 = AXIS2_PLACEMENT_2D('',#6064,#6065);
#6064 = CARTESIAN_POINT('',(1.250230978322E-15,-2.32193833596E-15));
#6065 = DIRECTION('',(1.,0.));
#6066 = ( GEOMETRIC_REPRESENTATION_CONTEXT(2) 
PARAMETRIC_REPRESENTATION_CONTEXT() REPRESENTATION_CONTEXT('2D SPACE',''
  ) );
#6067 = PCURVE('',#959,#6068);
#6068 = DEFINITIONAL_REPRESENTATION('',(#6069),#6073);
#6069 = LINE('',#6070,#6071);
#6070 = CARTESIAN_POINT('',(-0.,-4.6));
#6071 = VECTOR('',#6072,1.);
#6072 = DIRECTION('',(-1.,0.));
#6073 = ( GEOMETRIC_REPRESENTATION_CONTEXT(2) 
PARAMETRIC_REPRESENTATION_CONTEXT() REPRESENTATION_CONTEXT('2D SPACE',''
  ) );
#6074 = ORIENTED_EDGE('',*,*,#6075,.F.);
#6075 = EDGE_CURVE('',#6076,#6052,#6078,.T.);
#6076 = VERTEX_POINT('',#6077);
#6077 = CARTESIAN_POINT('',(17.030223413383,30.577303518954,4.6));
#6078 = SURFACE_CURVE('',#6079,(#6084,#6091),.PCURVE_S1.);
#6079 = CIRCLE('',#6080,0.55);
#6080 = AXIS2_PLACEMENT_3D('',#6081,#6082,#6083);
#6081 = CARTESIAN_POINT('',(17.55,30.397491672834,4.6));
#6082 = DIRECTION('',(0.,0.,1.));
#6083 = DIRECTION('',(1.,0.,0.));
#6084 = PCURVE('',#100,#6085);
#6085 = DEFINITIONAL_REPRESENTATION('',(#6086),#6090);
#6086 = CIRCLE('',#6087,0.55);
#6087 = AXIS2_PLACEMENT_2D('',#6088,#6089);
#6088 = CARTESIAN_POINT('',(17.55,30.397491672834));
#6089 = DIRECTION('',(1.,0.));
#6090 = ( GEOMETRIC_REPRESENTATION_CONTEXT(2) 
PARAMETRIC_REPRESENTATION_CONTEXT() REPRESENTATION_CONTEXT('2D SPACE',''
  ) );
#6091 = PCURVE('',#988,#6092);
#6092 = DEFINITIONAL_REPRESENTATION('',(#6093),#6097);
#6093 = LINE('',#6094,#6095);
#6094 = CARTESIAN_POINT('',(-0.,-4.6));
#6095 = VECTOR('',#6096,1.);
#6096 = DIRECTION('',(-1.,0.));
#6097 = ( GEOMETRIC_REPRESENTATION_CONTEXT(2) 
PARAMETRIC_REPRESENTATION_CONTEXT() REPRESENTATION_CONTEXT('2D SPACE',''
  ) );
#6098 = ORIENTED_EDGE('',*,*,#6099,.T.);
#6099 = EDGE_CURVE('',#6076,#6100,#6102,.T.);
#6100 = VERTEX_POINT('',#6101);
#6101 = CARTESIAN_POINT('',(15.826553407347,31.217306213772,4.6));
#6102 = SURFACE_CURVE('',#6103,(#6108,#6115),.PCURVE_S1.);
#6103 = CIRCLE('',#6104,35.);
#6104 = AXIS2_PLACEMENT_3D('',#6105,#6106,#6107);
#6105 = CARTESIAN_POINT('',(0.,0.,4.6));
#6106 = DIRECTION('',(0.,0.,1.));
#6107 = DIRECTION('',(1.,0.,0.));
#6108 = PCURVE('',#100,#6109);
#6109 = DEFINITIONAL_REPRESENTATION('',(#6110),#6114);
#6110 = CIRCLE('',#6111,35.);
#6111 = AXIS2_PLACEMENT_2D('',#6112,#6113);
#6112 = CARTESIAN_POINT('',(1.250230978322E-15,-2.32193833596E-15));
#6113 = DIRECTION('',(1.,0.));
#6114 = ( GEOMETRIC_REPRESENTATION_CONTEXT(2) 
PARAMETRIC_REPRESENTATION_CONTEXT() REPRESENTATION_CONTEXT('2D SPACE',''
  ) );
#6115 = PCURVE('',#1017,#6116);
#6116 = DEFINITIONAL_REPRESENTATION('',(#6117),#6121);
#6117 = LINE('',#6118,#6119);
#6118 = CARTESIAN_POINT('',(-0.,-4.6));
#6119 = VECTOR('',#6120,1.);
#6120 = DIRECTION('',(-1.,0.));
#6121 = ( GEOMETRIC_REPRESENTATION_CONTEXT(2) 
PARAMETRIC_REPRESENTATION_CONTEXT() REPRESENTATION_CONTEXT('2D SPACE',''
  ) );
#6122 = ORIENTED_EDGE('',*,*,#6123,.F.);
#6123 = EDGE_CURVE('',#6124,#6100,#6126,.T.);
#6124 = VERTEX_POINT('',#6125);
#6125 = CARTESIAN_POINT('',(14.855773774998,31.690787076784,4.6));
#6126 = SURFACE_CURVE('',#6127,(#6132,#6139),.PCURVE_S1.);
#6127 = CIRCLE('',#6128,0.55);
#6128 = AXIS2_PLACEMENT_3D('',#6129,#6130,#6131);
#6129 = CARTESIAN_POINT('',(15.386827252297,31.547671025101,4.6));
#6130 = DIRECTION('',(0.,0.,1.));
#6131 = DIRECTION('',(1.,0.,0.));
#6132 = PCURVE('',#100,#6133);
#6133 = DEFINITIONAL_REPRESENTATION('',(#6134),#6138);
#6134 = CIRCLE('',#6135,0.55);
#6135 = AXIS2_PLACEMENT_2D('',#6136,#6137);
#6136 = CARTESIAN_POINT('',(15.386827252297,31.547671025101));
#6137 = DIRECTION('',(1.,0.));
#6138 = ( GEOMETRIC_REPRESENTATION_CONTEXT(2) 
PARAMETRIC_REPRESENTATION_CONTEXT() REPRESENTATION_CONTEXT('2D SPACE',''
  ) );
#6139 = PCURVE('',#1046,#6140);
#6140 = DEFINITIONAL_REPRESENTATION('',(#6141),#6145);
#6141 = LINE('',#6142,#6143);
#6142 = CARTESIAN_POINT('',(-0.,-4.6));
#6143 = VECTOR('',#6144,1.);
#6144 = DIRECTION('',(-1.,0.));
#6145 = ( GEOMETRIC_REPRESENTATION_CONTEXT(2) 
PARAMETRIC_REPRESENTATION_CONTEXT() REPRESENTATION_CONTEXT('2D SPACE',''
  ) );
#6146 = ORIENTED_EDGE('',*,*,#6147,.T.);
#6147 = EDGE_CURVE('',#6124,#6148,#6150,.T.);
#6148 = VERTEX_POINT('',#6149);
#6149 = CARTESIAN_POINT('',(13.610391517423,32.245266982031,4.6));
#6150 = SURFACE_CURVE('',#6151,(#6156,#6163),.PCURVE_S1.);
#6151 = CIRCLE('',#6152,35.);
#6152 = AXIS2_PLACEMENT_3D('',#6153,#6154,#6155);
#6153 = CARTESIAN_POINT('',(0.,0.,4.6));
#6154 = DIRECTION('',(0.,0.,1.));
#6155 = DIRECTION('',(1.,0.,0.));
#6156 = PCURVE('',#100,#6157);
#6157 = DEFINITIONAL_REPRESENTATION('',(#6158),#6162);
#6158 = CIRCLE('',#6159,35.);
#6159 = AXIS2_PLACEMENT_2D('',#6160,#6161);
#6160 = CARTESIAN_POINT('',(1.250230978322E-15,-2.32193833596E-15));
#6161 = DIRECTION('',(1.,0.));
#6162 = ( GEOMETRIC_REPRESENTATION_CONTEXT(2) 
PARAMETRIC_REPRESENTATION_CONTEXT() REPRESENTATION_CONTEXT('2D SPACE',''
  ) );
#6163 = PCURVE('',#1075,#6164);
#6164 = DEFINITIONAL_REPRESENTATION('',(#6165),#6169);
#6165 = LINE('',#6166,#6167);
#6166 = CARTESIAN_POINT('',(-0.,-4.6));
#6167 = VECTOR('',#6168,1.);
#6168 = DIRECTION('',(-1.,0.));
#6169 = ( GEOMETRIC_REPRESENTATION_CONTEXT(2) 
PARAMETRIC_REPRESENTATION_CONTEXT() REPRESENTATION_CONTEXT('2D SPACE',''
  ) );
#6170 = ORIENTED_EDGE('',*,*,#6171,.F.);
#6171 = EDGE_CURVE('',#6172,#6148,#6174,.T.);
#6172 = VERTEX_POINT('',#6173);
#6173 = CARTESIAN_POINT('',(12.608948300079,32.649876305523,4.6));
#6174 = SURFACE_CURVE('',#6175,(#6180,#6187),.PCURVE_S1.);
#6175 = CIRCLE('',#6176,0.55);
#6176 = AXIS2_PLACEMENT_3D('',#6177,#6178,#6179);
#6177 = CARTESIAN_POINT('',(13.148691428899,32.544153295294,4.6));
#6178 = DIRECTION('',(0.,0.,1.));
#6179 = DIRECTION('',(1.,0.,0.));
#6180 = PCURVE('',#100,#6181);
#6181 = DEFINITIONAL_REPRESENTATION('',(#6182),#6186);
#6182 = CIRCLE('',#6183,0.55);
#6183 = AXIS2_PLACEMENT_2D('',#6184,#6185);
#6184 = CARTESIAN_POINT('',(13.148691428899,32.544153295294));
#6185 = DIRECTION('',(1.,0.));
#6186 = ( GEOMETRIC_REPRESENTATION_CONTEXT(2) 
PARAMETRIC_REPRESENTATION_CONTEXT() REPRESENTATION_CONTEXT('2D SPACE',''
  ) );
#6187 = PCURVE('',#1104,#6188);
#6188 = DEFINITIONAL_REPRESENTATION('',(#6189),#6193);
#6189 = LINE('',#6190,#6191);
#6190 = CARTESIAN_POINT('',(-0.,-4.6));
#6191 = VECTOR('',#6192,1.);
#6192 = DIRECTION('',(-1.,0.));
#6193 = ( GEOMETRIC_REPRESENTATION_CONTEXT(2) 
PARAMETRIC_REPRESENTATION_CONTEXT() REPRESENTATION_CONTEXT('2D SPACE',''
  ) );
#6194 = ORIENTED_EDGE('',*,*,#6195,.T.);
#6195 = EDGE_CURVE('',#6172,#6196,#6198,.T.);
#6196 = VERTEX_POINT('',#6197);
#6197 = CARTESIAN_POINT('',(11.327921168138,33.116132050837,4.6));
#6198 = SURFACE_CURVE('',#6199,(#6204,#6211),.PCURVE_S1.);
#6199 = CIRCLE('',#6200,35.);
#6200 = AXIS2_PLACEMENT_3D('',#6201,#6202,#6203);
#6201 = CARTESIAN_POINT('',(0.,0.,4.6));
#6202 = DIRECTION('',(0.,0.,1.));
#6203 = DIRECTION('',(1.,0.,0.));
#6204 = PCURVE('',#100,#6205);
#6205 = DEFINITIONAL_REPRESENTATION('',(#6206),#6210);
#6206 = CIRCLE('',#6207,35.);
#6207 = AXIS2_PLACEMENT_2D('',#6208,#6209);
#6208 = CARTESIAN_POINT('',(1.250230978322E-15,-2.32193833596E-15));
#6209 = DIRECTION('',(1.,0.));
#6210 = ( GEOMETRIC_REPRESENTATION_CONTEXT(2) 
PARAMETRIC_REPRESENTATION_CONTEXT() REPRESENTATION_CONTEXT('2D SPACE',''
  ) );
#6211 = PCURVE('',#1133,#6212);
#6212 = DEFINITIONAL_REPRESENTATION('',(#6213),#6217);
#6213 = LINE('',#6214,#6215);
#6214 = CARTESIAN_POINT('',(-0.,-4.6));
#6215 = VECTOR('',#6216,1.);
#6216 = DIRECTION('',(-1.,0.));
#6217 = ( GEOMETRIC_REPRESENTATION_CONTEXT(2) 
PARAMETRIC_REPRESENTATION_CONTEXT() REPRESENTATION_CONTEXT('2D SPACE',''
  ) );
#6218 = ORIENTED_EDGE('',*,*,#6219,.F.);
#6219 = EDGE_CURVE('',#6220,#6196,#6222,.T.);
#6220 = VERTEX_POINT('',#6221);
#6221 = CARTESIAN_POINT('',(10.300693296488,33.449898618855,4.6));
#6222 = SURFACE_CURVE('',#6223,(#6228,#6235),.PCURVE_S1.);
#6223 = CIRCLE('',#6224,0.55);
#6224 = AXIS2_PLACEMENT_3D('',#6225,#6226,#6227);
#6225 = CARTESIAN_POINT('',(10.846496502561,33.38208372196,4.6));
#6226 = DIRECTION('',(0.,0.,1.));
#6227 = DIRECTION('',(1.,0.,0.));
#6228 = PCURVE('',#100,#6229);
#6229 = DEFINITIONAL_REPRESENTATION('',(#6230),#6234);
#6230 = CIRCLE('',#6231,0.55);
#6231 = AXIS2_PLACEMENT_2D('',#6232,#6233);
#6232 = CARTESIAN_POINT('',(10.846496502561,33.38208372196));
#6233 = DIRECTION('',(1.,0.));
#6234 = ( GEOMETRIC_REPRESENTATION_CONTEXT(2) 
PARAMETRIC_REPRESENTATION_CONTEXT() REPRESENTATION_CONTEXT('2D SPACE',''
  ) );
#6235 = PCURVE('',#1162,#6236);
#6236 = DEFINITIONAL_REPRESENTATION('',(#6237),#6241);
#6237 = LINE('',#6238,#6239);
#6238 = CARTESIAN_POINT('',(-0.,-4.6));
#6239 = VECTOR('',#6240,1.);
#6240 = DIRECTION('',(-1.,0.));
#6241 = ( GEOMETRIC_REPRESENTATION_CONTEXT(2) 
PARAMETRIC_REPRESENTATION_CONTEXT() REPRESENTATION_CONTEXT('2D SPACE',''
  ) );
#6242 = ORIENTED_EDGE('',*,*,#6243,.T.);
#6243 = EDGE_CURVE('',#6220,#6244,#6246,.T.);
#6244 = VERTEX_POINT('',#6245);
#6245 = CARTESIAN_POINT('',(8.990262325601,33.825658653112,4.6));
#6246 = SURFACE_CURVE('',#6247,(#6252,#6259),.PCURVE_S1.);
#6247 = CIRCLE('',#6248,35.);
#6248 = AXIS2_PLACEMENT_3D('',#6249,#6250,#6251);
#6249 = CARTESIAN_POINT('',(0.,0.,4.6));
#6250 = DIRECTION('',(0.,0.,1.));
#6251 = DIRECTION('',(1.,0.,0.));
#6252 = PCURVE('',#100,#6253);
#6253 = DEFINITIONAL_REPRESENTATION('',(#6254),#6258);
#6254 = CIRCLE('',#6255,35.);
#6255 = AXIS2_PLACEMENT_2D('',#6256,#6257);
#6256 = CARTESIAN_POINT('',(1.250230978322E-15,-2.32193833596E-15));
#6257 = DIRECTION('',(1.,0.));
#6258 = ( GEOMETRIC_REPRESENTATION_CONTEXT(2) 
PARAMETRIC_REPRESENTATION_CONTEXT() REPRESENTATION_CONTEXT('2D SPACE',''
  ) );
#6259 = PCURVE('',#1191,#6260);
#6260 = DEFINITIONAL_REPRESENTATION('',(#6261),#6265);
#6261 = LINE('',#6262,#6263);
#6262 = CARTESIAN_POINT('',(-0.,-4.6));
#6263 = VECTOR('',#6264,1.);
#6264 = DIRECTION('',(-1.,0.));
#6265 = ( GEOMETRIC_REPRESENTATION_CONTEXT(2) 
PARAMETRIC_REPRESENTATION_CONTEXT() REPRESENTATION_CONTEXT('2D SPACE',''
  ) );
#6266 = ORIENTED_EDGE('',*,*,#6267,.F.);
#6267 = EDGE_CURVE('',#6268,#6244,#6270,.T.);
#6268 = VERTEX_POINT('',#6269);
#6269 = CARTESIAN_POINT('',(7.942254350579,34.086956388488,4.6));
#6270 = SURFACE_CURVE('',#6271,(#6276,#6283),.PCURVE_S1.);
#6271 = CIRCLE('',#6272,0.55);
#6272 = AXIS2_PLACEMENT_3D('',#6273,#6274,#6275);
#6273 = CARTESIAN_POINT('',(8.491458535548,34.057379992287,4.6));
#6274 = DIRECTION('',(0.,0.,1.));
#6275 = DIRECTION('',(1.,0.,0.));
#6276 = PCURVE('',#100,#6277);
#6277 = DEFINITIONAL_REPRESENTATION('',(#6278),#6282);
#6278 = CIRCLE('',#6279,0.55);
#6279 = AXIS2_PLACEMENT_2D('',#6280,#6281);
#6280 = CARTESIAN_POINT('',(8.491458535548,34.057379992287));
#6281 = DIRECTION('',(1.,0.));
#6282 = ( GEOMETRIC_REPRESENTATION_CONTEXT(2) 
PARAMETRIC_REPRESENTATION_CONTEXT() REPRESENTATION_CONTEXT('2D SPACE',''
  ) );
#6283 = PCURVE('',#1220,#6284);
#6284 = DEFINITIONAL_REPRESENTATION('',(#6285),#6289);
#6285 = LINE('',#6286,#6287);
#6286 = CARTESIAN_POINT('',(-0.,-4.6));
#6287 = VECTOR('',#6288,1.);
#6288 = DIRECTION('',(-1.,0.));
#6289 = ( GEOMETRIC_REPRESENTATION_CONTEXT(2) 
PARAMETRIC_REPRESENTATION_CONTEXT() REPRESENTATION_CONTEXT('2D SPACE',''
  ) );
#6290 = ORIENTED_EDGE('',*,*,#6291,.T.);
#6291 = EDGE_CURVE('',#6268,#6292,#6294,.T.);
#6292 = VERTEX_POINT('',#6293);
#6293 = CARTESIAN_POINT('',(6.608803828711,34.370390046574,4.6));
#6294 = SURFACE_CURVE('',#6295,(#6300,#6307),.PCURVE_S1.);
#6295 = CIRCLE('',#6296,35.);
#6296 = AXIS2_PLACEMENT_3D('',#6297,#6298,#6299);
#6297 = CARTESIAN_POINT('',(0.,0.,4.6));
#6298 = DIRECTION('',(0.,0.,1.));
#6299 = DIRECTION('',(1.,0.,0.));
#6300 = PCURVE('',#100,#6301);
#6301 = DEFINITIONAL_REPRESENTATION('',(#6302),#6306);
#6302 = CIRCLE('',#6303,35.);
#6303 = AXIS2_PLACEMENT_2D('',#6304,#6305);
#6304 = CARTESIAN_POINT('',(1.250230978322E-15,-2.32193833596E-15));
#6305 = DIRECTION('',(1.,0.));
#6306 = ( GEOMETRIC_REPRESENTATION_CONTEXT(2) 
PARAMETRIC_REPRESENTATION_CONTEXT() REPRESENTATION_CONTEXT('2D SPACE',''
  ) );
#6307 = PCURVE('',#1249,#6308);
#6308 = DEFINITIONAL_REPRESENTATION('',(#6309),#6313);
#6309 = LINE('',#6310,#6311);
#6310 = CARTESIAN_POINT('',(-0.,-4.6));
#6311 = VECTOR('',#6312,1.);
#6312 = DIRECTION('',(-1.,0.));
#6313 = ( GEOMETRIC_REPRESENTATION_CONTEXT(2) 
PARAMETRIC_REPRESENTATION_CONTEXT() REPRESENTATION_CONTEXT('2D SPACE',''
  ) );
#6314 = ORIENTED_EDGE('',*,*,#6315,.F.);
#6315 = EDGE_CURVE('',#6316,#6292,#6318,.T.);
#6316 = VERTEX_POINT('',#6317);
#6317 = CARTESIAN_POINT('',(5.545121539827,34.557945933006,4.6));
#6318 = SURFACE_CURVE('',#6319,(#6324,#6331),.PCURVE_S1.);
#6319 = CIRCLE('',#6320,0.55);
#6320 = AXIS2_PLACEMENT_3D('',#6321,#6322,#6323);
#6321 = CARTESIAN_POINT('',(6.095051036109,34.566752130728,4.6));
#6322 = DIRECTION('',(0.,0.,1.));
#6323 = DIRECTION('',(1.,0.,0.));
#6324 = PCURVE('',#100,#6325);
#6325 = DEFINITIONAL_REPRESENTATION('',(#6326),#6330);
#6326 = CIRCLE('',#6327,0.55);
#6327 = AXIS2_PLACEMENT_2D('',#6328,#6329);
#6328 = CARTESIAN_POINT('',(6.095051036109,34.566752130728));
#6329 = DIRECTION('',(1.,0.));
#6330 = ( GEOMETRIC_REPRESENTATION_CONTEXT(2) 
PARAMETRIC_REPRESENTATION_CONTEXT() REPRESENTATION_CONTEXT('2D SPACE',''
  ) );
#6331 = PCURVE('',#1278,#6332);
#6332 = DEFINITIONAL_REPRESENTATION('',(#6333),#6337);
#6333 = LINE('',#6334,#6335);
#6334 = CARTESIAN_POINT('',(-0.,-4.6));
#6335 = VECTOR('',#6336,1.);
#6336 = DIRECTION('',(-1.,0.));
#6337 = ( GEOMETRIC_REPRESENTATION_CONTEXT(2) 
PARAMETRIC_REPRESENTATION_CONTEXT() REPRESENTATION_CONTEXT('2D SPACE',''
  ) );
#6338 = ORIENTED_EDGE('',*,*,#6339,.T.);
#6339 = EDGE_CURVE('',#6316,#6340,#6342,.T.);
#6340 = VERTEX_POINT('',#6341);
#6341 = CARTESIAN_POINT('',(4.195147903883,34.747672354628,4.6));
#6342 = SURFACE_CURVE('',#6343,(#6348,#6355),.PCURVE_S1.);
#6343 = CIRCLE('',#6344,35.);
#6344 = AXIS2_PLACEMENT_3D('',#6345,#6346,#6347);
#6345 = CARTESIAN_POINT('',(0.,0.,4.6));
#6346 = DIRECTION('',(0.,0.,1.));
#6347 = DIRECTION('',(1.,0.,0.));
#6348 = PCURVE('',#100,#6349);
#6349 = DEFINITIONAL_REPRESENTATION('',(#6350),#6354);
#6350 = CIRCLE('',#6351,35.);
#6351 = AXIS2_PLACEMENT_2D('',#6352,#6353);
#6352 = CARTESIAN_POINT('',(1.250230978322E-15,-2.32193833596E-15));
#6353 = DIRECTION('',(1.,0.));
#6354 = ( GEOMETRIC_REPRESENTATION_CONTEXT(2) 
PARAMETRIC_REPRESENTATION_CONTEXT() REPRESENTATION_CONTEXT('2D SPACE',''
  ) );
#6355 = PCURVE('',#1307,#6356);
#6356 = DEFINITIONAL_REPRESENTATION('',(#6357),#6361);
#6357 = LINE('',#6358,#6359);
#6358 = CARTESIAN_POINT('',(-0.,-4.6));
#6359 = VECTOR('',#6360,1.);
#6360 = DIRECTION('',(-1.,0.));
#6361 = ( GEOMETRIC_REPRESENTATION_CONTEXT(2) 
PARAMETRIC_REPRESENTATION_CONTEXT() REPRESENTATION_CONTEXT('2D SPACE',''
  ) );
#6362 = ORIENTED_EDGE('',*,*,#6363,.F.);
#6363 = EDGE_CURVE('',#6364,#6340,#6366,.T.);
#6364 = VERTEX_POINT('',#6365);
#6365 = CARTESIAN_POINT('',(3.120973454326,34.86057263869,4.6));
#6366 = SURFACE_CURVE('',#6367,(#6372,#6379),.PCURVE_S1.);
#6367 = CIRCLE('',#6368,0.55);
#6368 = AXIS2_PLACEMENT_3D('',#6369,#6370,#6371);
#6369 = CARTESIAN_POINT('',(3.668949060695,34.907718527426,4.6));
#6370 = DIRECTION('',(0.,0.,1.));
#6371 = DIRECTION('',(1.,0.,0.));
#6372 = PCURVE('',#100,#6373);
#6373 = DEFINITIONAL_REPRESENTATION('',(#6374),#6378);
#6374 = CIRCLE('',#6375,0.55);
#6375 = AXIS2_PLACEMENT_2D('',#6376,#6377);
#6376 = CARTESIAN_POINT('',(3.668949060695,34.907718527426));
#6377 = DIRECTION('',(1.,0.));
#6378 = ( GEOMETRIC_REPRESENTATION_CONTEXT(2) 
PARAMETRIC_REPRESENTATION_CONTEXT() REPRESENTATION_CONTEXT('2D SPACE',''
  ) );
#6379 = PCURVE('',#1336,#6380);
#6380 = DEFINITIONAL_REPRESENTATION('',(#6381),#6385);
#6381 = LINE('',#6382,#6383);
#6382 = CARTESIAN_POINT('',(-0.,-4.6));
#6383 = VECTOR('',#6384,1.);
#6384 = DIRECTION('',(-1.,0.));
#6385 = ( GEOMETRIC_REPRESENTATION_CONTEXT(2) 
PARAMETRIC_REPRESENTATION_CONTEXT() REPRESENTATION_CONTEXT('2D SPACE',''
  ) );
#6386 = ORIENTED_EDGE('',*,*,#6387,.T.);
#6387 = EDGE_CURVE('',#6364,#6388,#6390,.T.);
#6388 = VERTEX_POINT('',#6389);
#6389 = CARTESIAN_POINT('',(1.761053640161,34.955667495794,4.6));
#6390 = SURFACE_CURVE('',#6391,(#6396,#6403),.PCURVE_S1.);
#6391 = CIRCLE('',#6392,35.);
#6392 = AXIS2_PLACEMENT_3D('',#6393,#6394,#6395);
#6393 = CARTESIAN_POINT('',(0.,0.,4.6));
#6394 = DIRECTION('',(0.,0.,1.));
#6395 = DIRECTION('',(1.,0.,0.));
#6396 = PCURVE('',#100,#6397);
#6397 = DEFINITIONAL_REPRESENTATION('',(#6398),#6402);
#6398 = CIRCLE('',#6399,35.);
#6399 = AXIS2_PLACEMENT_2D('',#6400,#6401);
#6400 = CARTESIAN_POINT('',(1.250230978322E-15,-2.32193833596E-15));
#6401 = DIRECTION('',(1.,0.));
#6402 = ( GEOMETRIC_REPRESENTATION_CONTEXT(2) 
PARAMETRIC_REPRESENTATION_CONTEXT() REPRESENTATION_CONTEXT('2D SPACE',''
  ) );
#6403 = PCURVE('',#1365,#6404);
#6404 = DEFINITIONAL_REPRESENTATION('',(#6405),#6409);
#6405 = LINE('',#6406,#6407);
#6406 = CARTESIAN_POINT('',(-0.,-4.6));
#6407 = VECTOR('',#6408,1.);
#6408 = DIRECTION('',(-1.,0.));
#6409 = ( GEOMETRIC_REPRESENTATION_CONTEXT(2) 
PARAMETRIC_REPRESENTATION_CONTEXT() REPRESENTATION_CONTEXT('2D SPACE',''
  ) );
#6410 = ORIENTED_EDGE('',*,*,#6411,.F.);
#6411 = EDGE_CURVE('',#6412,#6388,#6414,.T.);
#6412 = VERTEX_POINT('',#6413);
#6413 = CARTESIAN_POINT('',(0.681620299875,34.993362138651,4.6));
#6414 = SURFACE_CURVE('',#6415,(#6420,#6427),.PCURVE_S1.);
#6415 = CIRCLE('',#6416,0.55);
#6416 = AXIS2_PLACEMENT_3D('',#6417,#6418,#6419);
#6417 = CARTESIAN_POINT('',(1.224972334258,35.07861802837,4.6));
#6418 = DIRECTION('',(0.,0.,1.));
#6419 = DIRECTION('',(1.,0.,0.));
#6420 = PCURVE('',#100,#6421);
#6421 = DEFINITIONAL_REPRESENTATION('',(#6422),#6426);
#6422 = CIRCLE('',#6423,0.55);
#6423 = AXIS2_PLACEMENT_2D('',#6424,#6425);
#6424 = CARTESIAN_POINT('',(1.224972334258,35.07861802837));
#6425 = DIRECTION('',(1.,0.));
#6426 = ( GEOMETRIC_REPRESENTATION_CONTEXT(2) 
PARAMETRIC_REPRESENTATION_CONTEXT() REPRESENTATION_CONTEXT('2D SPACE',''
  ) );
#6427 = PCURVE('',#1394,#6428);
#6428 = DEFINITIONAL_REPRESENTATION('',(#6429),#6433);
#6429 = LINE('',#6430,#6431);
#6430 = CARTESIAN_POINT('',(-0.,-4.6));
#6431 = VECTOR('',#6432,1.);
#6432 = DIRECTION('',(-1.,0.));
#6433 = ( GEOMETRIC_REPRESENTATION_CONTEXT(2) 
PARAMETRIC_REPRESENTATION_CONTEXT() REPRESENTATION_CONTEXT('2D SPACE',''
  ) );
#6434 = ORIENTED_EDGE('',*,*,#6435,.T.);
#6435 = EDGE_CURVE('',#6412,#6436,#6438,.T.);
#6436 = VERTEX_POINT('',#6437);
#6437 = CARTESIAN_POINT('',(-0.681620299875,34.993362138651,4.6));
#6438 = SURFACE_CURVE('',#6439,(#6444,#6451),.PCURVE_S1.);
#6439 = CIRCLE('',#6440,35.);
#6440 = AXIS2_PLACEMENT_3D('',#6441,#6442,#6443);
#6441 = CARTESIAN_POINT('',(0.,0.,4.6));
#6442 = DIRECTION('',(0.,0.,1.));
#6443 = DIRECTION('',(1.,0.,0.));
#6444 = PCURVE('',#100,#6445);
#6445 = DEFINITIONAL_REPRESENTATION('',(#6446),#6450);
#6446 = CIRCLE('',#6447,35.);
#6447 = AXIS2_PLACEMENT_2D('',#6448,#6449);
#6448 = CARTESIAN_POINT('',(1.250230978322E-15,-2.32193833596E-15));
#6449 = DIRECTION('',(1.,0.));
#6450 = ( GEOMETRIC_REPRESENTATION_CONTEXT(2) 
PARAMETRIC_REPRESENTATION_CONTEXT() REPRESENTATION_CONTEXT('2D SPACE',''
  ) );
#6451 = PCURVE('',#1423,#6452);
#6452 = DEFINITIONAL_REPRESENTATION('',(#6453),#6457);
#6453 = LINE('',#6454,#6455);
#6454 = CARTESIAN_POINT('',(-0.,-4.6));
#6455 = VECTOR('',#6456,1.);
#6456 = DIRECTION('',(-1.,0.));
#6457 = ( GEOMETRIC_REPRESENTATION_CONTEXT(2) 
PARAMETRIC_REPRESENTATION_CONTEXT() REPRESENTATION_CONTEXT('2D SPACE',''
  ) );
#6458 = ORIENTED_EDGE('',*,*,#6459,.F.);
#6459 = EDGE_CURVE('',#6460,#6436,#6462,.T.);
#6460 = VERTEX_POINT('',#6461);
#6461 = CARTESIAN_POINT('',(-1.761053640161,34.955667495794,4.6));
#6462 = SURFACE_CURVE('',#6463,(#6468,#6475),.PCURVE_S1.);
#6463 = CIRCLE('',#6464,0.55);
#6464 = AXIS2_PLACEMENT_3D('',#6465,#6466,#6467);
#6465 = CARTESIAN_POINT('',(-1.224972334258,35.07861802837,4.6));
#6466 = DIRECTION('',(0.,0.,1.));
#6467 = DIRECTION('',(1.,0.,0.));
#6468 = PCURVE('',#100,#6469);
#6469 = DEFINITIONAL_REPRESENTATION('',(#6470),#6474);
#6470 = CIRCLE('',#6471,0.55);
#6471 = AXIS2_PLACEMENT_2D('',#6472,#6473);
#6472 = CARTESIAN_POINT('',(-1.224972334258,35.07861802837));
#6473 = DIRECTION('',(1.,0.));
#6474 = ( GEOMETRIC_REPRESENTATION_CONTEXT(2) 
PARAMETRIC_REPRESENTATION_CONTEXT() REPRESENTATION_CONTEXT('2D SPACE',''
  ) );
#6475 = PCURVE('',#1452,#6476);
#6476 = DEFINITIONAL_REPRESENTATION('',(#6477),#6481);
#6477 = LINE('',#6478,#6479);
#6478 = CARTESIAN_POINT('',(-0.,-4.6));
#6479 = VECTOR('',#6480,1.);
#6480 = DIRECTION('',(-1.,0.));
#6481 = ( GEOMETRIC_REPRESENTATION_CONTEXT(2) 
PARAMETRIC_REPRESENTATION_CONTEXT() REPRESENTATION_CONTEXT('2D SPACE',''
  ) );
#6482 = ORIENTED_EDGE('',*,*,#6483,.T.);
#6483 = EDGE_CURVE('',#6460,#6484,#6486,.T.);
#6484 = VERTEX_POINT('',#6485);
#6485 = CARTESIAN_POINT('',(-3.120973454326,34.86057263869,4.6));
#6486 = SURFACE_CURVE('',#6487,(#6492,#6499),.PCURVE_S1.);
#6487 = CIRCLE('',#6488,35.);
#6488 = AXIS2_PLACEMENT_3D('',#6489,#6490,#6491);
#6489 = CARTESIAN_POINT('',(0.,0.,4.6));
#6490 = DIRECTION('',(0.,0.,1.));
#6491 = DIRECTION('',(1.,0.,0.));
#6492 = PCURVE('',#100,#6493);
#6493 = DEFINITIONAL_REPRESENTATION('',(#6494),#6498);
#6494 = CIRCLE('',#6495,35.);
#6495 = AXIS2_PLACEMENT_2D('',#6496,#6497);
#6496 = CARTESIAN_POINT('',(1.250230978322E-15,-2.32193833596E-15));
#6497 = DIRECTION('',(1.,0.));
#6498 = ( GEOMETRIC_REPRESENTATION_CONTEXT(2) 
PARAMETRIC_REPRESENTATION_CONTEXT() REPRESENTATION_CONTEXT('2D SPACE',''
  ) );
#6499 = PCURVE('',#1481,#6500);
#6500 = DEFINITIONAL_REPRESENTATION('',(#6501),#6505);
#6501 = LINE('',#6502,#6503);
#6502 = CARTESIAN_POINT('',(-0.,-4.6));
#6503 = VECTOR('',#6504,1.);
#6504 = DIRECTION('',(-1.,0.));
#6505 = ( GEOMETRIC_REPRESENTATION_CONTEXT(2) 
PARAMETRIC_REPRESENTATION_CONTEXT() REPRESENTATION_CONTEXT('2D SPACE',''
  ) );
#6506 = ORIENTED_EDGE('',*,*,#6507,.F.);
#6507 = EDGE_CURVE('',#6508,#6484,#6510,.T.);
#6508 = VERTEX_POINT('',#6509);
#6509 = CARTESIAN_POINT('',(-4.195147903883,34.747672354628,4.6));
#6510 = SURFACE_CURVE('',#6511,(#6516,#6523),.PCURVE_S1.);
#6511 = CIRCLE('',#6512,0.55);
#6512 = AXIS2_PLACEMENT_3D('',#6513,#6514,#6515);
#6513 = CARTESIAN_POINT('',(-3.668949060695,34.907718527426,4.6));
#6514 = DIRECTION('',(0.,0.,1.));
#6515 = DIRECTION('',(1.,0.,0.));
#6516 = PCURVE('',#100,#6517);
#6517 = DEFINITIONAL_REPRESENTATION('',(#6518),#6522);
#6518 = CIRCLE('',#6519,0.55);
#6519 = AXIS2_PLACEMENT_2D('',#6520,#6521);
#6520 = CARTESIAN_POINT('',(-3.668949060695,34.907718527426));
#6521 = DIRECTION('',(1.,0.));
#6522 = ( GEOMETRIC_REPRESENTATION_CONTEXT(2) 
PARAMETRIC_REPRESENTATION_CONTEXT() REPRESENTATION_CONTEXT('2D SPACE',''
  ) );
#6523 = PCURVE('',#1510,#6524);
#6524 = DEFINITIONAL_REPRESENTATION('',(#6525),#6529);
#6525 = LINE('',#6526,#6527);
#6526 = CARTESIAN_POINT('',(-0.,-4.6));
#6527 = VECTOR('',#6528,1.);
#6528 = DIRECTION('',(-1.,0.));
#6529 = ( GEOMETRIC_REPRESENTATION_CONTEXT(2) 
PARAMETRIC_REPRESENTATION_CONTEXT() REPRESENTATION_CONTEXT('2D SPACE',''
  ) );
#6530 = ORIENTED_EDGE('',*,*,#6531,.T.);
#6531 = EDGE_CURVE('',#6508,#6532,#6534,.T.);
#6532 = VERTEX_POINT('',#6533);
#6533 = CARTESIAN_POINT('',(-5.545121539827,34.557945933006,4.6));
#6534 = SURFACE_CURVE('',#6535,(#6540,#6547),.PCURVE_S1.);
#6535 = CIRCLE('',#6536,35.);
#6536 = AXIS2_PLACEMENT_3D('',#6537,#6538,#6539);
#6537 = CARTESIAN_POINT('',(0.,0.,4.6));
#6538 = DIRECTION('',(0.,0.,1.));
#6539 = DIRECTION('',(1.,0.,0.));
#6540 = PCURVE('',#100,#6541);
#6541 = DEFINITIONAL_REPRESENTATION('',(#6542),#6546);
#6542 = CIRCLE('',#6543,35.);
#6543 = AXIS2_PLACEMENT_2D('',#6544,#6545);
#6544 = CARTESIAN_POINT('',(1.250230978322E-15,-2.32193833596E-15));
#6545 = DIRECTION('',(1.,0.));
#6546 = ( GEOMETRIC_REPRESENTATION_CONTEXT(2) 
PARAMETRIC_REPRESENTATION_CONTEXT() REPRESENTATION_CONTEXT('2D SPACE',''
  ) );
#6547 = PCURVE('',#1539,#6548);
#6548 = DEFINITIONAL_REPRESENTATION('',(#6549),#6553);
#6549 = LINE('',#6550,#6551);
#6550 = CARTESIAN_POINT('',(-0.,-4.6));
#6551 = VECTOR('',#6552,1.);
#6552 = DIRECTION('',(-1.,0.));
#6553 = ( GEOMETRIC_REPRESENTATION_CONTEXT(2) 
PARAMETRIC_REPRESENTATION_CONTEXT() REPRESENTATION_CONTEXT('2D SPACE',''
  ) );
#6554 = ORIENTED_EDGE('',*,*,#6555,.F.);
#6555 = EDGE_CURVE('',#6556,#6532,#6558,.T.);
#6556 = VERTEX_POINT('',#6557);
#6557 = CARTESIAN_POINT('',(-6.608803828711,34.370390046574,4.6));
#6558 = SURFACE_CURVE('',#6559,(#6564,#6571),.PCURVE_S1.);
#6559 = CIRCLE('',#6560,0.55);
#6560 = AXIS2_PLACEMENT_3D('',#6561,#6562,#6563);
#6561 = CARTESIAN_POINT('',(-6.095051036109,34.566752130728,4.6));
#6562 = DIRECTION('',(0.,0.,1.));
#6563 = DIRECTION('',(1.,0.,0.));
#6564 = PCURVE('',#100,#6565);
#6565 = DEFINITIONAL_REPRESENTATION('',(#6566),#6570);
#6566 = CIRCLE('',#6567,0.55);
#6567 = AXIS2_PLACEMENT_2D('',#6568,#6569);
#6568 = CARTESIAN_POINT('',(-6.095051036109,34.566752130728));
#6569 = DIRECTION('',(1.,0.));
#6570 = ( GEOMETRIC_REPRESENTATION_CONTEXT(2) 
PARAMETRIC_REPRESENTATION_CONTEXT() REPRESENTATION_CONTEXT('2D SPACE',''
  ) );
#6571 = PCURVE('',#1568,#6572);
#6572 = DEFINITIONAL_REPRESENTATION('',(#6573),#6577);
#6573 = LINE('',#6574,#6575);
#6574 = CARTESIAN_POINT('',(-0.,-4.6));
#6575 = VECTOR('',#6576,1.);
#6576 = DIRECTION('',(-1.,0.));
#6577 = ( GEOMETRIC_REPRESENTATION_CONTEXT(2) 
PARAMETRIC_REPRESENTATION_CONTEXT() REPRESENTATION_CONTEXT('2D SPACE',''
  ) );
#6578 = ORIENTED_EDGE('',*,*,#6579,.T.);
#6579 = EDGE_CURVE('',#6556,#6580,#6582,.T.);
#6580 = VERTEX_POINT('',#6581);
#6581 = CARTESIAN_POINT('',(-7.942254350579,34.086956388488,4.6));
#6582 = SURFACE_CURVE('',#6583,(#6588,#6595),.PCURVE_S1.);
#6583 = CIRCLE('',#6584,35.);
#6584 = AXIS2_PLACEMENT_3D('',#6585,#6586,#6587);
#6585 = CARTESIAN_POINT('',(0.,0.,4.6));
#6586 = DIRECTION('',(0.,0.,1.));
#6587 = DIRECTION('',(1.,0.,0.));
#6588 = PCURVE('',#100,#6589);
#6589 = DEFINITIONAL_REPRESENTATION('',(#6590),#6594);
#6590 = CIRCLE('',#6591,35.);
#6591 = AXIS2_PLACEMENT_2D('',#6592,#6593);
#6592 = CARTESIAN_POINT('',(1.250230978322E-15,-2.32193833596E-15));
#6593 = DIRECTION('',(1.,0.));
#6594 = ( GEOMETRIC_REPRESENTATION_CONTEXT(2) 
PARAMETRIC_REPRESENTATION_CONTEXT() REPRESENTATION_CONTEXT('2D SPACE',''
  ) );
#6595 = PCURVE('',#1597,#6596);
#6596 = DEFINITIONAL_REPRESENTATION('',(#6597),#6601);
#6597 = LINE('',#6598,#6599);
#6598 = CARTESIAN_POINT('',(-0.,-4.6));
#6599 = VECTOR('',#6600,1.);
#6600 = DIRECTION('',(-1.,0.));
#6601 = ( GEOMETRIC_REPRESENTATION_CONTEXT(2) 
PARAMETRIC_REPRESENTATION_CONTEXT() REPRESENTATION_CONTEXT('2D SPACE',''
  ) );
#6602 = ORIENTED_EDGE('',*,*,#6603,.T.);
#6603 = EDGE_CURVE('',#6580,#6604,#6606,.T.);
#6604 = VERTEX_POINT('',#6605);
#6605 = CARTESIAN_POINT('',(-8.990262325601,33.825658653112,4.6));
#6606 = SURFACE_CURVE('',#6607,(#6612,#6623),.PCURVE_S1.);
#6607 = CIRCLE('',#6608,0.55);
#6608 = AXIS2_PLACEMENT_3D('',#6609,#6610,#6611);
#6609 = CARTESIAN_POINT('',(-8.491458535548,34.057379992287,4.6));
#6610 = DIRECTION('',(0.,0.,-1.));
#6611 = DIRECTION('',(0.998553063581,5.377526581983E-02,0.));
#6612 = PCURVE('',#100,#6613);
#6613 = DEFINITIONAL_REPRESENTATION('',(#6614),#6622);
#6614 = ( BOUNDED_CURVE() B_SPLINE_CURVE(2,(#6615,#6616,#6617,#6618,
#6619,#6620,#6621),.UNSPECIFIED.,.T.,.F.) B_SPLINE_CURVE_WITH_KNOTS((1,2
    ,2,2,2,1),(-2.094395102393,0.,2.094395102393,4.188790204786,
6.28318530718,8.377580409573),.UNSPECIFIED.) CURVE() 
GEOMETRIC_REPRESENTATION_ITEM() RATIONAL_B_SPLINE_CURVE((1.,0.5,1.,0.5,
1.,0.5,1.)) REPRESENTATION_ITEM('') );
#6615 = CARTESIAN_POINT('',(-7.942254350579,34.086956388488));
#6616 = CARTESIAN_POINT('',(-7.891026529654,33.135706836392));
#6617 = CARTESIAN_POINT('',(-8.740446717571,33.566967018139));
#6618 = CARTESIAN_POINT('',(-9.589866905487,33.998227199886));
#6619 = CARTESIAN_POINT('',(-8.791674538495,34.518216570235));
#6620 = CARTESIAN_POINT('',(-7.993482171504,35.038205940585));
#6621 = CARTESIAN_POINT('',(-7.942254350579,34.086956388488));
#6622 = ( GEOMETRIC_REPRESENTATION_CONTEXT(2) 
PARAMETRIC_REPRESENTATION_CONTEXT() REPRESENTATION_CONTEXT('2D SPACE',''
  ) );
#6623 = PCURVE('',#1626,#6624);
#6624 = DEFINITIONAL_REPRESENTATION('',(#6625),#6629);
#6625 = LINE('',#6626,#6627);
#6626 = CARTESIAN_POINT('',(-6.336986524484,-4.6));
#6627 = VECTOR('',#6628,1.);
#6628 = DIRECTION('',(1.,-0.));
#6629 = ( GEOMETRIC_REPRESENTATION_CONTEXT(2) 
PARAMETRIC_REPRESENTATION_CONTEXT() REPRESENTATION_CONTEXT('2D SPACE',''
  ) );
#6630 = ORIENTED_EDGE('',*,*,#6631,.T.);
#6631 = EDGE_CURVE('',#6604,#6632,#6634,.T.);
#6632 = VERTEX_POINT('',#6633);
#6633 = CARTESIAN_POINT('',(-10.30069329648,33.449898618855,4.6));
#6634 = SURFACE_CURVE('',#6635,(#6640,#6647),.PCURVE_S1.);
#6635 = CIRCLE('',#6636,35.);
#6636 = AXIS2_PLACEMENT_3D('',#6637,#6638,#6639);
#6637 = CARTESIAN_POINT('',(0.,0.,4.6));
#6638 = DIRECTION('',(0.,0.,1.));
#6639 = DIRECTION('',(1.,0.,0.));
#6640 = PCURVE('',#100,#6641);
#6641 = DEFINITIONAL_REPRESENTATION('',(#6642),#6646);
#6642 = CIRCLE('',#6643,35.);
#6643 = AXIS2_PLACEMENT_2D('',#6644,#6645);
#6644 = CARTESIAN_POINT('',(1.250230978322E-15,-2.32193833596E-15));
#6645 = DIRECTION('',(1.,0.));
#6646 = ( GEOMETRIC_REPRESENTATION_CONTEXT(2) 
PARAMETRIC_REPRESENTATION_CONTEXT() REPRESENTATION_CONTEXT('2D SPACE',''
  ) );
#6647 = PCURVE('',#1655,#6648);
#6648 = DEFINITIONAL_REPRESENTATION('',(#6649),#6653);
#6649 = LINE('',#6650,#6651);
#6650 = CARTESIAN_POINT('',(-0.,-4.6));
#6651 = VECTOR('',#6652,1.);
#6652 = DIRECTION('',(-1.,0.));
#6653 = ( GEOMETRIC_REPRESENTATION_CONTEXT(2) 
PARAMETRIC_REPRESENTATION_CONTEXT() REPRESENTATION_CONTEXT('2D SPACE',''
  ) );
#6654 = ORIENTED_EDGE('',*,*,#6655,.T.);
#6655 = EDGE_CURVE('',#6632,#6656,#6658,.T.);
#6656 = VERTEX_POINT('',#6657);
#6657 = CARTESIAN_POINT('',(-11.32792116813,33.116132050837,4.6));
#6658 = SURFACE_CURVE('',#6659,(#6664,#6675),.PCURVE_S1.);
#6659 = CIRCLE('',#6660,0.55);
#6660 = AXIS2_PLACEMENT_3D('',#6661,#6662,#6663);
#6661 = CARTESIAN_POINT('',(-10.84649650256,33.38208372196,4.6));
#6662 = DIRECTION('',(0.,0.,-1.));
#6663 = DIRECTION('',(0.992369465586,0.123299812537,0.));
#6664 = PCURVE('',#100,#6665);
#6665 = DEFINITIONAL_REPRESENTATION('',(#6666),#6674);
#6666 = ( BOUNDED_CURVE() B_SPLINE_CURVE(2,(#6667,#6668,#6669,#6670,
#6671,#6672,#6673),.UNSPECIFIED.,.T.,.F.) B_SPLINE_CURVE_WITH_KNOTS((1,2
    ,2,2,2,1),(-2.094395102393,0.,2.094395102393,4.188790204786,
6.28318530718,8.377580409573),.UNSPECIFIED.) CURVE() 
GEOMETRIC_REPRESENTATION_ITEM() RATIONAL_B_SPLINE_CURVE((1.,0.5,1.,0.5,
1.,0.5,1.)) REPRESENTATION_ITEM('') );
#6667 = CARTESIAN_POINT('',(-10.30069329648,33.449898618855));
#6668 = CARTESIAN_POINT('',(-10.18323444955,32.504539735003));
#6669 = CARTESIAN_POINT('',(-11.06066868213,32.875496831586));
#6670 = CARTESIAN_POINT('',(-11.9381029147,33.246453928169));
#6671 = CARTESIAN_POINT('',(-11.17812752906,33.820855715438));
#6672 = CARTESIAN_POINT('',(-10.41815214342,34.395257502707));
#6673 = CARTESIAN_POINT('',(-10.30069329648,33.449898618855));
#6674 = ( GEOMETRIC_REPRESENTATION_CONTEXT(2) 
PARAMETRIC_REPRESENTATION_CONTEXT() REPRESENTATION_CONTEXT('2D SPACE',''
  ) );
#6675 = PCURVE('',#1684,#6676);
#6676 = DEFINITIONAL_REPRESENTATION('',(#6677),#6681);
#6677 = LINE('',#6678,#6679);
#6678 = CARTESIAN_POINT('',(-6.406799694563,-4.6));
#6679 = VECTOR('',#6680,1.);
#6680 = DIRECTION('',(1.,-0.));
#6681 = ( GEOMETRIC_REPRESENTATION_CONTEXT(2) 
PARAMETRIC_REPRESENTATION_CONTEXT() REPRESENTATION_CONTEXT('2D SPACE',''
  ) );
#6682 = ORIENTED_EDGE('',*,*,#6683,.T.);
#6683 = EDGE_CURVE('',#6656,#6684,#6686,.T.);
#6684 = VERTEX_POINT('',#6685);
#6685 = CARTESIAN_POINT('',(-12.60894830007,32.649876305523,4.6));
#6686 = SURFACE_CURVE('',#6687,(#6692,#6699),.PCURVE_S1.);
#6687 = CIRCLE('',#6688,35.);
#6688 = AXIS2_PLACEMENT_3D('',#6689,#6690,#6691);
#6689 = CARTESIAN_POINT('',(0.,0.,4.6));
#6690 = DIRECTION('',(0.,0.,1.));
#6691 = DIRECTION('',(1.,0.,0.));
#6692 = PCURVE('',#100,#6693);
#6693 = DEFINITIONAL_REPRESENTATION('',(#6694),#6698);
#6694 = CIRCLE('',#6695,35.);
#6695 = AXIS2_PLACEMENT_2D('',#6696,#6697);
#6696 = CARTESIAN_POINT('',(1.250230978322E-15,-2.32193833596E-15));
#6697 = DIRECTION('',(1.,0.));
#6698 = ( GEOMETRIC_REPRESENTATION_CONTEXT(2) 
PARAMETRIC_REPRESENTATION_CONTEXT() REPRESENTATION_CONTEXT('2D SPACE',''
  ) );
#6699 = PCURVE('',#1713,#6700);
#6700 = DEFINITIONAL_REPRESENTATION('',(#6701),#6705);
#6701 = LINE('',#6702,#6703);
#6702 = CARTESIAN_POINT('',(-0.,-4.6));
#6703 = VECTOR('',#6704,1.);
#6704 = DIRECTION('',(-1.,0.));
#6705 = ( GEOMETRIC_REPRESENTATION_CONTEXT(2) 
PARAMETRIC_REPRESENTATION_CONTEXT() REPRESENTATION_CONTEXT('2D SPACE',''
  ) );
#6706 = ORIENTED_EDGE('',*,*,#6707,.T.);
#6707 = EDGE_CURVE('',#6684,#6708,#6710,.T.);
#6708 = VERTEX_POINT('',#6709);
#6709 = CARTESIAN_POINT('',(-13.61039151742,32.245266982031,4.6));
#6710 = SURFACE_CURVE('',#6711,(#6716,#6727),.PCURVE_S1.);
#6711 = CIRCLE('',#6712,0.55);
#6712 = AXIS2_PLACEMENT_3D('',#6713,#6714,#6715);
#6713 = CARTESIAN_POINT('',(-13.14869142889,32.544153295294,4.6));
#6714 = DIRECTION('',(0.,0.,-1.));
#6715 = DIRECTION('',(0.981351143309,0.192223654961,0.));
#6716 = PCURVE('',#100,#6717);
#6717 = DEFINITIONAL_REPRESENTATION('',(#6718),#6726);
#6718 = ( BOUNDED_CURVE() B_SPLINE_CURVE(2,(#6719,#6720,#6721,#6722,
#6723,#6724,#6725),.UNSPECIFIED.,.T.,.F.) B_SPLINE_CURVE_WITH_KNOTS((1,2
    ,2,2,2,1),(-2.094395102393,0.,2.094395102393,4.188790204786,
6.28318530718,8.377580409573),.UNSPECIFIED.) CURVE() 
GEOMETRIC_REPRESENTATION_ITEM() RATIONAL_B_SPLINE_CURVE((1.,0.5,1.,0.5,
1.,0.5,1.)) REPRESENTATION_ITEM('') );
#6719 = CARTESIAN_POINT('',(-12.60894830007,32.649876305523));
#6720 = CARTESIAN_POINT('',(-12.42583067483,31.715013783371));
#6721 = CARTESIAN_POINT('',(-13.32700418068,32.023860529104));
#6722 = CARTESIAN_POINT('',(-14.22817768653,32.332707274837));
#6723 = CARTESIAN_POINT('',(-13.51012180593,32.958723051256));
#6724 = CARTESIAN_POINT('',(-12.79206592532,33.584738827675));
#6725 = CARTESIAN_POINT('',(-12.60894830007,32.649876305523));
#6726 = ( GEOMETRIC_REPRESENTATION_CONTEXT(2) 
PARAMETRIC_REPRESENTATION_CONTEXT() REPRESENTATION_CONTEXT('2D SPACE',''
  ) );
#6727 = PCURVE('',#1742,#6728);
#6728 = DEFINITIONAL_REPRESENTATION('',(#6729),#6733);
#6729 = LINE('',#6730,#6731);
#6730 = CARTESIAN_POINT('',(-6.476612864643,-4.6));
#6731 = VECTOR('',#6732,1.);
#6732 = DIRECTION('',(1.,-0.));
#6733 = ( GEOMETRIC_REPRESENTATION_CONTEXT(2) 
PARAMETRIC_REPRESENTATION_CONTEXT() REPRESENTATION_CONTEXT('2D SPACE',''
  ) );
#6734 = ORIENTED_EDGE('',*,*,#6735,.T.);
#6735 = EDGE_CURVE('',#6708,#6736,#6738,.T.);
#6736 = VERTEX_POINT('',#6737);
#6737 = CARTESIAN_POINT('',(-14.85577377499,31.690787076784,4.6));
#6738 = SURFACE_CURVE('',#6739,(#6744,#6751),.PCURVE_S1.);
#6739 = CIRCLE('',#6740,35.);
#6740 = AXIS2_PLACEMENT_3D('',#6741,#6742,#6743);
#6741 = CARTESIAN_POINT('',(0.,0.,4.6));
#6742 = DIRECTION('',(0.,0.,1.));
#6743 = DIRECTION('',(1.,0.,0.));
#6744 = PCURVE('',#100,#6745);
#6745 = DEFINITIONAL_REPRESENTATION('',(#6746),#6750);
#6746 = CIRCLE('',#6747,35.);
#6747 = AXIS2_PLACEMENT_2D('',#6748,#6749);
#6748 = CARTESIAN_POINT('',(1.250230978322E-15,-2.32193833596E-15));
#6749 = DIRECTION('',(1.,0.));
#6750 = ( GEOMETRIC_REPRESENTATION_CONTEXT(2) 
PARAMETRIC_REPRESENTATION_CONTEXT() REPRESENTATION_CONTEXT('2D SPACE',''
  ) );
#6751 = PCURVE('',#1771,#6752);
#6752 = DEFINITIONAL_REPRESENTATION('',(#6753),#6757);
#6753 = LINE('',#6754,#6755);
#6754 = CARTESIAN_POINT('',(-0.,-4.6));
#6755 = VECTOR('',#6756,1.);
#6756 = DIRECTION('',(-1.,0.));
#6757 = ( GEOMETRIC_REPRESENTATION_CONTEXT(2) 
PARAMETRIC_REPRESENTATION_CONTEXT() REPRESENTATION_CONTEXT('2D SPACE',''
  ) );
#6758 = ORIENTED_EDGE('',*,*,#6759,.T.);
#6759 = EDGE_CURVE('',#6736,#6760,#6762,.T.);
#6760 = VERTEX_POINT('',#6761);
#6761 = CARTESIAN_POINT('',(-15.82655340734,31.217306213772,4.6));
#6762 = SURFACE_CURVE('',#6763,(#6768,#6779),.PCURVE_S1.);
#6763 = CIRCLE('',#6764,0.55);
#6764 = AXIS2_PLACEMENT_3D('',#6765,#6766,#6767);
#6765 = CARTESIAN_POINT('',(-15.38682725229,31.547671025101,4.6));
#6766 = DIRECTION('',(0.,0.,-1.));
#6767 = DIRECTION('',(0.965551776906,0.260211003061,0.));
#6768 = PCURVE('',#100,#6769);
#6769 = DEFINITIONAL_REPRESENTATION('',(#6770),#6778);
#6770 = ( BOUNDED_CURVE() B_SPLINE_CURVE(2,(#6771,#6772,#6773,#6774,
#6775,#6776,#6777),.UNSPECIFIED.,.T.,.F.) B_SPLINE_CURVE_WITH_KNOTS((1,2
    ,2,2,2,1),(-2.094395102393,0.,2.094395102393,4.188790204786,
6.28318530718,8.377580409573),.UNSPECIFIED.) CURVE() 
GEOMETRIC_REPRESENTATION_ITEM() RATIONAL_B_SPLINE_CURVE((1.,0.5,1.,0.5,
1.,0.5,1.)) REPRESENTATION_ITEM('') );
#6771 = CARTESIAN_POINT('',(-14.85577377499,31.690787076784));
#6772 = CARTESIAN_POINT('',(-14.6078895021,30.770975472567));
#6773 = CARTESIAN_POINT('',(-15.52841185449,31.016207197151));
#6774 = CARTESIAN_POINT('',(-16.44893420689,31.261438921734));
#6775 = CARTESIAN_POINT('',(-15.77629612739,31.936018801367));
#6776 = CARTESIAN_POINT('',(-15.10365804789,32.610598681001));
#6777 = CARTESIAN_POINT('',(-14.85577377499,31.690787076784));
#6778 = ( GEOMETRIC_REPRESENTATION_CONTEXT(2) 
PARAMETRIC_REPRESENTATION_CONTEXT() REPRESENTATION_CONTEXT('2D SPACE',''
  ) );
#6779 = PCURVE('',#1800,#6780);
#6780 = DEFINITIONAL_REPRESENTATION('',(#6781),#6785);
#6781 = LINE('',#6782,#6783);
#6782 = CARTESIAN_POINT('',(-6.546426034723,-4.6));
#6783 = VECTOR('',#6784,1.);
#6784 = DIRECTION('',(1.,-0.));
#6785 = ( GEOMETRIC_REPRESENTATION_CONTEXT(2) 
PARAMETRIC_REPRESENTATION_CONTEXT() REPRESENTATION_CONTEXT('2D SPACE',''
  ) );
#6786 = ORIENTED_EDGE('',*,*,#6787,.T.);
#6787 = EDGE_CURVE('',#6760,#6788,#6790,.T.);
#6788 = VERTEX_POINT('',#6789);
#6789 = CARTESIAN_POINT('',(-17.03022341338,30.577303518954,4.6));
#6790 = SURFACE_CURVE('',#6791,(#6796,#6803),.PCURVE_S1.);
#6791 = CIRCLE('',#6792,35.);
#6792 = AXIS2_PLACEMENT_3D('',#6793,#6794,#6795);
#6793 = CARTESIAN_POINT('',(0.,0.,4.6));
#6794 = DIRECTION('',(0.,0.,1.));
#6795 = DIRECTION('',(1.,0.,0.));
#6796 = PCURVE('',#100,#6797);
#6797 = DEFINITIONAL_REPRESENTATION('',(#6798),#6802);
#6798 = CIRCLE('',#6799,35.);
#6799 = AXIS2_PLACEMENT_2D('',#6800,#6801);
#6800 = CARTESIAN_POINT('',(1.250230978322E-15,-2.32193833596E-15));
#6801 = DIRECTION('',(1.,0.));
#6802 = ( GEOMETRIC_REPRESENTATION_CONTEXT(2) 
PARAMETRIC_REPRESENTATION_CONTEXT() REPRESENTATION_CONTEXT('2D SPACE',''
  ) );
#6803 = PCURVE('',#1829,#6804);
#6804 = DEFINITIONAL_REPRESENTATION('',(#6805),#6809);
#6805 = LINE('',#6806,#6807);
#6806 = CARTESIAN_POINT('',(-0.,-4.6));
#6807 = VECTOR('',#6808,1.);
#6808 = DIRECTION('',(-1.,0.));
#6809 = ( GEOMETRIC_REPRESENTATION_CONTEXT(2) 
PARAMETRIC_REPRESENTATION_CONTEXT() REPRESENTATION_CONTEXT('2D SPACE',''
  ) );
#6810 = ORIENTED_EDGE('',*,*,#6811,.T.);
#6811 = EDGE_CURVE('',#6788,#6812,#6814,.T.);
#6812 = VERTEX_POINT('',#6813);
#6813 = CARTESIAN_POINT('',(-17.96560991995,30.037257867592,4.6));
#6814 = SURFACE_CURVE('',#6815,(#6820,#6831),.PCURVE_S1.);
#6815 = CIRCLE('',#6816,0.55);
#6816 = AXIS2_PLACEMENT_3D('',#6817,#6818,#6819);
#6817 = CARTESIAN_POINT('',(-17.55,30.397491672834,4.6));
#6818 = DIRECTION('',(0.,0.,-1.));
#6819 = DIRECTION('',(0.945048339303,0.32693062931,0.));
#6820 = PCURVE('',#100,#6821);
#6821 = DEFINITIONAL_REPRESENTATION('',(#6822),#6830);
#6822 = ( BOUNDED_CURVE() B_SPLINE_CURVE(2,(#6823,#6824,#6825,#6826,
#6827,#6828,#6829),.UNSPECIFIED.,.T.,.F.) B_SPLINE_CURVE_WITH_KNOTS((1,2
    ,2,2,2,1),(-2.094395102393,0.,2.094395102393,4.188790204786,
6.28318530718,8.377580409573),.UNSPECIFIED.) CURVE() 
GEOMETRIC_REPRESENTATION_ITEM() RATIONAL_B_SPLINE_CURVE((1.,0.5,1.,0.5,
1.,0.5,1.)) REPRESENTATION_ITEM('') );
#6823 = CARTESIAN_POINT('',(-17.03022341338,30.577303518954));
#6824 = CARTESIAN_POINT('',(-16.7187801601,29.67702406235));
#6825 = CARTESIAN_POINT('',(-17.65416666666,29.857446021471));
#6826 = CARTESIAN_POINT('',(-18.58955317323,30.037867980593));
#6827 = CARTESIAN_POINT('',(-17.96560991995,30.757725478076));
#6828 = CARTESIAN_POINT('',(-17.34166666666,31.477582975559));
#6829 = CARTESIAN_POINT('',(-17.03022341338,30.577303518954));
#6830 = ( GEOMETRIC_REPRESENTATION_CONTEXT(2) 
PARAMETRIC_REPRESENTATION_CONTEXT() REPRESENTATION_CONTEXT('2D SPACE',''
  ) );
#6831 = PCURVE('',#1858,#6832);
#6832 = DEFINITIONAL_REPRESENTATION('',(#6833),#6837);
#6833 = LINE('',#6834,#6835);
#6834 = CARTESIAN_POINT('',(-6.616239204803,-4.6));
#6835 = VECTOR('',#6836,1.);
#6836 = DIRECTION('',(1.,-0.));
#6837 = ( GEOMETRIC_REPRESENTATION_CONTEXT(2) 
PARAMETRIC_REPRESENTATION_CONTEXT() REPRESENTATION_CONTEXT('2D SPACE',''
  ) );
#6838 = ORIENTED_EDGE('',*,*,#6839,.T.);
#6839 = EDGE_CURVE('',#6812,#6840,#6842,.T.);
#6840 = VERTEX_POINT('',#6841);
#6841 = CARTESIAN_POINT('',(-19.12170351517,29.314850412,4.6));
#6842 = SURFACE_CURVE('',#6843,(#6848,#6855),.PCURVE_S1.);
#6843 = CIRCLE('',#6844,35.);
#6844 = AXIS2_PLACEMENT_3D('',#6845,#6846,#6847);
#6845 = CARTESIAN_POINT('',(0.,0.,4.6));
#6846 = DIRECTION('',(0.,0.,1.));
#6847 = DIRECTION('',(1.,0.,0.));
#6848 = PCURVE('',#100,#6849);
#6849 = DEFINITIONAL_REPRESENTATION('',(#6850),#6854);
#6850 = CIRCLE('',#6851,35.);
#6851 = AXIS2_PLACEMENT_2D('',#6852,#6853);
#6852 = CARTESIAN_POINT('',(1.250230978322E-15,-2.32193833596E-15));
#6853 = DIRECTION('',(1.,0.));
#6854 = ( GEOMETRIC_REPRESENTATION_CONTEXT(2) 
PARAMETRIC_REPRESENTATION_CONTEXT() REPRESENTATION_CONTEXT('2D SPACE',''
  ) );
#6855 = PCURVE('',#1887,#6856);
#6856 = DEFINITIONAL_REPRESENTATION('',(#6857),#6861);
#6857 = LINE('',#6858,#6859);
#6858 = CARTESIAN_POINT('',(-0.,-4.6));
#6859 = VECTOR('',#6860,1.);
#6860 = DIRECTION('',(-1.,0.));
#6861 = ( GEOMETRIC_REPRESENTATION_CONTEXT(2) 
PARAMETRIC_REPRESENTATION_CONTEXT() REPRESENTATION_CONTEXT('2D SPACE',''
  ) );
#6862 = ORIENTED_EDGE('',*,*,#6863,.T.);
#6863 = EDGE_CURVE('',#6840,#6864,#6866,.T.);
#6864 = VERTEX_POINT('',#6865);
#6865 = CARTESIAN_POINT('',(-20.01713978691,28.710871020415,4.6));
#6866 = SURFACE_CURVE('',#6867,(#6872,#6883),.PCURVE_S1.);
#6867 = CIRCLE('',#6868,0.55);
#6868 = AXIS2_PLACEMENT_3D('',#6869,#6870,#6871);
#6869 = CARTESIAN_POINT('',(-19.62767091182,29.099218796682,4.6));
#6870 = DIRECTION('',(0.,0.,-1.));
#6871 = DIRECTION('',(0.919940721187,0.392057482396,0.));
#6872 = PCURVE('',#100,#6873);
#6873 = DEFINITIONAL_REPRESENTATION('',(#6874),#6882);
#6874 = ( BOUNDED_CURVE() B_SPLINE_CURVE(2,(#6875,#6876,#6877,#6878,
#6879,#6880,#6881),.UNSPECIFIED.,.T.,.F.) B_SPLINE_CURVE_WITH_KNOTS((1,2
    ,2,2,2,1),(-2.094395102393,0.,2.094395102393,4.188790204786,
6.28318530718,8.377580409573),.UNSPECIFIED.) CURVE() 
GEOMETRIC_REPRESENTATION_ITEM() RATIONAL_B_SPLINE_CURVE((1.,0.5,1.,0.5,
1.,0.5,1.)) REPRESENTATION_ITEM('') );
#6875 = CARTESIAN_POINT('',(-19.12170351517,29.314850412));
#6876 = CARTESIAN_POINT('',(-18.74821860172,28.438489174024));
#6877 = CARTESIAN_POINT('',(-19.69391215342,28.553222370035));
#6878 = CARTESIAN_POINT('',(-20.63960570512,28.667955566047));
#6879 = CARTESIAN_POINT('',(-20.06739706687,29.429583608011));
#6880 = CARTESIAN_POINT('',(-19.49518842861,30.191211649975));
#6881 = CARTESIAN_POINT('',(-19.12170351517,29.314850412));
#6882 = ( GEOMETRIC_REPRESENTATION_CONTEXT(2) 
PARAMETRIC_REPRESENTATION_CONTEXT() REPRESENTATION_CONTEXT('2D SPACE',''
  ) );
#6883 = PCURVE('',#1916,#6884);
#6884 = DEFINITIONAL_REPRESENTATION('',(#6885),#6889);
#6885 = LINE('',#6886,#6887);
#6886 = CARTESIAN_POINT('',(-6.686052374882,-4.6));
#6887 = VECTOR('',#6888,1.);
#6888 = DIRECTION('',(1.,-0.));
#6889 = ( GEOMETRIC_REPRESENTATION_CONTEXT(2) 
PARAMETRIC_REPRESENTATION_CONTEXT() REPRESENTATION_CONTEXT('2D SPACE',''
  ) );
#6890 = ORIENTED_EDGE('',*,*,#6891,.T.);
#6891 = EDGE_CURVE('',#6864,#6892,#6894,.T.);
#6892 = VERTEX_POINT('',#6893);
#6893 = CARTESIAN_POINT('',(-21.12002459953,27.909578300556,4.6));
#6894 = SURFACE_CURVE('',#6895,(#6900,#6907),.PCURVE_S1.);
#6895 = CIRCLE('',#6896,35.);
#6896 = AXIS2_PLACEMENT_3D('',#6897,#6898,#6899);
#6897 = CARTESIAN_POINT('',(0.,0.,4.6));
#6898 = DIRECTION('',(0.,0.,1.));
#6899 = DIRECTION('',(1.,0.,0.));
#6900 = PCURVE('',#100,#6901);
#6901 = DEFINITIONAL_REPRESENTATION('',(#6902),#6906);
#6902 = CIRCLE('',#6903,35.);
#6903 = AXIS2_PLACEMENT_2D('',#6904,#6905);
#6904 = CARTESIAN_POINT('',(1.250230978322E-15,-2.32193833596E-15));
#6905 = DIRECTION('',(1.,0.));
#6906 = ( GEOMETRIC_REPRESENTATION_CONTEXT(2) 
PARAMETRIC_REPRESENTATION_CONTEXT() REPRESENTATION_CONTEXT('2D SPACE',''
  ) );
#6907 = PCURVE('',#1945,#6908);
#6908 = DEFINITIONAL_REPRESENTATION('',(#6909),#6913);
#6909 = LINE('',#6910,#6911);
#6910 = CARTESIAN_POINT('',(-0.,-4.6));
#6911 = VECTOR('',#6912,1.);
#6912 = DIRECTION('',(-1.,0.));
#6913 = ( GEOMETRIC_REPRESENTATION_CONTEXT(2) 
PARAMETRIC_REPRESENTATION_CONTEXT() REPRESENTATION_CONTEXT('2D SPACE',''
  ) );
#6914 = ORIENTED_EDGE('',*,*,#6915,.T.);
#6915 = EDGE_CURVE('',#6892,#6916,#6918,.T.);
#6916 = VERTEX_POINT('',#6917);
#6917 = CARTESIAN_POINT('',(-21.97114816096,27.244607695634,4.6));
#6918 = SURFACE_CURVE('',#6919,(#6924,#6935),.PCURVE_S1.);
#6919 = CIRCLE('',#6920,0.55);
#6920 = AXIS2_PLACEMENT_3D('',#6921,#6922,#6923);
#6921 = CARTESIAN_POINT('',(-21.60971778393,27.659177451596,4.6));
#6922 = DIRECTION('',(0.,0.,-1.));
#6923 = DIRECTION('',(0.890351244349,0.455274270837,0.));
#6924 = PCURVE('',#100,#6925);
#6925 = DEFINITIONAL_REPRESENTATION('',(#6926),#6934);
#6926 = ( BOUNDED_CURVE() B_SPLINE_CURVE(2,(#6927,#6928,#6929,#6930,
#6931,#6932,#6933),.UNSPECIFIED.,.T.,.F.) B_SPLINE_CURVE_WITH_KNOTS((1,2
    ,2,2,2,1),(-2.094395102393,0.,2.094395102393,4.188790204786,
6.28318530718,8.377580409573),.UNSPECIFIED.) CURVE() 
GEOMETRIC_REPRESENTATION_ITEM() RATIONAL_B_SPLINE_CURVE((1.,0.5,1.,0.5,
1.,0.5,1.)) REPRESENTATION_ITEM('') );
#6927 = CARTESIAN_POINT('',(-21.12002459953,27.909578300556));
#6928 = CARTESIAN_POINT('',(-20.68631760688,27.061404825069));
#6929 = CARTESIAN_POINT('',(-21.63771087979,27.109890289372));
#6930 = CARTESIAN_POINT('',(-22.58910415271,27.158375753675));
#6931 = CARTESIAN_POINT('',(-22.07141787245,27.958063764859));
#6932 = CARTESIAN_POINT('',(-21.55373159219,28.757751776043));
#6933 = CARTESIAN_POINT('',(-21.12002459953,27.909578300556));
#6934 = ( GEOMETRIC_REPRESENTATION_CONTEXT(2) 
PARAMETRIC_REPRESENTATION_CONTEXT() REPRESENTATION_CONTEXT('2D SPACE',''
  ) );
#6935 = PCURVE('',#1974,#6936);
#6936 = DEFINITIONAL_REPRESENTATION('',(#6937),#6941);
#6937 = LINE('',#6938,#6939);
#6938 = CARTESIAN_POINT('',(-6.755865544962,-4.6));
#6939 = VECTOR('',#6940,1.);
#6940 = DIRECTION('',(1.,-0.));
#6941 = ( GEOMETRIC_REPRESENTATION_CONTEXT(2) 
PARAMETRIC_REPRESENTATION_CONTEXT() REPRESENTATION_CONTEXT('2D SPACE',''
  ) );
#6942 = ORIENTED_EDGE('',*,*,#6943,.T.);
#6943 = EDGE_CURVE('',#6916,#6944,#6946,.T.);
#6944 = VERTEX_POINT('',#6945);
#6945 = CARTESIAN_POINT('',(-23.01545104703,26.368333529094,4.6));
#6946 = SURFACE_CURVE('',#6947,(#6952,#6959),.PCURVE_S1.);
#6947 = CIRCLE('',#6948,35.);
#6948 = AXIS2_PLACEMENT_3D('',#6949,#6950,#6951);
#6949 = CARTESIAN_POINT('',(0.,0.,4.6));
#6950 = DIRECTION('',(0.,0.,1.));
#6951 = DIRECTION('',(1.,0.,0.));
#6952 = PCURVE('',#100,#6953);
#6953 = DEFINITIONAL_REPRESENTATION('',(#6954),#6958);
#6954 = CIRCLE('',#6955,35.);
#6955 = AXIS2_PLACEMENT_2D('',#6956,#6957);
#6956 = CARTESIAN_POINT('',(1.250230978322E-15,-2.32193833596E-15));
#6957 = DIRECTION('',(1.,0.));
#6958 = ( GEOMETRIC_REPRESENTATION_CONTEXT(2) 
PARAMETRIC_REPRESENTATION_CONTEXT() REPRESENTATION_CONTEXT('2D SPACE',''
  ) );
#6959 = PCURVE('',#2003,#6960);
#6960 = DEFINITIONAL_REPRESENTATION('',(#6961),#6965);
#6961 = LINE('',#6962,#6963);
#6962 = CARTESIAN_POINT('',(-0.,-4.6));
#6963 = VECTOR('',#6964,1.);
#6964 = DIRECTION('',(-1.,0.));
#6965 = ( GEOMETRIC_REPRESENTATION_CONTEXT(2) 
PARAMETRIC_REPRESENTATION_CONTEXT() REPRESENTATION_CONTEXT('2D SPACE',''
  ) );
#6966 = ORIENTED_EDGE('',*,*,#6967,.T.);
#6967 = EDGE_CURVE('',#6944,#6968,#6970,.T.);
#6968 = VERTEX_POINT('',#6969);
#6969 = CARTESIAN_POINT('',(-23.81811530969,25.645611380778,4.6));
#6970 = SURFACE_CURVE('',#6971,(#6976,#6987),.PCURVE_S1.);
#6971 = CIRCLE('',#6972,0.55);
#6972 = AXIS2_PLACEMENT_3D('',#6973,#6974,#6975);
#6973 = CARTESIAN_POINT('',(-23.48648428319,26.084383374257,4.6));
#6974 = DIRECTION('',(0.,0.,-1.));
#6975 = DIRECTION('',(0.856424065747,0.516273008795,0.));
#6976 = PCURVE('',#100,#6977);
#6977 = DEFINITIONAL_REPRESENTATION('',(#6978),#6986);
#6978 = ( BOUNDED_CURVE() B_SPLINE_CURVE(2,(#6979,#6980,#6981,#6982,
#6983,#6984,#6985),.UNSPECIFIED.,.T.,.F.) B_SPLINE_CURVE_WITH_KNOTS((1,2
    ,2,2,2,1),(-2.094395102393,0.,2.094395102393,4.188790204786,
6.28318530718,8.377580409573),.UNSPECIFIED.) CURVE() 
GEOMETRIC_REPRESENTATION_ITEM() RATIONAL_B_SPLINE_CURVE((1.,0.5,1.,0.5,
1.,0.5,1.)) REPRESENTATION_ITEM('') );
#6979 = CARTESIAN_POINT('',(-23.01545104703,26.368333529094));
#6980 = CARTESIAN_POINT('',(-22.52363495204,25.55248003201));
#6981 = CARTESIAN_POINT('',(-23.47609285377,25.534481548296));
#6982 = CARTESIAN_POINT('',(-24.42855075551,25.516483064582));
#6983 = CARTESIAN_POINT('',(-23.96790894877,26.35033504538));
#6984 = CARTESIAN_POINT('',(-23.50726714203,27.184187026177));
#6985 = CARTESIAN_POINT('',(-23.01545104703,26.368333529094));
#6986 = ( GEOMETRIC_REPRESENTATION_CONTEXT(2) 
PARAMETRIC_REPRESENTATION_CONTEXT() REPRESENTATION_CONTEXT('2D SPACE',''
  ) );
#6987 = PCURVE('',#2032,#6988);
#6988 = DEFINITIONAL_REPRESENTATION('',(#6989),#6993);
#6989 = LINE('',#6990,#6991);
#6990 = CARTESIAN_POINT('',(-6.825678715042,-4.6));
#6991 = VECTOR('',#6992,1.);
#6992 = DIRECTION('',(1.,-0.));
#6993 = ( GEOMETRIC_REPRESENTATION_CONTEXT(2) 
PARAMETRIC_REPRESENTATION_CONTEXT() REPRESENTATION_CONTEXT('2D SPACE',''
  ) );
#6994 = ORIENTED_EDGE('',*,*,#6995,.T.);
#6995 = EDGE_CURVE('',#6968,#6996,#6998,.T.);
#6996 = VERTEX_POINT('',#6997);
#6997 = CARTESIAN_POINT('',(-24.79874853053,24.698624887213,4.6));
#6998 = SURFACE_CURVE('',#6999,(#7004,#7011),.PCURVE_S1.);
#6999 = CIRCLE('',#7000,35.);
#7000 = AXIS2_PLACEMENT_3D('',#7001,#7002,#7003);
#7001 = CARTESIAN_POINT('',(0.,0.,4.6));
#7002 = DIRECTION('',(0.,0.,1.));
#7003 = DIRECTION('',(1.,0.,0.));
#7004 = PCURVE('',#100,#7005);
#7005 = DEFINITIONAL_REPRESENTATION('',(#7006),#7010);
#7006 = CIRCLE('',#7007,35.);
#7007 = AXIS2_PLACEMENT_2D('',#7008,#7009);
#7008 = CARTESIAN_POINT('',(1.250230978322E-15,-2.32193833596E-15));
#7009 = DIRECTION('',(1.,0.));
#7010 = ( GEOMETRIC_REPRESENTATION_CONTEXT(2) 
PARAMETRIC_REPRESENTATION_CONTEXT() REPRESENTATION_CONTEXT('2D SPACE',''
  ) );
#7011 = PCURVE('',#2061,#7012);
#7012 = DEFINITIONAL_REPRESENTATION('',(#7013),#7017);
#7013 = LINE('',#7014,#7015);
#7014 = CARTESIAN_POINT('',(-0.,-4.6));
#7015 = VECTOR('',#7016,1.);
#7016 = DIRECTION('',(-1.,0.));
#7017 = ( GEOMETRIC_REPRESENTATION_CONTEXT(2) 
PARAMETRIC_REPRESENTATION_CONTEXT() REPRESENTATION_CONTEXT('2D SPACE',''
  ) );
#7018 = ORIENTED_EDGE('',*,*,#7019,.T.);
#7019 = EDGE_CURVE('',#6996,#7020,#7022,.T.);
#7020 = VERTEX_POINT('',#7021);
#7021 = CARTESIAN_POINT('',(-25.54904299483,23.921672225163,4.6));
#7022 = SURFACE_CURVE('',#7023,(#7028,#7039),.PCURVE_S1.);
#7023 = CIRCLE('',#7024,0.55);
#7024 = AXIS2_PLACEMENT_3D('',#7025,#7026,#7027);
#7025 = CARTESIAN_POINT('',(-25.24882699188,24.382508803111,4.6));
#7026 = DIRECTION('',(0.,0.,-1.));
#7027 = DIRECTION('',(0.818324475183,0.574756516549,0.));
#7028 = PCURVE('',#100,#7029);
#7029 = DEFINITIONAL_REPRESENTATION('',(#7030),#7038);
#7030 = ( BOUNDED_CURVE() B_SPLINE_CURVE(2,(#7031,#7032,#7033,#7034,
#7035,#7036,#7037),.UNSPECIFIED.,.T.,.F.) B_SPLINE_CURVE_WITH_KNOTS((1,2
    ,2,2,2,1),(-2.094395102393,0.,2.094395102393,4.188790204786,
6.28318530718,8.377580409573),.UNSPECIFIED.) CURVE() 
GEOMETRIC_REPRESENTATION_ITEM() RATIONAL_B_SPLINE_CURVE((1.,0.5,1.,0.5,
1.,0.5,1.)) REPRESENTATION_ITEM('') );
#7031 = CARTESIAN_POINT('',(-24.79874853053,24.698624887213));
#7032 = CARTESIAN_POINT('',(-24.25121941178,23.919066124761));
#7033 = CARTESIAN_POINT('',(-25.20010166318,23.834671379834));
#7034 = CARTESIAN_POINT('',(-26.14898391458,23.750276634907));
#7035 = CARTESIAN_POINT('',(-25.74763078193,24.614230142286));
#7036 = CARTESIAN_POINT('',(-25.34627764929,25.478183649665));
#7037 = CARTESIAN_POINT('',(-24.79874853053,24.698624887213));
#7038 = ( GEOMETRIC_REPRESENTATION_CONTEXT(2) 
PARAMETRIC_REPRESENTATION_CONTEXT() REPRESENTATION_CONTEXT('2D SPACE',''
  ) );
#7039 = PCURVE('',#2090,#7040);
#7040 = DEFINITIONAL_REPRESENTATION('',(#7041),#7045);
#7041 = LINE('',#7042,#7043);
#7042 = CARTESIAN_POINT('',(-6.895491885122,-4.6));
#7043 = VECTOR('',#7044,1.);
#7044 = DIRECTION('',(1.,-0.));
#7045 = ( GEOMETRIC_REPRESENTATION_CONTEXT(2) 
PARAMETRIC_REPRESENTATION_CONTEXT() REPRESENTATION_CONTEXT('2D SPACE',''
  ) );
#7046 = ORIENTED_EDGE('',*,*,#7047,.T.);
#7047 = EDGE_CURVE('',#7020,#7048,#7050,.T.);
#7048 = VERTEX_POINT('',#7049);
#7049 = CARTESIAN_POINT('',(-26.46122900395,22.908587027579,4.6));
#7050 = SURFACE_CURVE('',#7051,(#7056,#7063),.PCURVE_S1.);
#7051 = CIRCLE('',#7052,35.);
#7052 = AXIS2_PLACEMENT_3D('',#7053,#7054,#7055);
#7053 = CARTESIAN_POINT('',(0.,0.,4.6));
#7054 = DIRECTION('',(0.,0.,1.));
#7055 = DIRECTION('',(1.,0.,0.));
#7056 = PCURVE('',#100,#7057);
#7057 = DEFINITIONAL_REPRESENTATION('',(#7058),#7062);
#7058 = CIRCLE('',#7059,35.);
#7059 = AXIS2_PLACEMENT_2D('',#7060,#7061);
#7060 = CARTESIAN_POINT('',(1.250230978322E-15,-2.32193833596E-15));
#7061 = DIRECTION('',(1.,0.));
#7062 = ( GEOMETRIC_REPRESENTATION_CONTEXT(2) 
PARAMETRIC_REPRESENTATION_CONTEXT() REPRESENTATION_CONTEXT('2D SPACE',''
  ) );
#7063 = PCURVE('',#2119,#7064);
#7064 = DEFINITIONAL_REPRESENTATION('',(#7065),#7069);
#7065 = LINE('',#7066,#7067);
#7066 = CARTESIAN_POINT('',(-0.,-4.6));
#7067 = VECTOR('',#7068,1.);
#7068 = DIRECTION('',(-1.,0.));
#7069 = ( GEOMETRIC_REPRESENTATION_CONTEXT(2) 
PARAMETRIC_REPRESENTATION_CONTEXT() REPRESENTATION_CONTEXT('2D SPACE',''
  ) );
#7070 = ORIENTED_EDGE('',*,*,#7071,.T.);
#7071 = EDGE_CURVE('',#7048,#7072,#7074,.T.);
#7072 = VERTEX_POINT('',#7073);
#7073 = CARTESIAN_POINT('',(-27.15549831067,22.081189087065,4.6));
#7074 = SURFACE_CURVE('',#7075,(#7080,#7091),.PCURVE_S1.);
#7075 = CIRCLE('',#7076,0.55);
#7076 = AXIS2_PLACEMENT_3D('',#7077,#7078,#7079);
#7077 = CARTESIAN_POINT('',(-26.88815995347,22.561845099998,4.6));
#7078 = DIRECTION('',(0.,0.,-1.));
#7079 = DIRECTION('',(0.776238090035,0.630439868329,0.));
#7080 = PCURVE('',#100,#7081);
#7081 = DEFINITIONAL_REPRESENTATION('',(#7082),#7090);
#7082 = ( BOUNDED_CURVE() B_SPLINE_CURVE(2,(#7083,#7084,#7085,#7086,
#7087,#7088,#7089),.UNSPECIFIED.,.T.,.F.) B_SPLINE_CURVE_WITH_KNOTS((1,2
    ,2,2,2,1),(-2.094395102393,0.,2.094395102393,4.188790204786,
6.28318530718,8.377580409573),.UNSPECIFIED.) CURVE() 
GEOMETRIC_REPRESENTATION_ITEM() RATIONAL_B_SPLINE_CURVE((1.,0.5,1.,0.5,
1.,0.5,1.)) REPRESENTATION_ITEM('') );
#7083 = CARTESIAN_POINT('',(-26.46122900395,22.908587027579));
#7084 = CARTESIAN_POINT('',(-25.86065436827,22.169120931688));
#7085 = CARTESIAN_POINT('',(-26.80133811039,22.018741088262));
#7086 = CARTESIAN_POINT('',(-27.74202185251,21.868361244835));
#7087 = CARTESIAN_POINT('',(-27.40191274607,22.758207184152));
#7088 = CARTESIAN_POINT('',(-27.06180363964,23.648053123469));
#7089 = CARTESIAN_POINT('',(-26.46122900395,22.908587027579));
#7090 = ( GEOMETRIC_REPRESENTATION_CONTEXT(2) 
PARAMETRIC_REPRESENTATION_CONTEXT() REPRESENTATION_CONTEXT('2D SPACE',''
  ) );
#7091 = PCURVE('',#2148,#7092);
#7092 = DEFINITIONAL_REPRESENTATION('',(#7093),#7097);
#7093 = LINE('',#7094,#7095);
#7094 = CARTESIAN_POINT('',(-6.965305055202,-4.6));
#7095 = VECTOR('',#7096,1.);
#7096 = DIRECTION('',(1.,-0.));
#7097 = ( GEOMETRIC_REPRESENTATION_CONTEXT(2) 
PARAMETRIC_REPRESENTATION_CONTEXT() REPRESENTATION_CONTEXT('2D SPACE',''
  ) );
#7098 = ORIENTED_EDGE('',*,*,#7099,.T.);
#7099 = EDGE_CURVE('',#7072,#7100,#7102,.T.);
#7100 = VERTEX_POINT('',#7101);
#7101 = CARTESIAN_POINT('',(-27.99479302954,21.006940834709,4.6));
#7102 = SURFACE_CURVE('',#7103,(#7108,#7115),.PCURVE_S1.);
#7103 = CIRCLE('',#7104,35.);
#7104 = AXIS2_PLACEMENT_3D('',#7105,#7106,#7107);
#7105 = CARTESIAN_POINT('',(0.,0.,4.6));
#7106 = DIRECTION('',(0.,0.,1.));
#7107 = DIRECTION('',(1.,0.,0.));
#7108 = PCURVE('',#100,#7109);
#7109 = DEFINITIONAL_REPRESENTATION('',(#7110),#7114);
#7110 = CIRCLE('',#7111,35.);
#7111 = AXIS2_PLACEMENT_2D('',#7112,#7113);
#7112 = CARTESIAN_POINT('',(1.250230978322E-15,-2.32193833596E-15));
#7113 = DIRECTION('',(1.,0.));
#7114 = ( GEOMETRIC_REPRESENTATION_CONTEXT(2) 
PARAMETRIC_REPRESENTATION_CONTEXT() REPRESENTATION_CONTEXT('2D SPACE',''
  ) );
#7115 = PCURVE('',#2177,#7116);
#7116 = DEFINITIONAL_REPRESENTATION('',(#7117),#7121);
#7117 = LINE('',#7118,#7119);
#7118 = CARTESIAN_POINT('',(-0.,-4.6));
#7119 = VECTOR('',#7120,1.);
#7120 = DIRECTION('',(-1.,0.));
#7121 = ( GEOMETRIC_REPRESENTATION_CONTEXT(2) 
PARAMETRIC_REPRESENTATION_CONTEXT() REPRESENTATION_CONTEXT('2D SPACE',''
  ) );
#7122 = ORIENTED_EDGE('',*,*,#7123,.T.);
#7123 = EDGE_CURVE('',#7100,#7124,#7126,.T.);
#7124 = VERTEX_POINT('',#7125);
#7125 = CARTESIAN_POINT('',(-28.62965476841,20.133128615328,4.6));
#7126 = SURFACE_CURVE('',#7127,(#7132,#7143),.PCURVE_S1.);
#7127 = CIRCLE('',#7128,0.55);
#7128 = AXIS2_PLACEMENT_3D('',#7129,#7130,#7131);
#7129 = CARTESIAN_POINT('',(-28.39649650256,20.631262355466,4.6));
#7130 = DIRECTION('',(0.,0.,-1.));
#7131 = DIRECTION('',(0.730369950939,0.683051780443,0.));
#7132 = PCURVE('',#100,#7133);
#7133 = DEFINITIONAL_REPRESENTATION('',(#7134),#7142);
#7134 = ( BOUNDED_CURVE() B_SPLINE_CURVE(2,(#7135,#7136,#7137,#7138,
#7139,#7140,#7141),.UNSPECIFIED.,.T.,.F.) B_SPLINE_CURVE_WITH_KNOTS((1,2
    ,2,2,2,1),(-2.094395102393,0.,2.094395102393,4.188790204786,
6.28318530718,8.377580409573),.UNSPECIFIED.) CURVE() 
GEOMETRIC_REPRESENTATION_ITEM() RATIONAL_B_SPLINE_CURVE((1.,0.5,1.,0.5,
1.,0.5,1.)) REPRESENTATION_ITEM('') );
#7135 = CARTESIAN_POINT('',(-27.99479302954,21.006940834709));
#7136 = CARTESIAN_POINT('',(-27.34409881618,20.311170009868));
#7137 = CARTESIAN_POINT('',(-28.27200113238,20.095537703424));
#7138 = CARTESIAN_POINT('',(-29.19990344859,19.879905396979));
#7139 = CARTESIAN_POINT('',(-28.92269534574,20.791308528265));
#7140 = CARTESIAN_POINT('',(-28.6454872429,21.70271165955));
#7141 = CARTESIAN_POINT('',(-27.99479302954,21.006940834709));
#7142 = ( GEOMETRIC_REPRESENTATION_CONTEXT(2) 
PARAMETRIC_REPRESENTATION_CONTEXT() REPRESENTATION_CONTEXT('2D SPACE',''
  ) );
#7143 = PCURVE('',#2206,#7144);
#7144 = DEFINITIONAL_REPRESENTATION('',(#7145),#7149);
#7145 = LINE('',#7146,#7147);
#7146 = CARTESIAN_POINT('',(-7.035118225281,-4.6));
#7147 = VECTOR('',#7148,1.);
#7148 = DIRECTION('',(1.,-0.));
#7149 = ( GEOMETRIC_REPRESENTATION_CONTEXT(2) 
PARAMETRIC_REPRESENTATION_CONTEXT() REPRESENTATION_CONTEXT('2D SPACE',''
  ) );
#7150 = ORIENTED_EDGE('',*,*,#7151,.T.);
#7151 = EDGE_CURVE('',#7124,#7152,#7154,.T.);
#7152 = VERTEX_POINT('',#7153);
#7153 = CARTESIAN_POINT('',(-29.39196923751,19.002950937703,4.6));
#7154 = SURFACE_CURVE('',#7155,(#7160,#7167),.PCURVE_S1.);
#7155 = CIRCLE('',#7156,35.);
#7156 = AXIS2_PLACEMENT_3D('',#7157,#7158,#7159);
#7157 = CARTESIAN_POINT('',(0.,0.,4.6));
#7158 = DIRECTION('',(0.,0.,1.));
#7159 = DIRECTION('',(1.,0.,0.));
#7160 = PCURVE('',#100,#7161);
#7161 = DEFINITIONAL_REPRESENTATION('',(#7162),#7166);
#7162 = CIRCLE('',#7163,35.);
#7163 = AXIS2_PLACEMENT_2D('',#7164,#7165);
#7164 = CARTESIAN_POINT('',(1.250230978322E-15,-2.32193833596E-15));
#7165 = DIRECTION('',(1.,0.));
#7166 = ( GEOMETRIC_REPRESENTATION_CONTEXT(2) 
PARAMETRIC_REPRESENTATION_CONTEXT() REPRESENTATION_CONTEXT('2D SPACE',''
  ) );
#7167 = PCURVE('',#2235,#7168);
#7168 = DEFINITIONAL_REPRESENTATION('',(#7169),#7173);
#7169 = LINE('',#7170,#7171);
#7170 = CARTESIAN_POINT('',(-0.,-4.6));
#7171 = VECTOR('',#7172,1.);
#7172 = DIRECTION('',(-1.,0.));
#7173 = ( GEOMETRIC_REPRESENTATION_CONTEXT(2) 
PARAMETRIC_REPRESENTATION_CONTEXT() REPRESENTATION_CONTEXT('2D SPACE',''
  ) );
#7174 = ORIENTED_EDGE('',*,*,#7175,.T.);
#7175 = EDGE_CURVE('',#7152,#7176,#7178,.T.);
#7176 = VERTEX_POINT('',#7177);
#7177 = CARTESIAN_POINT('',(-29.96433042596,18.086981564752,4.6));
#7178 = SURFACE_CURVE('',#7179,(#7184,#7195),.PCURVE_S1.);
#7179 = CIRCLE('',#7180,0.55);
#7180 = AXIS2_PLACEMENT_3D('',#7181,#7182,#7183);
#7181 = CARTESIAN_POINT('',(-29.76648817509,18.600166174585,4.6));
#7182 = DIRECTION('',(0.,0.,-1.));
#7183 = DIRECTION('',(0.680943522858,0.732335932942,0.));
#7184 = PCURVE('',#100,#7185);
#7185 = DEFINITIONAL_REPRESENTATION('',(#7186),#7194);
#7186 = ( BOUNDED_CURVE() B_SPLINE_CURVE(2,(#7187,#7188,#7189,#7190,
#7191,#7192,#7193),.UNSPECIFIED.,.T.,.F.) B_SPLINE_CURVE_WITH_KNOTS((1,2
    ,2,2,2,1),(-2.094395102393,0.,2.094395102393,4.188790204786,
6.28318530718,8.377580409573),.UNSPECIFIED.) CURVE() 
GEOMETRIC_REPRESENTATION_ITEM() RATIONAL_B_SPLINE_CURVE((1.,0.5,1.,0.5,
1.,0.5,1.)) REPRESENTATION_ITEM('') );
#7187 = CARTESIAN_POINT('',(-29.39196923751,19.002950937703));
#7188 = CARTESIAN_POINT('',(-28.69432556328,18.354265109432));
#7189 = CARTESIAN_POINT('',(-29.60492580675,18.074430878891));
#7190 = CARTESIAN_POINT('',(-30.51552605023,17.79459664835));
#7191 = CARTESIAN_POINT('',(-30.30256948099,18.723116707162));
#7192 = CARTESIAN_POINT('',(-30.08961291175,19.651636765975));
#7193 = CARTESIAN_POINT('',(-29.39196923751,19.002950937703));
#7194 = ( GEOMETRIC_REPRESENTATION_CONTEXT(2) 
PARAMETRIC_REPRESENTATION_CONTEXT() REPRESENTATION_CONTEXT('2D SPACE',''
  ) );
#7195 = PCURVE('',#2264,#7196);
#7196 = DEFINITIONAL_REPRESENTATION('',(#7197),#7201);
#7197 = LINE('',#7198,#7199);
#7198 = CARTESIAN_POINT('',(-7.104931395361,-4.6));
#7199 = VECTOR('',#7200,1.);
#7200 = DIRECTION('',(1.,-0.));
#7201 = ( GEOMETRIC_REPRESENTATION_CONTEXT(2) 
PARAMETRIC_REPRESENTATION_CONTEXT() REPRESENTATION_CONTEXT('2D SPACE',''
  ) );
#7202 = ORIENTED_EDGE('',*,*,#7203,.T.);
#7203 = EDGE_CURVE('',#7176,#7204,#7206,.T.);
#7204 = VERTEX_POINT('',#7205);
#7205 = CARTESIAN_POINT('',(-30.64595072583,16.906380573899,4.6));
#7206 = SURFACE_CURVE('',#7207,(#7212,#7219),.PCURVE_S1.);
#7207 = CIRCLE('',#7208,35.);
#7208 = AXIS2_PLACEMENT_3D('',#7209,#7210,#7211);
#7209 = CARTESIAN_POINT('',(0.,0.,4.6));
#7210 = DIRECTION('',(0.,0.,1.));
#7211 = DIRECTION('',(1.,0.,0.));
#7212 = PCURVE('',#100,#7213);
#7213 = DEFINITIONAL_REPRESENTATION('',(#7214),#7218);
#7214 = CIRCLE('',#7215,35.);
#7215 = AXIS2_PLACEMENT_2D('',#7216,#7217);
#7216 = CARTESIAN_POINT('',(1.250230978322E-15,-2.32193833596E-15));
#7217 = DIRECTION('',(1.,0.));
#7218 = ( GEOMETRIC_REPRESENTATION_CONTEXT(2) 
PARAMETRIC_REPRESENTATION_CONTEXT() REPRESENTATION_CONTEXT('2D SPACE',''
  ) );
#7219 = PCURVE('',#2293,#7220);
#7220 = DEFINITIONAL_REPRESENTATION('',(#7221),#7225);
#7221 = LINE('',#7222,#7223);
#7222 = CARTESIAN_POINT('',(-0.,-4.6));
#7223 = VECTOR('',#7224,1.);
#7224 = DIRECTION('',(-1.,0.));
#7225 = ( GEOMETRIC_REPRESENTATION_CONTEXT(2) 
PARAMETRIC_REPRESENTATION_CONTEXT() REPRESENTATION_CONTEXT('2D SPACE',''
  ) );
#7226 = ORIENTED_EDGE('',*,*,#7227,.T.);
#7227 = EDGE_CURVE('',#7204,#7228,#7230,.T.);
#7228 = VERTEX_POINT('',#7229);
#7229 = CARTESIAN_POINT('',(-31.15302287768,15.95271655809,4.6));
#7230 = SURFACE_CURVE('',#7231,(#7236,#7247),.PCURVE_S1.);
#7231 = CIRCLE('',#7232,0.55);
#7232 = AXIS2_PLACEMENT_3D('',#7233,#7234,#7235);
#7233 = CARTESIAN_POINT('',(-30.99146050934,16.478451853785,4.6));
#7234 = DIRECTION('',(0.,0.,-1.));
#7235 = DIRECTION('',(0.628199606382,0.77805221839,0.));
#7236 = PCURVE('',#100,#7237);
#7237 = DEFINITIONAL_REPRESENTATION('',(#7238),#7246);
#7238 = ( BOUNDED_CURVE() B_SPLINE_CURVE(2,(#7239,#7240,#7241,#7242,
#7243,#7244,#7245),.UNSPECIFIED.,.T.,.F.) B_SPLINE_CURVE_WITH_KNOTS((1,2
    ,2,2,2,1),(-2.094395102393,0.,2.094395102393,4.188790204786,
6.28318530718,8.377580409573),.UNSPECIFIED.) CURVE() 
GEOMETRIC_REPRESENTATION_ITEM() RATIONAL_B_SPLINE_CURVE((1.,0.5,1.,0.5,
1.,0.5,1.)) REPRESENTATION_ITEM('') );
#7239 = CARTESIAN_POINT('',(-30.64595072583,16.906380573899));
#7240 = CARTESIAN_POINT('',(-29.90475644058,16.307940074347));
#7241 = CARTESIAN_POINT('',(-30.79361825847,15.965267243952));
#7242 = CARTESIAN_POINT('',(-31.68248007636,15.622594413556));
#7243 = CARTESIAN_POINT('',(-31.53481254373,16.563707743504));
#7244 = CARTESIAN_POINT('',(-31.38714501109,17.504821073451));
#7245 = CARTESIAN_POINT('',(-30.64595072583,16.906380573899));
#7246 = ( GEOMETRIC_REPRESENTATION_CONTEXT(2) 
PARAMETRIC_REPRESENTATION_CONTEXT() REPRESENTATION_CONTEXT('2D SPACE',''
  ) );
#7247 = PCURVE('',#2322,#7248);
#7248 = DEFINITIONAL_REPRESENTATION('',(#7249),#7253);
#7249 = LINE('',#7250,#7251);
#7250 = CARTESIAN_POINT('',(-7.174744565441,-4.6));
#7251 = VECTOR('',#7252,1.);
#7252 = DIRECTION('',(1.,-0.));
#7253 = ( GEOMETRIC_REPRESENTATION_CONTEXT(2) 
PARAMETRIC_REPRESENTATION_CONTEXT() REPRESENTATION_CONTEXT('2D SPACE',''
  ) );
#7254 = ORIENTED_EDGE('',*,*,#7255,.T.);
#7255 = EDGE_CURVE('',#7228,#7256,#7258,.T.);
#7256 = VERTEX_POINT('',#7257);
#7257 = CARTESIAN_POINT('',(-31.75062822274,14.727444023362,4.6));
#7258 = SURFACE_CURVE('',#7259,(#7264,#7271),.PCURVE_S1.);
#7259 = CIRCLE('',#7260,35.);
#7260 = AXIS2_PLACEMENT_3D('',#7261,#7262,#7263);
#7261 = CARTESIAN_POINT('',(0.,0.,4.6));
#7262 = DIRECTION('',(0.,0.,1.));
#7263 = DIRECTION('',(1.,0.,0.));
#7264 = PCURVE('',#100,#7265);
#7265 = DEFINITIONAL_REPRESENTATION('',(#7266),#7270);
#7266 = CIRCLE('',#7267,35.);
#7267 = AXIS2_PLACEMENT_2D('',#7268,#7269);
#7268 = CARTESIAN_POINT('',(1.250230978322E-15,-2.32193833596E-15));
#7269 = DIRECTION('',(1.,0.));
#7270 = ( GEOMETRIC_REPRESENTATION_CONTEXT(2) 
PARAMETRIC_REPRESENTATION_CONTEXT() REPRESENTATION_CONTEXT('2D SPACE',''
  ) );
#7271 = PCURVE('',#2351,#7272);
#7272 = DEFINITIONAL_REPRESENTATION('',(#7273),#7277);
#7273 = LINE('',#7274,#7275);
#7274 = CARTESIAN_POINT('',(-0.,-4.6));
#7275 = VECTOR('',#7276,1.);
#7276 = DIRECTION('',(-1.,0.));
#7277 = ( GEOMETRIC_REPRESENTATION_CONTEXT(2) 
PARAMETRIC_REPRESENTATION_CONTEXT() REPRESENTATION_CONTEXT('2D SPACE',''
  ) );
#7278 = ORIENTED_EDGE('',*,*,#7279,.T.);
#7279 = EDGE_CURVE('',#7256,#7280,#7282,.T.);
#7280 = VERTEX_POINT('',#7281);
#7281 = CARTESIAN_POINT('',(-32.18994093342,13.740731519918,4.6));
#7282 = SURFACE_CURVE('',#7283,(#7288,#7299),.PCURVE_S1.);
#7283 = CIRCLE('',#7284,0.55);
#7284 = AXIS2_PLACEMENT_3D('',#7285,#7286,#7287);
#7285 = CARTESIAN_POINT('',(-32.06544556325,14.276456171961,4.6));
#7286 = DIRECTION('',(0.,0.,-1.));
#7287 = DIRECTION('',(0.572395164571,0.819977911639,0.));
#7288 = PCURVE('',#100,#7289);
#7289 = DEFINITIONAL_REPRESENTATION('',(#7290),#7298);
#7290 = ( BOUNDED_CURVE() B_SPLINE_CURVE(2,(#7291,#7292,#7293,#7294,
#7295,#7296,#7297),.UNSPECIFIED.,.T.,.F.) B_SPLINE_CURVE_WITH_KNOTS((1,2
    ,2,2,2,1),(-2.094395102393,0.,2.094395102393,4.188790204786,
6.28318530718,8.377580409573),.UNSPECIFIED.) CURVE() 
GEOMETRIC_REPRESENTATION_ITEM() RATIONAL_B_SPLINE_CURVE((1.,0.5,1.,0.5,
1.,0.5,1.)) REPRESENTATION_ITEM('') );
#7291 = CARTESIAN_POINT('',(-31.75062822274,14.727444023362));
#7292 = CARTESIAN_POINT('',(-30.96949435051,14.182164394488));
#7293 = CARTESIAN_POINT('',(-31.8322872974,13.778322431823));
#7294 = CARTESIAN_POINT('',(-32.69508024428,13.374480469158));
#7295 = CARTESIAN_POINT('',(-32.61342116962,14.323602060697));
#7296 = CARTESIAN_POINT('',(-32.53176209496,15.272723652236));
#7297 = CARTESIAN_POINT('',(-31.75062822274,14.727444023362));
#7298 = ( GEOMETRIC_REPRESENTATION_CONTEXT(2) 
PARAMETRIC_REPRESENTATION_CONTEXT() REPRESENTATION_CONTEXT('2D SPACE',''
  ) );
#7299 = PCURVE('',#2380,#7300);
#7300 = DEFINITIONAL_REPRESENTATION('',(#7301),#7305);
#7301 = LINE('',#7302,#7303);
#7302 = CARTESIAN_POINT('',(-7.244557735521,-4.6));
#7303 = VECTOR('',#7304,1.);
#7304 = DIRECTION('',(1.,-0.));
#7305 = ( GEOMETRIC_REPRESENTATION_CONTEXT(2) 
PARAMETRIC_REPRESENTATION_CONTEXT() REPRESENTATION_CONTEXT('2D SPACE',''
  ) );
#7306 = ORIENTED_EDGE('',*,*,#7307,.T.);
#7307 = EDGE_CURVE('',#7280,#7308,#7310,.T.);
#7308 = VERTEX_POINT('',#7309);
#7309 = CARTESIAN_POINT('',(-32.7006198505,12.476756845941,4.6));
#7310 = SURFACE_CURVE('',#7311,(#7316,#7323),.PCURVE_S1.);
#7311 = CIRCLE('',#7312,35.);
#7312 = AXIS2_PLACEMENT_3D('',#7313,#7314,#7315);
#7313 = CARTESIAN_POINT('',(0.,0.,4.6));
#7314 = DIRECTION('',(0.,0.,1.));
#7315 = DIRECTION('',(1.,0.,0.));
#7316 = PCURVE('',#100,#7317);
#7317 = DEFINITIONAL_REPRESENTATION('',(#7318),#7322);
#7318 = CIRCLE('',#7319,35.);
#7319 = AXIS2_PLACEMENT_2D('',#7320,#7321);
#7320 = CARTESIAN_POINT('',(1.250230978322E-15,-2.32193833596E-15));
#7321 = DIRECTION('',(1.,0.));
#7322 = ( GEOMETRIC_REPRESENTATION_CONTEXT(2) 
PARAMETRIC_REPRESENTATION_CONTEXT() REPRESENTATION_CONTEXT('2D SPACE',''
  ) );
#7323 = PCURVE('',#2409,#7324);
#7324 = DEFINITIONAL_REPRESENTATION('',(#7325),#7329);
#7325 = LINE('',#7326,#7327);
#7326 = CARTESIAN_POINT('',(-0.,-4.6));
#7327 = VECTOR('',#7328,1.);
#7328 = DIRECTION('',(-1.,0.));
#7329 = ( GEOMETRIC_REPRESENTATION_CONTEXT(2) 
PARAMETRIC_REPRESENTATION_CONTEXT() REPRESENTATION_CONTEXT('2D SPACE',''
  ) );
#7330 = ORIENTED_EDGE('',*,*,#7331,.T.);
#7331 = EDGE_CURVE('',#7308,#7332,#7334,.T.);
#7332 = VERTEX_POINT('',#7333);
#7333 = CARTESIAN_POINT('',(-33.07003283266,11.461803018995,4.6));
#7334 = SURFACE_CURVE('',#7335,(#7340,#7351),.PCURVE_S1.);
#7335 = CIRCLE('',#7336,0.55);
#7336 = AXIS2_PLACEMENT_3D('',#7337,#7338,#7339);
#7337 = CARTESIAN_POINT('',(-32.98321098958,12.004907030731,4.6));
#7338 = DIRECTION('',(0.,0.,-1.));
#7339 = DIRECTION('',(0.513802071054,0.857908754927,0.));
#7340 = PCURVE('',#100,#7341);
#7341 = DEFINITIONAL_REPRESENTATION('',(#7342),#7350);
#7342 = ( BOUNDED_CURVE() B_SPLINE_CURVE(2,(#7343,#7344,#7345,#7346,
#7347,#7348,#7349),.UNSPECIFIED.,.T.,.F.) B_SPLINE_CURVE_WITH_KNOTS((1,2
    ,2,2,2,1),(-2.094395102393,0.,2.094395102393,4.188790204786,
6.28318530718,8.377580409573),.UNSPECIFIED.) CURVE() 
GEOMETRIC_REPRESENTATION_ITEM() RATIONAL_B_SPLINE_CURVE((1.,0.5,1.,0.5,
1.,0.5,1.)) REPRESENTATION_ITEM('') );
#7343 = CARTESIAN_POINT('',(-32.7006198505,12.476756845941));
#7344 = CARTESIAN_POINT('',(-31.88335199702,11.987294635286));
#7345 = CARTESIAN_POINT('',(-32.71587263238,11.524251017798));
#7346 = CARTESIAN_POINT('',(-33.54839326774,11.061207400311));
#7347 = CARTESIAN_POINT('',(-33.53314048586,12.013713228454));
#7348 = CARTESIAN_POINT('',(-33.51788770399,12.966219056596));
#7349 = CARTESIAN_POINT('',(-32.7006198505,12.476756845941));
#7350 = ( GEOMETRIC_REPRESENTATION_CONTEXT(2) 
PARAMETRIC_REPRESENTATION_CONTEXT() REPRESENTATION_CONTEXT('2D SPACE',''
  ) );
#7351 = PCURVE('',#2438,#7352);
#7352 = DEFINITIONAL_REPRESENTATION('',(#7353),#7357);
#7353 = LINE('',#7354,#7355);
#7354 = CARTESIAN_POINT('',(-7.3143709056,-4.6));
#7355 = VECTOR('',#7356,1.);
#7356 = DIRECTION('',(1.,-0.));
#7357 = ( GEOMETRIC_REPRESENTATION_CONTEXT(2) 
PARAMETRIC_REPRESENTATION_CONTEXT() REPRESENTATION_CONTEXT('2D SPACE',''
  ) );
#7358 = ORIENTED_EDGE('',*,*,#7359,.T.);
#7359 = EDGE_CURVE('',#7332,#7360,#7362,.T.);
#7360 = VERTEX_POINT('',#7361);
#7361 = CARTESIAN_POINT('',(-33.49129734541,10.165284163325,4.6));
#7362 = SURFACE_CURVE('',#7363,(#7368,#7375),.PCURVE_S1.);
#7363 = CIRCLE('',#7364,35.);
#7364 = AXIS2_PLACEMENT_3D('',#7365,#7366,#7367);
#7365 = CARTESIAN_POINT('',(0.,0.,4.6));
#7366 = DIRECTION('',(0.,0.,1.));
#7367 = DIRECTION('',(1.,0.,0.));
#7368 = PCURVE('',#100,#7369);
#7369 = DEFINITIONAL_REPRESENTATION('',(#7370),#7374);
#7370 = CIRCLE('',#7371,35.);
#7371 = AXIS2_PLACEMENT_2D('',#7372,#7373);
#7372 = CARTESIAN_POINT('',(1.250230978322E-15,-2.32193833596E-15));
#7373 = DIRECTION('',(1.,0.));
#7374 = ( GEOMETRIC_REPRESENTATION_CONTEXT(2) 
PARAMETRIC_REPRESENTATION_CONTEXT() REPRESENTATION_CONTEXT('2D SPACE',''
  ) );
#7375 = PCURVE('',#2467,#7376);
#7376 = DEFINITIONAL_REPRESENTATION('',(#7377),#7381);
#7377 = LINE('',#7378,#7379);
#7378 = CARTESIAN_POINT('',(-0.,-4.6));
#7379 = VECTOR('',#7380,1.);
#7380 = DIRECTION('',(-1.,0.));
#7381 = ( GEOMETRIC_REPRESENTATION_CONTEXT(2) 
PARAMETRIC_REPRESENTATION_CONTEXT() REPRESENTATION_CONTEXT('2D SPACE',''
  ) );
#7382 = ORIENTED_EDGE('',*,*,#7383,.T.);
#7383 = EDGE_CURVE('',#7360,#7384,#7386,.T.);
#7384 = VERTEX_POINT('',#7385);
#7385 = CARTESIAN_POINT('',(-33.78901085613,9.1270337659,4.6));
#7386 = SURFACE_CURVE('',#7387,(#7392,#7403),.PCURVE_S1.);
#7387 = CIRCLE('',#7388,0.55);
#7388 = AXIS2_PLACEMENT_3D('',#7389,#7390,#7391);
#7389 = CARTESIAN_POINT('',(-33.74028552743,9.674871189177,4.6));
#7390 = DIRECTION('',(0.,0.,-1.));
#7391 = DIRECTION('',(0.452705785495,0.891659952997,0.));
#7392 = PCURVE('',#100,#7393);
#7393 = DEFINITIONAL_REPRESENTATION('',(#7394),#7402);
#7394 = ( BOUNDED_CURVE() B_SPLINE_CURVE(2,(#7395,#7396,#7397,#7398,
#7399,#7400,#7401),.UNSPECIFIED.,.T.,.F.) B_SPLINE_CURVE_WITH_KNOTS((1,2
    ,2,2,2,1),(-2.094395102393,0.,2.094395102393,4.188790204786,
6.28318530718,8.377580409573),.UNSPECIFIED.) CURVE() 
GEOMETRIC_REPRESENTATION_ITEM() RATIONAL_B_SPLINE_CURVE((1.,0.5,1.,0.5,
1.,0.5,1.)) REPRESENTATION_ITEM('') );
#7395 = CARTESIAN_POINT('',(-33.49129734541,10.165284163325));
#7396 = CARTESIAN_POINT('',(-32.64187715749,9.734023981578));
#7397 = CARTESIAN_POINT('',(-33.44006952448,9.214034611229));
#7398 = CARTESIAN_POINT('',(-34.23826189148,8.69404524088));
#7399 = CARTESIAN_POINT('',(-34.2894897124,9.645294792976));
#7400 = CARTESIAN_POINT('',(-34.34071753332,10.596544345072));
#7401 = CARTESIAN_POINT('',(-33.49129734541,10.165284163325));
#7402 = ( GEOMETRIC_REPRESENTATION_CONTEXT(2) 
PARAMETRIC_REPRESENTATION_CONTEXT() REPRESENTATION_CONTEXT('2D SPACE',''
  ) );
#7403 = PCURVE('',#2496,#7404);
#7404 = DEFINITIONAL_REPRESENTATION('',(#7405),#7409);
#7405 = LINE('',#7406,#7407);
#7406 = CARTESIAN_POINT('',(-7.38418407568,-4.6));
#7407 = VECTOR('',#7408,1.);
#7408 = DIRECTION('',(1.,-0.));
#7409 = ( GEOMETRIC_REPRESENTATION_CONTEXT(2) 
PARAMETRIC_REPRESENTATION_CONTEXT() REPRESENTATION_CONTEXT('2D SPACE',''
  ) );
#7410 = ORIENTED_EDGE('',*,*,#7411,.T.);
#7411 = EDGE_CURVE('',#7384,#7412,#7414,.T.);
#7412 = VERTEX_POINT('',#7413);
#7413 = CARTESIAN_POINT('',(-34.11880860618,7.804287238077,4.6));
#7414 = SURFACE_CURVE('',#7415,(#7420,#7427),.PCURVE_S1.);
#7415 = CIRCLE('',#7416,35.);
#7416 = AXIS2_PLACEMENT_3D('',#7417,#7418,#7419);
#7417 = CARTESIAN_POINT('',(0.,0.,4.6));
#7418 = DIRECTION('',(0.,0.,1.));
#7419 = DIRECTION('',(1.,0.,0.));
#7420 = PCURVE('',#100,#7421);
#7421 = DEFINITIONAL_REPRESENTATION('',(#7422),#7426);
#7422 = CIRCLE('',#7423,35.);
#7423 = AXIS2_PLACEMENT_2D('',#7424,#7425);
#7424 = CARTESIAN_POINT('',(1.250230978322E-15,-2.32193833596E-15));
#7425 = DIRECTION('',(1.,0.));
#7426 = ( GEOMETRIC_REPRESENTATION_CONTEXT(2) 
PARAMETRIC_REPRESENTATION_CONTEXT() REPRESENTATION_CONTEXT('2D SPACE',''
  ) );
#7427 = PCURVE('',#2525,#7428);
#7428 = DEFINITIONAL_REPRESENTATION('',(#7429),#7433);
#7429 = LINE('',#7430,#7431);
#7430 = CARTESIAN_POINT('',(-0.,-4.6));
#7431 = VECTOR('',#7432,1.);
#7432 = DIRECTION('',(-1.,0.));
#7433 = ( GEOMETRIC_REPRESENTATION_CONTEXT(2) 
PARAMETRIC_REPRESENTATION_CONTEXT() REPRESENTATION_CONTEXT('2D SPACE',''
  ) );
#7434 = ORIENTED_EDGE('',*,*,#7435,.T.);
#7435 = EDGE_CURVE('',#7412,#7436,#7438,.T.);
#7436 = VERTEX_POINT('',#7437);
#7437 = CARTESIAN_POINT('',(-34.34337221517,6.747798521743,4.6));
#7438 = SURFACE_CURVE('',#7439,(#7444,#7455),.PCURVE_S1.);
#7439 = CIRCLE('',#7440,0.55);
#7440 = AXIS2_PLACEMENT_3D('',#7441,#7442,#7443);
#7441 = CARTESIAN_POINT('',(-34.33298078575,7.297700347703,4.6));
#7442 = DIRECTION('',(0.,0.,-1.));
#7443 = DIRECTION('',(0.389403962855,0.921067073406,0.));
#7444 = PCURVE('',#100,#7445);
#7445 = DEFINITIONAL_REPRESENTATION('',(#7446),#7454);
#7446 = ( BOUNDED_CURVE() B_SPLINE_CURVE(2,(#7447,#7448,#7449,#7450,
#7451,#7452,#7453),.UNSPECIFIED.,.T.,.F.) B_SPLINE_CURVE_WITH_KNOTS((1,2
    ,2,2,2,1),(-2.094395102393,0.,2.094395102393,4.188790204786,
6.28318530718,8.377580409573),.UNSPECIFIED.) CURVE() 
GEOMETRIC_REPRESENTATION_ITEM() RATIONAL_B_SPLINE_CURVE((1.,0.5,1.,0.5,
1.,0.5,1.)) REPRESENTATION_ITEM('') );
#7447 = CARTESIAN_POINT('',(-34.11880860618,7.804287238077));
#7448 = CARTESIAN_POINT('',(-33.24137437361,7.433330141494));
#7449 = CARTESIAN_POINT('',(-34.00134975925,6.858928354225));
#7450 = CARTESIAN_POINT('',(-34.76132514489,6.284526566956));
#7451 = CARTESIAN_POINT('',(-34.87878399182,7.229885450808));
#7452 = CARTESIAN_POINT('',(-34.99624283876,8.17524433466));
#7453 = CARTESIAN_POINT('',(-34.11880860618,7.804287238077));
#7454 = ( GEOMETRIC_REPRESENTATION_CONTEXT(2) 
PARAMETRIC_REPRESENTATION_CONTEXT() REPRESENTATION_CONTEXT('2D SPACE',''
  ) );
#7455 = PCURVE('',#2554,#7456);
#7456 = DEFINITIONAL_REPRESENTATION('',(#7457),#7461);
#7457 = LINE('',#7458,#7459);
#7458 = CARTESIAN_POINT('',(-7.45399724576,-4.6));
#7459 = VECTOR('',#7460,1.);
#7460 = DIRECTION('',(1.,-0.));
#7461 = ( GEOMETRIC_REPRESENTATION_CONTEXT(2) 
PARAMETRIC_REPRESENTATION_CONTEXT() REPRESENTATION_CONTEXT('2D SPACE',''
  ) );
#7462 = ORIENTED_EDGE('',*,*,#7463,.T.);
#7463 = EDGE_CURVE('',#7436,#7464,#7466,.T.);
#7464 = VERTEX_POINT('',#7465);
#7465 = CARTESIAN_POINT('',(-34.58009646104,5.405268609889,4.6));
#7466 = SURFACE_CURVE('',#7467,(#7472,#7479),.PCURVE_S1.);
#7467 = CIRCLE('',#7468,35.);
#7468 = AXIS2_PLACEMENT_3D('',#7469,#7470,#7471);
#7469 = CARTESIAN_POINT('',(0.,0.,4.6));
#7470 = DIRECTION('',(0.,0.,1.));
#7471 = DIRECTION('',(1.,0.,0.));
#7472 = PCURVE('',#100,#7473);
#7473 = DEFINITIONAL_REPRESENTATION('',(#7474),#7478);
#7474 = CIRCLE('',#7475,35.);
#7475 = AXIS2_PLACEMENT_2D('',#7476,#7477);
#7476 = CARTESIAN_POINT('',(1.250230978322E-15,-2.32193833596E-15));
#7477 = DIRECTION('',(1.,0.));
#7478 = ( GEOMETRIC_REPRESENTATION_CONTEXT(2) 
PARAMETRIC_REPRESENTATION_CONTEXT() REPRESENTATION_CONTEXT('2D SPACE',''
  ) );
#7479 = PCURVE('',#2583,#7480);
#7480 = DEFINITIONAL_REPRESENTATION('',(#7481),#7485);
#7481 = LINE('',#7482,#7483);
#7482 = CARTESIAN_POINT('',(-0.,-4.6));
#7483 = VECTOR('',#7484,1.);
#7484 = DIRECTION('',(-1.,0.));
#7485 = ( GEOMETRIC_REPRESENTATION_CONTEXT(2) 
PARAMETRIC_REPRESENTATION_CONTEXT() REPRESENTATION_CONTEXT('2D SPACE',''
  ) );
#7486 = ORIENTED_EDGE('',*,*,#7487,.T.);
#7487 = EDGE_CURVE('',#7464,#7488,#7490,.T.);
#7488 = VERTEX_POINT('',#7489);
#7489 = CARTESIAN_POINT('',(-34.73041611696,4.335688681475,4.6));
#7490 = SURFACE_CURVE('',#7491,(#7496,#7507),.PCURVE_S1.);
#7491 = CIRCLE('',#7492,0.55);
#7492 = AXIS2_PLACEMENT_3D('',#7493,#7494,#7495);
#7493 = CARTESIAN_POINT('',(-34.75840921282,4.884975843698,4.6));
#7494 = DIRECTION('',(0.,0.,-1.));
#7495 = DIRECTION('',(0.32420500325,0.945986847619,0.));
#7496 = PCURVE('',#100,#7497);
#7497 = DEFINITIONAL_REPRESENTATION('',(#7498),#7506);
#7498 = ( BOUNDED_CURVE() B_SPLINE_CURVE(2,(#7499,#7500,#7501,#7502,
#7503,#7504,#7505),.UNSPECIFIED.,.T.,.F.) B_SPLINE_CURVE_WITH_KNOTS((1,2
    ,2,2,2,1),(-2.094395102393,0.,2.094395102393,4.188790204786,
6.28318530718,8.377580409573),.UNSPECIFIED.) CURVE() 
GEOMETRIC_REPRESENTATION_ITEM() RATIONAL_B_SPLINE_CURVE((1.,0.5,1.,0.5,
1.,0.5,1.)) REPRESENTATION_ITEM('') );
#7499 = CARTESIAN_POINT('',(-34.58009646104,5.405268609889));
#7500 = CARTESIAN_POINT('',(-33.67892295518,5.096421864156));
#7501 = CARTESIAN_POINT('',(-34.39697883579,4.470406087737));
#7502 = CARTESIAN_POINT('',(-35.1150347164,3.844390311318));
#7503 = CARTESIAN_POINT('',(-35.29815234164,4.77925283347));
#7504 = CARTESIAN_POINT('',(-35.48126996689,5.714115355622));
#7505 = CARTESIAN_POINT('',(-34.58009646104,5.405268609889));
#7506 = ( GEOMETRIC_REPRESENTATION_CONTEXT(2) 
PARAMETRIC_REPRESENTATION_CONTEXT() REPRESENTATION_CONTEXT('2D SPACE',''
  ) );
#7507 = PCURVE('',#2612,#7508);
#7508 = DEFINITIONAL_REPRESENTATION('',(#7509),#7513);
#7509 = LINE('',#7510,#7511);
#7510 = CARTESIAN_POINT('',(-7.52381041584,-4.6));
#7511 = VECTOR('',#7512,1.);
#7512 = DIRECTION('',(1.,-0.));
#7513 = ( GEOMETRIC_REPRESENTATION_CONTEXT(2) 
PARAMETRIC_REPRESENTATION_CONTEXT() REPRESENTATION_CONTEXT('2D SPACE',''
  ) );
#7514 = ORIENTED_EDGE('',*,*,#7515,.T.);
#7515 = EDGE_CURVE('',#7488,#7516,#7518,.T.);
#7516 = VERTEX_POINT('',#7517);
#7517 = CARTESIAN_POINT('',(-34.87291356191,2.979916056369,4.6));
#7518 = SURFACE_CURVE('',#7519,(#7524,#7531),.PCURVE_S1.);
#7519 = CIRCLE('',#7520,35.);
#7520 = AXIS2_PLACEMENT_3D('',#7521,#7522,#7523);
#7521 = CARTESIAN_POINT('',(0.,0.,4.6));
#7522 = DIRECTION('',(0.,0.,1.));
#7523 = DIRECTION('',(1.,0.,0.));
#7524 = PCURVE('',#100,#7525);
#7525 = DEFINITIONAL_REPRESENTATION('',(#7526),#7530);
#7526 = CIRCLE('',#7527,35.);
#7527 = AXIS2_PLACEMENT_2D('',#7528,#7529);
#7528 = CARTESIAN_POINT('',(1.250230978322E-15,-2.32193833596E-15));
#7529 = DIRECTION('',(1.,0.));
#7530 = ( GEOMETRIC_REPRESENTATION_CONTEXT(2) 
PARAMETRIC_REPRESENTATION_CONTEXT() REPRESENTATION_CONTEXT('2D SPACE',''
  ) );
#7531 = PCURVE('',#2641,#7532);
#7532 = DEFINITIONAL_REPRESENTATION('',(#7533),#7537);
#7533 = LINE('',#7534,#7535);
#7534 = CARTESIAN_POINT('',(-0.,-4.6));
#7535 = VECTOR('',#7536,1.);
#7536 = DIRECTION('',(-1.,0.));
#7537 = ( GEOMETRIC_REPRESENTATION_CONTEXT(2) 
PARAMETRIC_REPRESENTATION_CONTEXT() REPRESENTATION_CONTEXT('2D SPACE',''
  ) );
#7538 = ORIENTED_EDGE('',*,*,#7539,.T.);
#7539 = EDGE_CURVE('',#7516,#7540,#7542,.T.);
#7540 = VERTEX_POINT('',#7541);
#7541 = CARTESIAN_POINT('',(-34.94825692251,1.902455801772,4.6));
#7542 = SURFACE_CURVE('',#7543,(#7548,#7559),.PCURVE_S1.);
#7543 = CIRCLE('',#7544,0.55);
#7544 = AXIS2_PLACEMENT_3D('',#7545,#7546,#7547);
#7545 = CARTESIAN_POINT('',(-35.01449816412,2.448452228419,4.6));
#7546 = DIRECTION('',(0.,0.,-1.));
#7547 = DIRECTION('',(0.257426549458,0.966297869,0.));
#7548 = PCURVE('',#100,#7549);
#7549 = DEFINITIONAL_REPRESENTATION('',(#7550),#7558);
#7550 = ( BOUNDED_CURVE() B_SPLINE_CURVE(2,(#7551,#7552,#7553,#7554,
#7555,#7556,#7557),.UNSPECIFIED.,.T.,.F.) B_SPLINE_CURVE_WITH_KNOTS((1,2
    ,2,2,2,1),(-2.094395102393,0.,2.094395102393,4.188790204786,
6.28318530718,8.377580409573),.UNSPECIFIED.) CURVE() 
GEOMETRIC_REPRESENTATION_ITEM() RATIONAL_B_SPLINE_CURVE((1.,0.5,1.,0.5,
1.,0.5,1.)) REPRESENTATION_ITEM('') );
#7551 = CARTESIAN_POINT('',(-34.87291356191,2.979916056369));
#7552 = CARTESIAN_POINT('',(-33.95239120952,2.734684331786));
#7553 = CARTESIAN_POINT('',(-34.62502928902,2.060104452152));
#7554 = CARTESIAN_POINT('',(-35.29766736852,1.385524572519));
#7555 = CARTESIAN_POINT('',(-35.54555164141,2.305336176735));
#7556 = CARTESIAN_POINT('',(-35.79343591431,3.225147780952));
#7557 = CARTESIAN_POINT('',(-34.87291356191,2.979916056369));
#7558 = ( GEOMETRIC_REPRESENTATION_CONTEXT(2) 
PARAMETRIC_REPRESENTATION_CONTEXT() REPRESENTATION_CONTEXT('2D SPACE',''
  ) );
#7559 = PCURVE('',#2670,#7560);
#7560 = DEFINITIONAL_REPRESENTATION('',(#7561),#7565);
#7561 = LINE('',#7562,#7563);
#7562 = CARTESIAN_POINT('',(-7.59362358592,-4.6));
#7563 = VECTOR('',#7564,1.);
#7564 = DIRECTION('',(1.,-0.));
#7565 = ( GEOMETRIC_REPRESENTATION_CONTEXT(2) 
PARAMETRIC_REPRESENTATION_CONTEXT() REPRESENTATION_CONTEXT('2D SPACE',''
  ) );
#7566 = ORIENTED_EDGE('',*,*,#7567,.T.);
#7567 = EDGE_CURVE('',#7540,#7568,#7570,.T.);
#7568 = VERTEX_POINT('',#7569);
#7569 = CARTESIAN_POINT('',(-34.99583333333,0.540045651363,4.6));
#7570 = SURFACE_CURVE('',#7571,(#7576,#7583),.PCURVE_S1.);
#7571 = CIRCLE('',#7572,35.);
#7572 = AXIS2_PLACEMENT_3D('',#7573,#7574,#7575);
#7573 = CARTESIAN_POINT('',(0.,0.,4.6));
#7574 = DIRECTION('',(0.,0.,1.));
#7575 = DIRECTION('',(1.,0.,0.));
#7576 = PCURVE('',#100,#7577);
#7577 = DEFINITIONAL_REPRESENTATION('',(#7578),#7582);
#7578 = CIRCLE('',#7579,35.);
#7579 = AXIS2_PLACEMENT_2D('',#7580,#7581);
#7580 = CARTESIAN_POINT('',(1.250230978322E-15,-2.32193833596E-15));
#7581 = DIRECTION('',(1.,0.));
#7582 = ( GEOMETRIC_REPRESENTATION_CONTEXT(2) 
PARAMETRIC_REPRESENTATION_CONTEXT() REPRESENTATION_CONTEXT('2D SPACE',''
  ) );
#7583 = PCURVE('',#2699,#7584);
#7584 = DEFINITIONAL_REPRESENTATION('',(#7585),#7589);
#7585 = LINE('',#7586,#7587);
#7586 = CARTESIAN_POINT('',(-0.,-4.6));
#7587 = VECTOR('',#7588,1.);
#7588 = DIRECTION('',(-1.,0.));
#7589 = ( GEOMETRIC_REPRESENTATION_CONTEXT(2) 
PARAMETRIC_REPRESENTATION_CONTEXT() REPRESENTATION_CONTEXT('2D SPACE',''
  ) );
#7590 = ORIENTED_EDGE('',*,*,#7591,.T.);
#7591 = EDGE_CURVE('',#7568,#7592,#7594,.T.);
#7592 = VERTEX_POINT('',#7593);
#7593 = CARTESIAN_POINT('',(-34.99583333333,-0.540045651363,4.6));
#7594 = SURFACE_CURVE('',#7595,(#7600,#7611),.PCURVE_S1.);
#7595 = CIRCLE('',#7596,0.55);
#7596 = AXIS2_PLACEMENT_3D('',#7597,#7598,#7599);
#7597 = CARTESIAN_POINT('',(-35.1,4.298510265007E-15,4.6));
#7598 = DIRECTION('',(0.,0.,-1.));
#7599 = DIRECTION('',(0.189393939394,0.981901184295,0.));
#7600 = PCURVE('',#100,#7601);
#7601 = DEFINITIONAL_REPRESENTATION('',(#7602),#7610);
#7602 = ( BOUNDED_CURVE() B_SPLINE_CURVE(2,(#7603,#7604,#7605,#7606,
#7607,#7608,#7609),.UNSPECIFIED.,.T.,.F.) B_SPLINE_CURVE_WITH_KNOTS((1,2
    ,2,2,2,1),(-2.094395102393,0.,2.094395102393,4.188790204786,
6.28318530718,8.377580409573),.UNSPECIFIED.) CURVE() 
GEOMETRIC_REPRESENTATION_ITEM() RATIONAL_B_SPLINE_CURVE((1.,0.5,1.,0.5,
1.,0.5,1.)) REPRESENTATION_ITEM('') );
#7603 = CARTESIAN_POINT('',(-34.99583333333,0.540045651363));
#7604 = CARTESIAN_POINT('',(-34.06044682676,0.359623692241));
#7605 = CARTESIAN_POINT('',(-34.68439008005,-0.360233805242));
#7606 = CARTESIAN_POINT('',(-35.30833333333,-1.080091302725));
#7607 = CARTESIAN_POINT('',(-35.61977658661,-0.17981184612));
#7608 = CARTESIAN_POINT('',(-35.9312198399,0.720467610484));
#7609 = CARTESIAN_POINT('',(-34.99583333333,0.540045651363));
#7610 = ( GEOMETRIC_REPRESENTATION_CONTEXT(2) 
PARAMETRIC_REPRESENTATION_CONTEXT() REPRESENTATION_CONTEXT('2D SPACE',''
  ) );
#7611 = PCURVE('',#2728,#7612);
#7612 = DEFINITIONAL_REPRESENTATION('',(#7613),#7617);
#7613 = LINE('',#7614,#7615);
#7614 = CARTESIAN_POINT('',(-7.663436755999,-4.6));
#7615 = VECTOR('',#7616,1.);
#7616 = DIRECTION('',(1.,-0.));
#7617 = ( GEOMETRIC_REPRESENTATION_CONTEXT(2) 
PARAMETRIC_REPRESENTATION_CONTEXT() REPRESENTATION_CONTEXT('2D SPACE',''
  ) );
#7618 = ORIENTED_EDGE('',*,*,#7619,.T.);
#7619 = EDGE_CURVE('',#7592,#7620,#7622,.T.);
#7620 = VERTEX_POINT('',#7621);
#7621 = CARTESIAN_POINT('',(-34.94825692251,-1.902455801772,4.6));
#7622 = SURFACE_CURVE('',#7623,(#7628,#7635),.PCURVE_S1.);
#7623 = CIRCLE('',#7624,35.);
#7624 = AXIS2_PLACEMENT_3D('',#7625,#7626,#7627);
#7625 = CARTESIAN_POINT('',(0.,0.,4.6));
#7626 = DIRECTION('',(0.,0.,1.));
#7627 = DIRECTION('',(1.,0.,0.));
#7628 = PCURVE('',#100,#7629);
#7629 = DEFINITIONAL_REPRESENTATION('',(#7630),#7634);
#7630 = CIRCLE('',#7631,35.);
#7631 = AXIS2_PLACEMENT_2D('',#7632,#7633);
#7632 = CARTESIAN_POINT('',(1.250230978322E-15,-2.32193833596E-15));
#7633 = DIRECTION('',(1.,0.));
#7634 = ( GEOMETRIC_REPRESENTATION_CONTEXT(2) 
PARAMETRIC_REPRESENTATION_CONTEXT() REPRESENTATION_CONTEXT('2D SPACE',''
  ) );
#7635 = PCURVE('',#2757,#7636);
#7636 = DEFINITIONAL_REPRESENTATION('',(#7637),#7641);
#7637 = LINE('',#7638,#7639);
#7638 = CARTESIAN_POINT('',(-0.,-4.6));
#7639 = VECTOR('',#7640,1.);
#7640 = DIRECTION('',(-1.,0.));
#7641 = ( GEOMETRIC_REPRESENTATION_CONTEXT(2) 
PARAMETRIC_REPRESENTATION_CONTEXT() REPRESENTATION_CONTEXT('2D SPACE',''
  ) );
#7642 = ORIENTED_EDGE('',*,*,#7643,.T.);
#7643 = EDGE_CURVE('',#7620,#7644,#7646,.T.);
#7644 = VERTEX_POINT('',#7645);
#7645 = CARTESIAN_POINT('',(-34.87291356191,-2.979916056369,4.6));
#7646 = SURFACE_CURVE('',#7647,(#7652,#7663),.PCURVE_S1.);
#7647 = CIRCLE('',#7648,0.55);
#7648 = AXIS2_PLACEMENT_3D('',#7649,#7650,#7651);
#7649 = CARTESIAN_POINT('',(-35.01449816412,-2.448452228419,4.6));
#7650 = DIRECTION('',(0.,0.,-1.));
#7651 = DIRECTION('',(0.120438621095,0.992720775721,0.));
#7652 = PCURVE('',#100,#7653);
#7653 = DEFINITIONAL_REPRESENTATION('',(#7654),#7662);
#7654 = ( BOUNDED_CURVE() B_SPLINE_CURVE(2,(#7655,#7656,#7657,#7658,
#7659,#7660,#7661),.UNSPECIFIED.,.T.,.F.) B_SPLINE_CURVE_WITH_KNOTS((1,2
    ,2,2,2,1),(-2.094395102393,0.,2.094395102393,4.188790204786,
6.28318530718,8.377580409573),.UNSPECIFIED.) CURVE() 
GEOMETRIC_REPRESENTATION_ITEM() RATIONAL_B_SPLINE_CURVE((1.,0.5,1.,0.5,
1.,0.5,1.)) REPRESENTATION_ITEM('') );
#7655 = CARTESIAN_POINT('',(-34.94825692251,-1.902455801772));
#7656 = CARTESIAN_POINT('',(-34.00256337081,-2.017188997783));
#7657 = CARTESIAN_POINT('',(-34.57477200906,-2.778817039748));
#7658 = CARTESIAN_POINT('',(-35.14698064732,-3.540445081712));
#7659 = CARTESIAN_POINT('',(-35.52046556077,-2.664083843736));
#7660 = CARTESIAN_POINT('',(-35.89395047422,-1.787722605761));
#7661 = CARTESIAN_POINT('',(-34.94825692251,-1.902455801772));
#7662 = ( GEOMETRIC_REPRESENTATION_CONTEXT(2) 
PARAMETRIC_REPRESENTATION_CONTEXT() REPRESENTATION_CONTEXT('2D SPACE',''
  ) );
#7663 = PCURVE('',#2786,#7664);
#7664 = DEFINITIONAL_REPRESENTATION('',(#7665),#7669);
#7665 = LINE('',#7666,#7667);
#7666 = CARTESIAN_POINT('',(-7.733249926079,-4.6));
#7667 = VECTOR('',#7668,1.);
#7668 = DIRECTION('',(1.,-0.));
#7669 = ( GEOMETRIC_REPRESENTATION_CONTEXT(2) 
PARAMETRIC_REPRESENTATION_CONTEXT() REPRESENTATION_CONTEXT('2D SPACE',''
  ) );
#7670 = ORIENTED_EDGE('',*,*,#7671,.T.);
#7671 = EDGE_CURVE('',#7644,#7672,#7674,.T.);
#7672 = VERTEX_POINT('',#7673);
#7673 = CARTESIAN_POINT('',(-34.73041611696,-4.335688681475,4.6));
#7674 = SURFACE_CURVE('',#7675,(#7680,#7687),.PCURVE_S1.);
#7675 = CIRCLE('',#7676,35.);
#7676 = AXIS2_PLACEMENT_3D('',#7677,#7678,#7679);
#7677 = CARTESIAN_POINT('',(0.,0.,4.6));
#7678 = DIRECTION('',(0.,0.,1.));
#7679 = DIRECTION('',(1.,0.,0.));
#7680 = PCURVE('',#100,#7681);
#7681 = DEFINITIONAL_REPRESENTATION('',(#7682),#7686);
#7682 = CIRCLE('',#7683,35.);
#7683 = AXIS2_PLACEMENT_2D('',#7684,#7685);
#7684 = CARTESIAN_POINT('',(1.250230978322E-15,-2.32193833596E-15));
#7685 = DIRECTION('',(1.,0.));
#7686 = ( GEOMETRIC_REPRESENTATION_CONTEXT(2) 
PARAMETRIC_REPRESENTATION_CONTEXT() REPRESENTATION_CONTEXT('2D SPACE',''
  ) );
#7687 = PCURVE('',#2815,#7688);
#7688 = DEFINITIONAL_REPRESENTATION('',(#7689),#7693);
#7689 = LINE('',#7690,#7691);
#7690 = CARTESIAN_POINT('',(-0.,-4.6));
#7691 = VECTOR('',#7692,1.);
#7692 = DIRECTION('',(-1.,0.));
#7693 = ( GEOMETRIC_REPRESENTATION_CONTEXT(2) 
PARAMETRIC_REPRESENTATION_CONTEXT() REPRESENTATION_CONTEXT('2D SPACE',''
  ) );
#7694 = ORIENTED_EDGE('',*,*,#7695,.T.);
#7695 = EDGE_CURVE('',#7672,#7696,#7698,.T.);
#7696 = VERTEX_POINT('',#7697);
#7697 = CARTESIAN_POINT('',(-34.58009646104,-5.405268609889,4.6));
#7698 = SURFACE_CURVE('',#7699,(#7704,#7715),.PCURVE_S1.);
#7699 = CIRCLE('',#7700,0.55);
#7700 = AXIS2_PLACEMENT_3D('',#7701,#7702,#7703);
#7701 = CARTESIAN_POINT('',(-34.75840921282,-4.884975843698,4.6));
#7702 = DIRECTION('',(0.,0.,-1.));
#7703 = DIRECTION('',(5.089653794019E-02,0.998703931316,0.));
#7704 = PCURVE('',#100,#7705);
#7705 = DEFINITIONAL_REPRESENTATION('',(#7706),#7714);
#7706 = ( BOUNDED_CURVE() B_SPLINE_CURVE(2,(#7707,#7708,#7709,#7710,
#7711,#7712,#7713),.UNSPECIFIED.,.T.,.F.) B_SPLINE_CURVE_WITH_KNOTS((1,2
    ,2,2,2,1),(-2.094395102393,0.,2.094395102393,4.188790204786,
6.28318530718,8.377580409573),.UNSPECIFIED.) CURVE() 
GEOMETRIC_REPRESENTATION_ITEM() RATIONAL_B_SPLINE_CURVE((1.,0.5,1.,0.5,
1.,0.5,1.)) REPRESENTATION_ITEM('') );
#7707 = CARTESIAN_POINT('',(-34.73041611696,-4.335688681475));
#7708 = CARTESIAN_POINT('',(-33.77902284404,-4.384174145778));
#7709 = CARTESIAN_POINT('',(-34.2967091243,-5.183862156962));
#7710 = CARTESIAN_POINT('',(-34.81439540456,-5.983550168146));
#7711 = CARTESIAN_POINT('',(-35.24810239722,-5.135376692659));
#7712 = CARTESIAN_POINT('',(-35.68180938987,-4.287203217172));
#7713 = CARTESIAN_POINT('',(-34.73041611696,-4.335688681475));
#7714 = ( GEOMETRIC_REPRESENTATION_CONTEXT(2) 
PARAMETRIC_REPRESENTATION_CONTEXT() REPRESENTATION_CONTEXT('2D SPACE',''
  ) );
#7715 = PCURVE('',#2844,#7716);
#7716 = DEFINITIONAL_REPRESENTATION('',(#7717),#7721);
#7717 = LINE('',#7718,#7719);
#7718 = CARTESIAN_POINT('',(-7.803063096159,-4.6));
#7719 = VECTOR('',#7720,1.);
#7720 = DIRECTION('',(1.,-0.));
#7721 = ( GEOMETRIC_REPRESENTATION_CONTEXT(2) 
PARAMETRIC_REPRESENTATION_CONTEXT() REPRESENTATION_CONTEXT('2D SPACE',''
  ) );
#7722 = ORIENTED_EDGE('',*,*,#7723,.T.);
#7723 = EDGE_CURVE('',#7696,#7724,#7726,.T.);
#7724 = VERTEX_POINT('',#7725);
#7725 = CARTESIAN_POINT('',(-34.34337221517,-6.747798521743,4.6));
#7726 = SURFACE_CURVE('',#7727,(#7732,#7739),.PCURVE_S1.);
#7727 = CIRCLE('',#7728,35.);
#7728 = AXIS2_PLACEMENT_3D('',#7729,#7730,#7731);
#7729 = CARTESIAN_POINT('',(0.,0.,4.6));
#7730 = DIRECTION('',(0.,0.,1.));
#7731 = DIRECTION('',(1.,0.,0.));
#7732 = PCURVE('',#100,#7733);
#7733 = DEFINITIONAL_REPRESENTATION('',(#7734),#7738);
#7734 = CIRCLE('',#7735,35.);
#7735 = AXIS2_PLACEMENT_2D('',#7736,#7737);
#7736 = CARTESIAN_POINT('',(1.250230978322E-15,-2.32193833596E-15));
#7737 = DIRECTION('',(1.,0.));
#7738 = ( GEOMETRIC_REPRESENTATION_CONTEXT(2) 
PARAMETRIC_REPRESENTATION_CONTEXT() REPRESENTATION_CONTEXT('2D SPACE',''
  ) );
#7739 = PCURVE('',#2873,#7740);
#7740 = DEFINITIONAL_REPRESENTATION('',(#7741),#7745);
#7741 = LINE('',#7742,#7743);
#7742 = CARTESIAN_POINT('',(-0.,-4.6));
#7743 = VECTOR('',#7744,1.);
#7744 = DIRECTION('',(-1.,0.));
#7745 = ( GEOMETRIC_REPRESENTATION_CONTEXT(2) 
PARAMETRIC_REPRESENTATION_CONTEXT() REPRESENTATION_CONTEXT('2D SPACE',''
  ) );
#7746 = ORIENTED_EDGE('',*,*,#7747,.T.);
#7747 = EDGE_CURVE('',#7724,#7748,#7750,.T.);
#7748 = VERTEX_POINT('',#7749);
#7749 = CARTESIAN_POINT('',(-34.11880860618,-7.804287238077,4.6));
#7750 = SURFACE_CURVE('',#7751,(#7756,#7767),.PCURVE_S1.);
#7751 = CIRCLE('',#7752,0.55);
#7752 = AXIS2_PLACEMENT_3D('',#7753,#7754,#7755);
#7753 = CARTESIAN_POINT('',(-34.33298078575,-7.297700347703,4.6));
#7754 = DIRECTION('',(0.,0.,-1.));
#7755 = DIRECTION('',(-1.889350803113E-02,0.999821501746,0.));
#7756 = PCURVE('',#100,#7757);
#7757 = DEFINITIONAL_REPRESENTATION('',(#7758),#7766);
#7758 = ( BOUNDED_CURVE() B_SPLINE_CURVE(2,(#7759,#7760,#7761,#7762,
#7763,#7764,#7765),.UNSPECIFIED.,.T.,.F.) B_SPLINE_CURVE_WITH_KNOTS((1,2
    ,2,2,2,1),(-2.094395102393,0.,2.094395102393,4.188790204786,
6.28318530718,8.377580409573),.UNSPECIFIED.) CURVE() 
GEOMETRIC_REPRESENTATION_ITEM() RATIONAL_B_SPLINE_CURVE((1.,0.5,1.,0.5,
1.,0.5,1.)) REPRESENTATION_ITEM('') );
#7759 = CARTESIAN_POINT('',(-34.34337221517,-6.747798521743));
#7760 = CARTESIAN_POINT('',(-33.39091431343,-6.729800038029));
#7761 = CARTESIAN_POINT('',(-33.85155612017,-7.563652018827));
#7762 = CARTESIAN_POINT('',(-34.31219792692,-8.397503999624));
#7763 = CARTESIAN_POINT('',(-34.80401402191,-7.58165050254));
#7764 = CARTESIAN_POINT('',(-35.29583011691,-6.765797005457));
#7765 = CARTESIAN_POINT('',(-34.34337221517,-6.747798521743));
#7766 = ( GEOMETRIC_REPRESENTATION_CONTEXT(2) 
PARAMETRIC_REPRESENTATION_CONTEXT() REPRESENTATION_CONTEXT('2D SPACE',''
  ) );
#7767 = PCURVE('',#2902,#7768);
#7768 = DEFINITIONAL_REPRESENTATION('',(#7769),#7773);
#7769 = LINE('',#7770,#7771);
#7770 = CARTESIAN_POINT('',(-7.872876266239,-4.6));
#7771 = VECTOR('',#7772,1.);
#7772 = DIRECTION('',(1.,-0.));
#7773 = ( GEOMETRIC_REPRESENTATION_CONTEXT(2) 
PARAMETRIC_REPRESENTATION_CONTEXT() REPRESENTATION_CONTEXT('2D SPACE',''
  ) );
#7774 = ORIENTED_EDGE('',*,*,#7775,.T.);
#7775 = EDGE_CURVE('',#7748,#7776,#7778,.T.);
#7776 = VERTEX_POINT('',#7777);
#7777 = CARTESIAN_POINT('',(-33.78901085613,-9.1270337659,4.6));
#7778 = SURFACE_CURVE('',#7779,(#7784,#7791),.PCURVE_S1.);
#7779 = CIRCLE('',#7780,35.);
#7780 = AXIS2_PLACEMENT_3D('',#7781,#7782,#7783);
#7781 = CARTESIAN_POINT('',(0.,0.,4.6));
#7782 = DIRECTION('',(0.,0.,1.));
#7783 = DIRECTION('',(1.,0.,0.));
#7784 = PCURVE('',#100,#7785);
#7785 = DEFINITIONAL_REPRESENTATION('',(#7786),#7790);
#7786 = CIRCLE('',#7787,35.);
#7787 = AXIS2_PLACEMENT_2D('',#7788,#7789);
#7788 = CARTESIAN_POINT('',(1.250230978322E-15,-2.32193833596E-15));
#7789 = DIRECTION('',(1.,0.));
#7790 = ( GEOMETRIC_REPRESENTATION_CONTEXT(2) 
PARAMETRIC_REPRESENTATION_CONTEXT() REPRESENTATION_CONTEXT('2D SPACE',''
  ) );
#7791 = PCURVE('',#2931,#7792);
#7792 = DEFINITIONAL_REPRESENTATION('',(#7793),#7797);
#7793 = LINE('',#7794,#7795);
#7794 = CARTESIAN_POINT('',(-0.,-4.6));
#7795 = VECTOR('',#7796,1.);
#7796 = DIRECTION('',(-1.,0.));
#7797 = ( GEOMETRIC_REPRESENTATION_CONTEXT(2) 
PARAMETRIC_REPRESENTATION_CONTEXT() REPRESENTATION_CONTEXT('2D SPACE',''
  ) );
#7798 = ORIENTED_EDGE('',*,*,#7799,.T.);
#7799 = EDGE_CURVE('',#7776,#7800,#7802,.T.);
#7800 = VERTEX_POINT('',#7801);
#7801 = CARTESIAN_POINT('',(-33.49129734541,-10.16528416332,4.6));
#7802 = SURFACE_CURVE('',#7803,(#7808,#7819),.PCURVE_S1.);
#7803 = CIRCLE('',#7804,0.55);
#7804 = AXIS2_PLACEMENT_3D('',#7805,#7806,#7807);
#7805 = CARTESIAN_POINT('',(-33.74028552743,-9.674871189177,4.6));
#7806 = DIRECTION('',(0.,0.,-1.));
#7807 = DIRECTION('',(-8.859150673057E-02,0.996068042322,0.));
#7808 = PCURVE('',#100,#7809);
#7809 = DEFINITIONAL_REPRESENTATION('',(#7810),#7818);
#7810 = ( BOUNDED_CURVE() B_SPLINE_CURVE(2,(#7811,#7812,#7813,#7814,
#7815,#7816,#7817),.UNSPECIFIED.,.T.,.F.) B_SPLINE_CURVE_WITH_KNOTS((1,2
    ,2,2,2,1),(-2.094395102393,0.,2.094395102393,4.188790204786,
6.28318530718,8.377580409573),.UNSPECIFIED.) CURVE() 
GEOMETRIC_REPRESENTATION_ITEM() RATIONAL_B_SPLINE_CURVE((1.,0.5,1.,0.5,
1.,0.5,1.)) REPRESENTATION_ITEM('') );
#7811 = CARTESIAN_POINT('',(-33.78901085613,-9.1270337659));
#7812 = CARTESIAN_POINT('',(-32.84012860473,-9.042639020973));
#7813 = CARTESIAN_POINT('',(-33.24148173738,-9.906592528352));
#7814 = CARTESIAN_POINT('',(-33.64283487003,-10.77054603573));
#7815 = CARTESIAN_POINT('',(-34.19036398878,-9.990987273279));
#7816 = CARTESIAN_POINT('',(-34.73789310754,-9.211428510827));
#7817 = CARTESIAN_POINT('',(-33.78901085613,-9.1270337659));
#7818 = ( GEOMETRIC_REPRESENTATION_CONTEXT(2) 
PARAMETRIC_REPRESENTATION_CONTEXT() REPRESENTATION_CONTEXT('2D SPACE',''
  ) );
#7819 = PCURVE('',#2960,#7820);
#7820 = DEFINITIONAL_REPRESENTATION('',(#7821),#7825);
#7821 = LINE('',#7822,#7823);
#7822 = CARTESIAN_POINT('',(-7.942689436318,-4.6));
#7823 = VECTOR('',#7824,1.);
#7824 = DIRECTION('',(1.,-0.));
#7825 = ( GEOMETRIC_REPRESENTATION_CONTEXT(2) 
PARAMETRIC_REPRESENTATION_CONTEXT() REPRESENTATION_CONTEXT('2D SPACE',''
  ) );
#7826 = ORIENTED_EDGE('',*,*,#7827,.T.);
#7827 = EDGE_CURVE('',#7800,#7828,#7830,.T.);
#7828 = VERTEX_POINT('',#7829);
#7829 = CARTESIAN_POINT('',(-33.07003283266,-11.46180301899,4.6));
#7830 = SURFACE_CURVE('',#7831,(#7836,#7843),.PCURVE_S1.);
#7831 = CIRCLE('',#7832,35.);
#7832 = AXIS2_PLACEMENT_3D('',#7833,#7834,#7835);
#7833 = CARTESIAN_POINT('',(0.,0.,4.6));
#7834 = DIRECTION('',(0.,0.,1.));
#7835 = DIRECTION('',(1.,0.,0.));
#7836 = PCURVE('',#100,#7837);
#7837 = DEFINITIONAL_REPRESENTATION('',(#7838),#7842);
#7838 = CIRCLE('',#7839,35.);
#7839 = AXIS2_PLACEMENT_2D('',#7840,#7841);
#7840 = CARTESIAN_POINT('',(1.250230978322E-15,-2.32193833596E-15));
#7841 = DIRECTION('',(1.,0.));
#7842 = ( GEOMETRIC_REPRESENTATION_CONTEXT(2) 
PARAMETRIC_REPRESENTATION_CONTEXT() REPRESENTATION_CONTEXT('2D SPACE',''
  ) );
#7843 = PCURVE('',#2989,#7844);
#7844 = DEFINITIONAL_REPRESENTATION('',(#7845),#7849);
#7845 = LINE('',#7846,#7847);
#7846 = CARTESIAN_POINT('',(-0.,-4.6));
#7847 = VECTOR('',#7848,1.);
#7848 = DIRECTION('',(-1.,0.));
#7849 = ( GEOMETRIC_REPRESENTATION_CONTEXT(2) 
PARAMETRIC_REPRESENTATION_CONTEXT() REPRESENTATION_CONTEXT('2D SPACE',''
  ) );
#7850 = ORIENTED_EDGE('',*,*,#7851,.T.);
#7851 = EDGE_CURVE('',#7828,#7852,#7854,.T.);
#7852 = VERTEX_POINT('',#7853);
#7853 = CARTESIAN_POINT('',(-32.7006198505,-12.47675684594,4.6));
#7854 = SURFACE_CURVE('',#7855,(#7860,#7871),.PCURVE_S1.);
#7855 = CIRCLE('',#7856,0.55);
#7856 = AXIS2_PLACEMENT_3D('',#7857,#7858,#7859);
#7857 = CARTESIAN_POINT('',(-32.98321098958,-12.00490703073,4.6));
#7858 = DIRECTION('',(0.,0.,-1.));
#7859 = DIRECTION('',(-0.157857896514,0.98746183952,0.));
#7860 = PCURVE('',#100,#7861);
#7861 = DEFINITIONAL_REPRESENTATION('',(#7862),#7870);
#7862 = ( BOUNDED_CURVE() B_SPLINE_CURVE(2,(#7863,#7864,#7865,#7866,
#7867,#7868,#7869),.UNSPECIFIED.,.T.,.F.) B_SPLINE_CURVE_WITH_KNOTS((1,2
    ,2,2,2,1),(-2.094395102393,0.,2.094395102393,4.188790204786,
6.28318530718,8.377580409573),.UNSPECIFIED.) CURVE() 
GEOMETRIC_REPRESENTATION_ITEM() RATIONAL_B_SPLINE_CURVE((1.,0.5,1.,0.5,
1.,0.5,1.)) REPRESENTATION_ITEM('') );
#7863 = CARTESIAN_POINT('',(-33.07003283266,-11.46180301899));
#7864 = CARTESIAN_POINT('',(-32.12934909054,-11.31142317556));
#7865 = CARTESIAN_POINT('',(-32.46945819698,-12.20126911488));
#7866 = CARTESIAN_POINT('',(-32.80956730342,-13.0911150542));
#7867 = CARTESIAN_POINT('',(-33.4101419391,-12.35164895831));
#7868 = CARTESIAN_POINT('',(-34.01071657478,-11.61218286242));
#7869 = CARTESIAN_POINT('',(-33.07003283266,-11.46180301899));
#7870 = ( GEOMETRIC_REPRESENTATION_CONTEXT(2) 
PARAMETRIC_REPRESENTATION_CONTEXT() REPRESENTATION_CONTEXT('2D SPACE',''
  ) );
#7871 = PCURVE('',#3018,#7872);
#7872 = DEFINITIONAL_REPRESENTATION('',(#7873),#7877);
#7873 = LINE('',#7874,#7875);
#7874 = CARTESIAN_POINT('',(-8.012502606398,-4.6));
#7875 = VECTOR('',#7876,1.);
#7876 = DIRECTION('',(1.,-0.));
#7877 = ( GEOMETRIC_REPRESENTATION_CONTEXT(2) 
PARAMETRIC_REPRESENTATION_CONTEXT() REPRESENTATION_CONTEXT('2D SPACE',''
  ) );
#7878 = ORIENTED_EDGE('',*,*,#7879,.T.);
#7879 = EDGE_CURVE('',#7852,#7880,#7882,.T.);
#7880 = VERTEX_POINT('',#7881);
#7881 = CARTESIAN_POINT('',(-32.18994093342,-13.74073151991,4.6));
#7882 = SURFACE_CURVE('',#7883,(#7888,#7895),.PCURVE_S1.);
#7883 = CIRCLE('',#7884,35.);
#7884 = AXIS2_PLACEMENT_3D('',#7885,#7886,#7887);
#7885 = CARTESIAN_POINT('',(0.,0.,4.6));
#7886 = DIRECTION('',(0.,0.,1.));
#7887 = DIRECTION('',(1.,0.,0.));
#7888 = PCURVE('',#100,#7889);
#7889 = DEFINITIONAL_REPRESENTATION('',(#7890),#7894);
#7890 = CIRCLE('',#7891,35.);
#7891 = AXIS2_PLACEMENT_2D('',#7892,#7893);
#7892 = CARTESIAN_POINT('',(1.250230978322E-15,-2.32193833596E-15));
#7893 = DIRECTION('',(1.,0.));
#7894 = ( GEOMETRIC_REPRESENTATION_CONTEXT(2) 
PARAMETRIC_REPRESENTATION_CONTEXT() REPRESENTATION_CONTEXT('2D SPACE',''
  ) );
#7895 = PCURVE('',#3047,#7896);
#7896 = DEFINITIONAL_REPRESENTATION('',(#7897),#7901);
#7897 = LINE('',#7898,#7899);
#7898 = CARTESIAN_POINT('',(-0.,-4.6));
#7899 = VECTOR('',#7900,1.);
#7900 = DIRECTION('',(-1.,0.));
#7901 = ( GEOMETRIC_REPRESENTATION_CONTEXT(2) 
PARAMETRIC_REPRESENTATION_CONTEXT() REPRESENTATION_CONTEXT('2D SPACE',''
  ) );
#7902 = ORIENTED_EDGE('',*,*,#7903,.T.);
#7903 = EDGE_CURVE('',#7880,#7904,#7906,.T.);
#7904 = VERTEX_POINT('',#7905);
#7905 = CARTESIAN_POINT('',(-31.75062822274,-14.72744402336,4.6));
#7906 = SURFACE_CURVE('',#7907,(#7912,#7923),.PCURVE_S1.);
#7907 = CIRCLE('',#7908,0.55);
#7908 = AXIS2_PLACEMENT_3D('',#7909,#7910,#7911);
#7909 = CARTESIAN_POINT('',(-32.06544556325,-14.27645617196,4.6));
#7910 = DIRECTION('',(0.,0.,-1.));
#7911 = DIRECTION('',(-0.226355218494,0.974044821895,0.));
#7912 = PCURVE('',#100,#7913);
#7913 = DEFINITIONAL_REPRESENTATION('',(#7914),#7922);
#7914 = ( BOUNDED_CURVE() B_SPLINE_CURVE(2,(#7915,#7916,#7917,#7918,
#7919,#7920,#7921),.UNSPECIFIED.,.T.,.F.) B_SPLINE_CURVE_WITH_KNOTS((1,2
    ,2,2,2,1),(-2.094395102393,0.,2.094395102393,4.188790204786,
6.28318530718,8.377580409573),.UNSPECIFIED.) CURVE() 
GEOMETRIC_REPRESENTATION_ITEM() RATIONAL_B_SPLINE_CURVE((1.,0.5,1.,0.5,
1.,0.5,1.)) REPRESENTATION_ITEM('') );
#7915 = CARTESIAN_POINT('',(-32.18994093342,-13.74073151991));
#7916 = CARTESIAN_POINT('',(-31.26203861722,-13.52509921347));
#7917 = CARTESIAN_POINT('',(-31.53924672006,-14.43650234475));
#7918 = CARTESIAN_POINT('',(-31.81645482291,-15.34790547604));
#7919 = CARTESIAN_POINT('',(-32.46714903627,-14.6521346512));
#7920 = CARTESIAN_POINT('',(-33.11784324963,-13.95636382636));
#7921 = CARTESIAN_POINT('',(-32.18994093342,-13.74073151991));
#7922 = ( GEOMETRIC_REPRESENTATION_CONTEXT(2) 
PARAMETRIC_REPRESENTATION_CONTEXT() REPRESENTATION_CONTEXT('2D SPACE',''
  ) );
#7923 = PCURVE('',#3076,#7924);
#7924 = DEFINITIONAL_REPRESENTATION('',(#7925),#7929);
#7925 = LINE('',#7926,#7927);
#7926 = CARTESIAN_POINT('',(-8.082315776478,-4.6));
#7927 = VECTOR('',#7928,1.);
#7928 = DIRECTION('',(1.,-0.));
#7929 = ( GEOMETRIC_REPRESENTATION_CONTEXT(2) 
PARAMETRIC_REPRESENTATION_CONTEXT() REPRESENTATION_CONTEXT('2D SPACE',''
  ) );
#7930 = ORIENTED_EDGE('',*,*,#7931,.T.);
#7931 = EDGE_CURVE('',#7904,#7932,#7934,.T.);
#7932 = VERTEX_POINT('',#7933);
#7933 = CARTESIAN_POINT('',(-31.15302287768,-15.95271655809,4.6));
#7934 = SURFACE_CURVE('',#7935,(#7940,#7947),.PCURVE_S1.);
#7935 = CIRCLE('',#7936,35.);
#7936 = AXIS2_PLACEMENT_3D('',#7937,#7938,#7939);
#7937 = CARTESIAN_POINT('',(0.,0.,4.6));
#7938 = DIRECTION('',(0.,0.,1.));
#7939 = DIRECTION('',(1.,0.,0.));
#7940 = PCURVE('',#100,#7941);
#7941 = DEFINITIONAL_REPRESENTATION('',(#7942),#7946);
#7942 = CIRCLE('',#7943,35.);
#7943 = AXIS2_PLACEMENT_2D('',#7944,#7945);
#7944 = CARTESIAN_POINT('',(1.250230978322E-15,-2.32193833596E-15));
#7945 = DIRECTION('',(1.,0.));
#7946 = ( GEOMETRIC_REPRESENTATION_CONTEXT(2) 
PARAMETRIC_REPRESENTATION_CONTEXT() REPRESENTATION_CONTEXT('2D SPACE',''
  ) );
#7947 = PCURVE('',#3105,#7948);
#7948 = DEFINITIONAL_REPRESENTATION('',(#7949),#7953);
#7949 = LINE('',#7950,#7951);
#7950 = CARTESIAN_POINT('',(-0.,-4.6));
#7951 = VECTOR('',#7952,1.);
#7952 = DIRECTION('',(-1.,0.));
#7953 = ( GEOMETRIC_REPRESENTATION_CONTEXT(2) 
PARAMETRIC_REPRESENTATION_CONTEXT() REPRESENTATION_CONTEXT('2D SPACE',''
  ) );
#7954 = ORIENTED_EDGE('',*,*,#7955,.T.);
#7955 = EDGE_CURVE('',#7932,#7956,#7958,.T.);
#7956 = VERTEX_POINT('',#7957);
#7957 = CARTESIAN_POINT('',(-30.64595072583,-16.90638057389,4.6));
#7958 = SURFACE_CURVE('',#7959,(#7964,#7975),.PCURVE_S1.);
#7959 = CIRCLE('',#7960,0.55);
#7960 = AXIS2_PLACEMENT_3D('',#7961,#7962,#7963);
#7961 = CARTESIAN_POINT('',(-30.99146050934,-16.47845185378,4.6));
#7962 = DIRECTION('',(0.,0.,-1.));
#7963 = DIRECTION('',(-0.293749760603,0.955882355808,0.));
#7964 = PCURVE('',#100,#7965);
#7965 = DEFINITIONAL_REPRESENTATION('',(#7966),#7974);
#7966 = ( BOUNDED_CURVE() B_SPLINE_CURVE(2,(#7967,#7968,#7969,#7970,
#7971,#7972,#7973),.UNSPECIFIED.,.T.,.F.) B_SPLINE_CURVE_WITH_KNOTS((1,2
    ,2,2,2,1),(-2.094395102393,0.,2.094395102393,4.188790204786,
6.28318530718,8.377580409573),.UNSPECIFIED.) CURVE() 
GEOMETRIC_REPRESENTATION_ITEM() RATIONAL_B_SPLINE_CURVE((1.,0.5,1.,0.5,
1.,0.5,1.)) REPRESENTATION_ITEM('') );
#7967 = CARTESIAN_POINT('',(-31.15302287768,-15.95271655809));
#7968 = CARTESIAN_POINT('',(-30.2424226342,-15.67288232754));
#7969 = CARTESIAN_POINT('',(-30.45537920344,-16.60140238636));
#7970 = CARTESIAN_POINT('',(-30.66833577268,-17.52992244517));
#7971 = CARTESIAN_POINT('',(-31.36597944692,-16.8812366169));
#7972 = CARTESIAN_POINT('',(-32.06362312115,-16.23255078863));
#7973 = CARTESIAN_POINT('',(-31.15302287768,-15.95271655809));
#7974 = ( GEOMETRIC_REPRESENTATION_CONTEXT(2) 
PARAMETRIC_REPRESENTATION_CONTEXT() REPRESENTATION_CONTEXT('2D SPACE',''
  ) );
#7975 = PCURVE('',#3134,#7976);
#7976 = DEFINITIONAL_REPRESENTATION('',(#7977),#7981);
#7977 = LINE('',#7978,#7979);
#7978 = CARTESIAN_POINT('',(-8.152128946558,-4.6));
#7979 = VECTOR('',#7980,1.);
#7980 = DIRECTION('',(1.,-0.));
#7981 = ( GEOMETRIC_REPRESENTATION_CONTEXT(2) 
PARAMETRIC_REPRESENTATION_CONTEXT() REPRESENTATION_CONTEXT('2D SPACE',''
  ) );
#7982 = ORIENTED_EDGE('',*,*,#7983,.T.);
#7983 = EDGE_CURVE('',#7956,#7984,#7986,.T.);
#7984 = VERTEX_POINT('',#7985);
#7985 = CARTESIAN_POINT('',(-29.96433042596,-18.08698156475,4.6));
#7986 = SURFACE_CURVE('',#7987,(#7992,#7999),.PCURVE_S1.);
#7987 = CIRCLE('',#7988,35.);
#7988 = AXIS2_PLACEMENT_3D('',#7989,#7990,#7991);
#7989 = CARTESIAN_POINT('',(0.,0.,4.6));
#7990 = DIRECTION('',(0.,0.,1.));
#7991 = DIRECTION('',(1.,0.,0.));
#7992 = PCURVE('',#100,#7993);
#7993 = DEFINITIONAL_REPRESENTATION('',(#7994),#7998);
#7994 = CIRCLE('',#7995,35.);
#7995 = AXIS2_PLACEMENT_2D('',#7996,#7997);
#7996 = CARTESIAN_POINT('',(1.250230978322E-15,-2.32193833596E-15));
#7997 = DIRECTION('',(1.,0.));
#7998 = ( GEOMETRIC_REPRESENTATION_CONTEXT(2) 
PARAMETRIC_REPRESENTATION_CONTEXT() REPRESENTATION_CONTEXT('2D SPACE',''
  ) );
#7999 = PCURVE('',#3163,#8000);
#8000 = DEFINITIONAL_REPRESENTATION('',(#8001),#8005);
#8001 = LINE('',#8002,#8003);
#8002 = CARTESIAN_POINT('',(-0.,-4.6));
#8003 = VECTOR('',#8004,1.);
#8004 = DIRECTION('',(-1.,0.));
#8005 = ( GEOMETRIC_REPRESENTATION_CONTEXT(2) 
PARAMETRIC_REPRESENTATION_CONTEXT() REPRESENTATION_CONTEXT('2D SPACE',''
  ) );
#8006 = ORIENTED_EDGE('',*,*,#8007,.T.);
#8007 = EDGE_CURVE('',#7984,#8008,#8010,.T.);
#8008 = VERTEX_POINT('',#8009);
#8009 = CARTESIAN_POINT('',(-29.39196923751,-19.0029509377,4.6));
#8010 = SURFACE_CURVE('',#8011,(#8016,#8027),.PCURVE_S1.);
#8011 = CIRCLE('',#8012,0.55);
#8012 = AXIS2_PLACEMENT_3D('',#8013,#8014,#8015);
#8013 = CARTESIAN_POINT('',(-29.76648817509,-18.60016617458,4.6));
#8014 = DIRECTION('',(0.,0.,-1.));
#8015 = DIRECTION('',(-0.359713183405,0.933062926969,0.));
#8016 = PCURVE('',#100,#8017);
#8017 = DEFINITIONAL_REPRESENTATION('',(#8018),#8026);
#8018 = ( BOUNDED_CURVE() B_SPLINE_CURVE(2,(#8019,#8020,#8021,#8022,
#8023,#8024,#8025),.UNSPECIFIED.,.T.,.F.) B_SPLINE_CURVE_WITH_KNOTS((1,2
    ,2,2,2,1),(-2.094395102393,0.,2.094395102393,4.188790204786,
6.28318530718,8.377580409573),.UNSPECIFIED.) CURVE() 
GEOMETRIC_REPRESENTATION_ITEM() RATIONAL_B_SPLINE_CURVE((1.,0.5,1.,0.5,
1.,0.5,1.)) REPRESENTATION_ITEM('') );
#8019 = CARTESIAN_POINT('',(-29.96433042596,-18.08698156475));
#8020 = CARTESIAN_POINT('',(-29.07546860807,-17.74430873435));
#8021 = CARTESIAN_POINT('',(-29.2231361407,-18.6854220643));
#8022 = CARTESIAN_POINT('',(-29.37080367334,-19.62653539425));
#8023 = CARTESIAN_POINT('',(-30.1119979586,-19.0280948947));
#8024 = CARTESIAN_POINT('',(-30.85319224385,-18.42965439514));
#8025 = CARTESIAN_POINT('',(-29.96433042596,-18.08698156475));
#8026 = ( GEOMETRIC_REPRESENTATION_CONTEXT(2) 
PARAMETRIC_REPRESENTATION_CONTEXT() REPRESENTATION_CONTEXT('2D SPACE',''
  ) );
#8027 = PCURVE('',#3192,#8028);
#8028 = DEFINITIONAL_REPRESENTATION('',(#8029),#8033);
#8029 = LINE('',#8030,#8031);
#8030 = CARTESIAN_POINT('',(-8.221942116638,-4.6));
#8031 = VECTOR('',#8032,1.);
#8032 = DIRECTION('',(1.,-0.));
#8033 = ( GEOMETRIC_REPRESENTATION_CONTEXT(2) 
PARAMETRIC_REPRESENTATION_CONTEXT() REPRESENTATION_CONTEXT('2D SPACE',''
  ) );
#8034 = ORIENTED_EDGE('',*,*,#8035,.T.);
#8035 = EDGE_CURVE('',#8008,#8036,#8038,.T.);
#8036 = VERTEX_POINT('',#8037);
#8037 = CARTESIAN_POINT('',(-28.62965476841,-20.13312861532,4.6));
#8038 = SURFACE_CURVE('',#8039,(#8044,#8051),.PCURVE_S1.);
#8039 = CIRCLE('',#8040,35.);
#8040 = AXIS2_PLACEMENT_3D('',#8041,#8042,#8043);
#8041 = CARTESIAN_POINT('',(0.,0.,4.6));
#8042 = DIRECTION('',(0.,0.,1.));
#8043 = DIRECTION('',(1.,0.,0.));
#8044 = PCURVE('',#100,#8045);
#8045 = DEFINITIONAL_REPRESENTATION('',(#8046),#8050);
#8046 = CIRCLE('',#8047,35.);
#8047 = AXIS2_PLACEMENT_2D('',#8048,#8049);
#8048 = CARTESIAN_POINT('',(1.250230978322E-15,-2.32193833596E-15));
#8049 = DIRECTION('',(1.,0.));
#8050 = ( GEOMETRIC_REPRESENTATION_CONTEXT(2) 
PARAMETRIC_REPRESENTATION_CONTEXT() REPRESENTATION_CONTEXT('2D SPACE',''
  ) );
#8051 = PCURVE('',#3221,#8052);
#8052 = DEFINITIONAL_REPRESENTATION('',(#8053),#8057);
#8053 = LINE('',#8054,#8055);
#8054 = CARTESIAN_POINT('',(-0.,-4.6));
#8055 = VECTOR('',#8056,1.);
#8056 = DIRECTION('',(-1.,0.));
#8057 = ( GEOMETRIC_REPRESENTATION_CONTEXT(2) 
PARAMETRIC_REPRESENTATION_CONTEXT() REPRESENTATION_CONTEXT('2D SPACE',''
  ) );
#8058 = ORIENTED_EDGE('',*,*,#8059,.T.);
#8059 = EDGE_CURVE('',#8036,#8060,#8062,.T.);
#8060 = VERTEX_POINT('',#8061);
#8061 = CARTESIAN_POINT('',(-27.99479302954,-21.0069408347,4.6));
#8062 = SURFACE_CURVE('',#8063,(#8068,#8079),.PCURVE_S1.);
#8063 = CIRCLE('',#8064,0.55);
#8064 = AXIS2_PLACEMENT_3D('',#8065,#8066,#8067);
#8065 = CARTESIAN_POINT('',(-28.39649650256,-20.63126235546,4.6));
#8066 = DIRECTION('',(0.,0.,-1.));
#8067 = DIRECTION('',(-0.423924119736,0.905697709341,0.));
#8068 = PCURVE('',#100,#8069);
#8069 = DEFINITIONAL_REPRESENTATION('',(#8070),#8078);
#8070 = ( BOUNDED_CURVE() B_SPLINE_CURVE(2,(#8071,#8072,#8073,#8074,
#8075,#8076,#8077),.UNSPECIFIED.,.T.,.F.) B_SPLINE_CURVE_WITH_KNOTS((1,2
    ,2,2,2,1),(-2.094395102393,0.,2.094395102393,4.188790204786,
6.28318530718,8.377580409573),.UNSPECIFIED.) CURVE() 
GEOMETRIC_REPRESENTATION_ITEM() RATIONAL_B_SPLINE_CURVE((1.,0.5,1.,0.5,
1.,0.5,1.)) REPRESENTATION_ITEM('') );
#8071 = CARTESIAN_POINT('',(-28.62965476841,-20.13312861532));
#8072 = CARTESIAN_POINT('',(-27.76686182153,-19.72928665266));
#8073 = CARTESIAN_POINT('',(-27.84852089619,-20.6784082442));
#8074 = CARTESIAN_POINT('',(-27.93017997085,-21.62752983574));
#8075 = CARTESIAN_POINT('',(-28.71131384307,-21.08225020686));
#8076 = CARTESIAN_POINT('',(-29.49244771529,-20.53697057799));
#8077 = CARTESIAN_POINT('',(-28.62965476841,-20.13312861532));
#8078 = ( GEOMETRIC_REPRESENTATION_CONTEXT(2) 
PARAMETRIC_REPRESENTATION_CONTEXT() REPRESENTATION_CONTEXT('2D SPACE',''
  ) );
#8079 = PCURVE('',#3250,#8080);
#8080 = DEFINITIONAL_REPRESENTATION('',(#8081),#8085);
#8081 = LINE('',#8082,#8083);
#8082 = CARTESIAN_POINT('',(-8.291755286717,-4.6));
#8083 = VECTOR('',#8084,1.);
#8084 = DIRECTION('',(1.,-0.));
#8085 = ( GEOMETRIC_REPRESENTATION_CONTEXT(2) 
PARAMETRIC_REPRESENTATION_CONTEXT() REPRESENTATION_CONTEXT('2D SPACE',''
  ) );
#8086 = ORIENTED_EDGE('',*,*,#8087,.T.);
#8087 = EDGE_CURVE('',#8060,#8088,#8090,.T.);
#8088 = VERTEX_POINT('',#8089);
#8089 = CARTESIAN_POINT('',(-27.15549831067,-22.08118908706,4.6));
#8090 = SURFACE_CURVE('',#8091,(#8096,#8103),.PCURVE_S1.);
#8091 = CIRCLE('',#8092,35.);
#8092 = AXIS2_PLACEMENT_3D('',#8093,#8094,#8095);
#8093 = CARTESIAN_POINT('',(0.,0.,4.6));
#8094 = DIRECTION('',(0.,0.,1.));
#8095 = DIRECTION('',(1.,0.,0.));
#8096 = PCURVE('',#100,#8097);
#8097 = DEFINITIONAL_REPRESENTATION('',(#8098),#8102);
#8098 = CIRCLE('',#8099,35.);
#8099 = AXIS2_PLACEMENT_2D('',#8100,#8101);
#8100 = CARTESIAN_POINT('',(1.250230978322E-15,-2.32193833596E-15));
#8101 = DIRECTION('',(1.,0.));
#8102 = ( GEOMETRIC_REPRESENTATION_CONTEXT(2) 
PARAMETRIC_REPRESENTATION_CONTEXT() REPRESENTATION_CONTEXT('2D SPACE',''
  ) );
#8103 = PCURVE('',#3279,#8104);
#8104 = DEFINITIONAL_REPRESENTATION('',(#8105),#8109);
#8105 = LINE('',#8106,#8107);
#8106 = CARTESIAN_POINT('',(-0.,-4.6));
#8107 = VECTOR('',#8108,1.);
#8108 = DIRECTION('',(-1.,0.));
#8109 = ( GEOMETRIC_REPRESENTATION_CONTEXT(2) 
PARAMETRIC_REPRESENTATION_CONTEXT() REPRESENTATION_CONTEXT('2D SPACE',''
  ) );
#8110 = ORIENTED_EDGE('',*,*,#8111,.T.);
#8111 = EDGE_CURVE('',#8088,#8112,#8114,.T.);
#8112 = VERTEX_POINT('',#8113);
#8113 = CARTESIAN_POINT('',(-26.46122900395,-22.90858702757,4.6));
#8114 = SURFACE_CURVE('',#8115,(#8120,#8131),.PCURVE_S1.);
#8115 = CIRCLE('',#8116,0.55);
#8116 = AXIS2_PLACEMENT_3D('',#8117,#8118,#8119);
#8117 = CARTESIAN_POINT('',(-26.88815995347,-22.56184509999,4.6));
#8118 = DIRECTION('',(0.,0.,-1.));
#8119 = DIRECTION('',(-0.486069740369,0.873920023514,0.));
#8120 = PCURVE('',#100,#8121);
#8121 = DEFINITIONAL_REPRESENTATION('',(#8122),#8130);
#8122 = ( BOUNDED_CURVE() B_SPLINE_CURVE(2,(#8123,#8124,#8125,#8126,
#8127,#8128,#8129),.UNSPECIFIED.,.T.,.F.) B_SPLINE_CURVE_WITH_KNOTS((1,2
    ,2,2,2,1),(-2.094395102393,0.,2.094395102393,4.188790204786,
6.28318530718,8.377580409573),.UNSPECIFIED.) CURVE() 
GEOMETRIC_REPRESENTATION_ITEM() RATIONAL_B_SPLINE_CURVE((1.,0.5,1.,0.5,
1.,0.5,1.)) REPRESENTATION_ITEM('') );
#8123 = CARTESIAN_POINT('',(-27.15549831067,-22.08118908706));
#8124 = CARTESIAN_POINT('',(-26.32297767531,-21.61814546957));
#8125 = CARTESIAN_POINT('',(-26.33823045719,-22.57065129772));
#8126 = CARTESIAN_POINT('',(-26.35348323907,-23.52315712586));
#8127 = CARTESIAN_POINT('',(-27.17075109255,-23.0336949152));
#8128 = CARTESIAN_POINT('',(-27.98801894604,-22.54423270455));
#8129 = CARTESIAN_POINT('',(-27.15549831067,-22.08118908706));
#8130 = ( GEOMETRIC_REPRESENTATION_CONTEXT(2) 
PARAMETRIC_REPRESENTATION_CONTEXT() REPRESENTATION_CONTEXT('2D SPACE',''
  ) );
#8131 = PCURVE('',#3308,#8132);
#8132 = DEFINITIONAL_REPRESENTATION('',(#8133),#8137);
#8133 = LINE('',#8134,#8135);
#8134 = CARTESIAN_POINT('',(-8.361568456797,-4.6));
#8135 = VECTOR('',#8136,1.);
#8136 = DIRECTION('',(1.,-0.));
#8137 = ( GEOMETRIC_REPRESENTATION_CONTEXT(2) 
PARAMETRIC_REPRESENTATION_CONTEXT() REPRESENTATION_CONTEXT('2D SPACE',''
  ) );
#8138 = ORIENTED_EDGE('',*,*,#8139,.T.);
#8139 = EDGE_CURVE('',#8112,#8140,#8142,.T.);
#8140 = VERTEX_POINT('',#8141);
#8141 = CARTESIAN_POINT('',(-25.54904299483,-23.92167222516,4.6));
#8142 = SURFACE_CURVE('',#8143,(#8148,#8155),.PCURVE_S1.);
#8143 = CIRCLE('',#8144,35.);
#8144 = AXIS2_PLACEMENT_3D('',#8145,#8146,#8147);
#8145 = CARTESIAN_POINT('',(0.,0.,4.6));
#8146 = DIRECTION('',(0.,0.,1.));
#8147 = DIRECTION('',(1.,0.,0.));
#8148 = PCURVE('',#100,#8149);
#8149 = DEFINITIONAL_REPRESENTATION('',(#8150),#8154);
#8150 = CIRCLE('',#8151,35.);
#8151 = AXIS2_PLACEMENT_2D('',#8152,#8153);
#8152 = CARTESIAN_POINT('',(1.250230978322E-15,-2.32193833596E-15));
#8153 = DIRECTION('',(1.,0.));
#8154 = ( GEOMETRIC_REPRESENTATION_CONTEXT(2) 
PARAMETRIC_REPRESENTATION_CONTEXT() REPRESENTATION_CONTEXT('2D SPACE',''
  ) );
#8155 = PCURVE('',#3337,#8156);
#8156 = DEFINITIONAL_REPRESENTATION('',(#8157),#8161);
#8157 = LINE('',#8158,#8159);
#8158 = CARTESIAN_POINT('',(-0.,-4.6));
#8159 = VECTOR('',#8160,1.);
#8160 = DIRECTION('',(-1.,0.));
#8161 = ( GEOMETRIC_REPRESENTATION_CONTEXT(2) 
PARAMETRIC_REPRESENTATION_CONTEXT() REPRESENTATION_CONTEXT('2D SPACE',''
  ) );
#8162 = ORIENTED_EDGE('',*,*,#8163,.T.);
#8163 = EDGE_CURVE('',#8140,#8164,#8166,.T.);
#8164 = VERTEX_POINT('',#8165);
#8165 = CARTESIAN_POINT('',(-24.79874853053,-24.69862488721,4.6));
#8166 = SURFACE_CURVE('',#8167,(#8172,#8183),.PCURVE_S1.);
#8167 = CIRCLE('',#8168,0.55);
#8168 = AXIS2_PLACEMENT_3D('',#8169,#8170,#8171);
#8169 = CARTESIAN_POINT('',(-25.24882699188,-24.38250880311,4.6));
#8170 = DIRECTION('',(0.,0.,-1.));
#8171 = DIRECTION('',(-0.545847278085,0.837884687178,0.));
#8172 = PCURVE('',#100,#8173);
#8173 = DEFINITIONAL_REPRESENTATION('',(#8174),#8182);
#8174 = ( BOUNDED_CURVE() B_SPLINE_CURVE(2,(#8175,#8176,#8177,#8178,
#8179,#8180,#8181),.UNSPECIFIED.,.T.,.F.) B_SPLINE_CURVE_WITH_KNOTS((1,2
    ,2,2,2,1),(-2.094395102393,0.,2.094395102393,4.188790204786,
6.28318530718,8.377580409573),.UNSPECIFIED.) CURVE() 
GEOMETRIC_REPRESENTATION_ITEM() RATIONAL_B_SPLINE_CURVE((1.,0.5,1.,0.5,
1.,0.5,1.)) REPRESENTATION_ITEM('') );
#8175 = CARTESIAN_POINT('',(-25.54904299483,-23.92167222516));
#8176 = CARTESIAN_POINT('',(-24.75085062784,-23.40168285481));
#8177 = CARTESIAN_POINT('',(-24.69962280691,-24.35293240691));
#8178 = CARTESIAN_POINT('',(-24.64839498599,-25.304181959));
#8179 = CARTESIAN_POINT('',(-25.4978151739,-24.87292177725));
#8180 = CARTESIAN_POINT('',(-26.34723536182,-24.44166159551));
#8181 = CARTESIAN_POINT('',(-25.54904299483,-23.92167222516));
#8182 = ( GEOMETRIC_REPRESENTATION_CONTEXT(2) 
PARAMETRIC_REPRESENTATION_CONTEXT() REPRESENTATION_CONTEXT('2D SPACE',''
  ) );
#8183 = PCURVE('',#3366,#8184);
#8184 = DEFINITIONAL_REPRESENTATION('',(#8185),#8189);
#8185 = LINE('',#8186,#8187);
#8186 = CARTESIAN_POINT('',(-8.431381626877,-4.6));
#8187 = VECTOR('',#8188,1.);
#8188 = DIRECTION('',(1.,-0.));
#8189 = ( GEOMETRIC_REPRESENTATION_CONTEXT(2) 
PARAMETRIC_REPRESENTATION_CONTEXT() REPRESENTATION_CONTEXT('2D SPACE',''
  ) );
#8190 = ORIENTED_EDGE('',*,*,#8191,.T.);
#8191 = EDGE_CURVE('',#8164,#8192,#8194,.T.);
#8192 = VERTEX_POINT('',#8193);
#8193 = CARTESIAN_POINT('',(-23.81811530969,-25.64561138077,4.6));
#8194 = SURFACE_CURVE('',#8195,(#8200,#8207),.PCURVE_S1.);
#8195 = CIRCLE('',#8196,35.);
#8196 = AXIS2_PLACEMENT_3D('',#8197,#8198,#8199);
#8197 = CARTESIAN_POINT('',(0.,0.,4.6));
#8198 = DIRECTION('',(0.,0.,1.));
#8199 = DIRECTION('',(1.,0.,0.));
#8200 = PCURVE('',#100,#8201);
#8201 = DEFINITIONAL_REPRESENTATION('',(#8202),#8206);
#8202 = CIRCLE('',#8203,35.);
#8203 = AXIS2_PLACEMENT_2D('',#8204,#8205);
#8204 = CARTESIAN_POINT('',(1.250230978322E-15,-2.32193833596E-15));
#8205 = DIRECTION('',(1.,0.));
#8206 = ( GEOMETRIC_REPRESENTATION_CONTEXT(2) 
PARAMETRIC_REPRESENTATION_CONTEXT() REPRESENTATION_CONTEXT('2D SPACE',''
  ) );
#8207 = PCURVE('',#3395,#8208);
#8208 = DEFINITIONAL_REPRESENTATION('',(#8209),#8213);
#8209 = LINE('',#8210,#8211);
#8210 = CARTESIAN_POINT('',(-0.,-4.6));
#8211 = VECTOR('',#8212,1.);
#8212 = DIRECTION('',(-1.,0.));
#8213 = ( GEOMETRIC_REPRESENTATION_CONTEXT(2) 
PARAMETRIC_REPRESENTATION_CONTEXT() REPRESENTATION_CONTEXT('2D SPACE',''
  ) );
#8214 = ORIENTED_EDGE('',*,*,#8215,.T.);
#8215 = EDGE_CURVE('',#8192,#8216,#8218,.T.);
#8216 = VERTEX_POINT('',#8217);
#8217 = CARTESIAN_POINT('',(-23.01545104703,-26.36833352909,4.6));
#8218 = SURFACE_CURVE('',#8219,(#8224,#8235),.PCURVE_S1.);
#8219 = CIRCLE('',#8220,0.55);
#8220 = AXIS2_PLACEMENT_3D('',#8221,#8222,#8223);
#8221 = CARTESIAN_POINT('',(-23.48648428319,-26.08438337425,4.6));
#8222 = DIRECTION('',(0.,0.,-1.));
#8223 = DIRECTION('',(-0.602965502732,0.797767260869,0.));
#8224 = PCURVE('',#100,#8225);
#8225 = DEFINITIONAL_REPRESENTATION('',(#8226),#8234);
#8226 = ( BOUNDED_CURVE() B_SPLINE_CURVE(2,(#8227,#8228,#8229,#8230,
#8231,#8232,#8233),.UNSPECIFIED.,.T.,.F.) B_SPLINE_CURVE_WITH_KNOTS((1,2
    ,2,2,2,1),(-2.094395102393,0.,2.094395102393,4.188790204786,
6.28318530718,8.377580409573),.UNSPECIFIED.) CURVE() 
GEOMETRIC_REPRESENTATION_ITEM() RATIONAL_B_SPLINE_CURVE((1.,0.5,1.,0.5,
1.,0.5,1.)) REPRESENTATION_ITEM('') );
#8227 = CARTESIAN_POINT('',(-23.81811530969,-25.64561138077));
#8228 = CARTESIAN_POINT('',(-23.05813992405,-25.07120959351));
#8229 = CARTESIAN_POINT('',(-22.94068107712,-26.01656847736));
#8230 = CARTESIAN_POINT('',(-22.82322223019,-26.96192736121));
#8231 = CARTESIAN_POINT('',(-23.70065646276,-26.59097026463));
#8232 = CARTESIAN_POINT('',(-24.57809069534,-26.22001316804));
#8233 = CARTESIAN_POINT('',(-23.81811530969,-25.64561138077));
#8234 = ( GEOMETRIC_REPRESENTATION_CONTEXT(2) 
PARAMETRIC_REPRESENTATION_CONTEXT() REPRESENTATION_CONTEXT('2D SPACE',''
  ) );
#8235 = PCURVE('',#3424,#8236);
#8236 = DEFINITIONAL_REPRESENTATION('',(#8237),#8241);
#8237 = LINE('',#8238,#8239);
#8238 = CARTESIAN_POINT('',(-8.501194796957,-4.6));
#8239 = VECTOR('',#8240,1.);
#8240 = DIRECTION('',(1.,-0.));
#8241 = ( GEOMETRIC_REPRESENTATION_CONTEXT(2) 
PARAMETRIC_REPRESENTATION_CONTEXT() REPRESENTATION_CONTEXT('2D SPACE',''
  ) );
#8242 = ORIENTED_EDGE('',*,*,#8243,.T.);
#8243 = EDGE_CURVE('',#8216,#8244,#8246,.T.);
#8244 = VERTEX_POINT('',#8245);
#8245 = CARTESIAN_POINT('',(-21.97114816096,-27.24460769563,4.6));
#8246 = SURFACE_CURVE('',#8247,(#8252,#8259),.PCURVE_S1.);
#8247 = CIRCLE('',#8248,35.);
#8248 = AXIS2_PLACEMENT_3D('',#8249,#8250,#8251);
#8249 = CARTESIAN_POINT('',(0.,0.,4.6));
#8250 = DIRECTION('',(0.,0.,1.));
#8251 = DIRECTION('',(1.,0.,0.));
#8252 = PCURVE('',#100,#8253);
#8253 = DEFINITIONAL_REPRESENTATION('',(#8254),#8258);
#8254 = CIRCLE('',#8255,35.);
#8255 = AXIS2_PLACEMENT_2D('',#8256,#8257);
#8256 = CARTESIAN_POINT('',(1.250230978322E-15,-2.32193833596E-15));
#8257 = DIRECTION('',(1.,0.));
#8258 = ( GEOMETRIC_REPRESENTATION_CONTEXT(2) 
PARAMETRIC_REPRESENTATION_CONTEXT() REPRESENTATION_CONTEXT('2D SPACE',''
  ) );
#8259 = PCURVE('',#3453,#8260);
#8260 = DEFINITIONAL_REPRESENTATION('',(#8261),#8265);
#8261 = LINE('',#8262,#8263);
#8262 = CARTESIAN_POINT('',(-0.,-4.6));
#8263 = VECTOR('',#8264,1.);
#8264 = DIRECTION('',(-1.,0.));
#8265 = ( GEOMETRIC_REPRESENTATION_CONTEXT(2) 
PARAMETRIC_REPRESENTATION_CONTEXT() REPRESENTATION_CONTEXT('2D SPACE',''
  ) );
#8266 = ORIENTED_EDGE('',*,*,#8267,.T.);
#8267 = EDGE_CURVE('',#8244,#8268,#8270,.T.);
#8268 = VERTEX_POINT('',#8269);
#8269 = CARTESIAN_POINT('',(-21.12002459953,-27.90957830055,4.6));
#8270 = SURFACE_CURVE('',#8271,(#8276,#8287),.PCURVE_S1.);
#8271 = CIRCLE('',#8272,0.55);
#8272 = AXIS2_PLACEMENT_3D('',#8273,#8274,#8275);
#8273 = CARTESIAN_POINT('',(-21.60971778393,-27.65917745159,4.6));
#8274 = DIRECTION('',(0.,0.,-1.));
#8275 = DIRECTION('',(-0.657146140059,0.753763192658,0.));
#8276 = PCURVE('',#100,#8277);
#8277 = DEFINITIONAL_REPRESENTATION('',(#8278),#8286);
#8278 = ( BOUNDED_CURVE() B_SPLINE_CURVE(2,(#8279,#8280,#8281,#8282,
#8283,#8284,#8285),.UNSPECIFIED.,.T.,.F.) B_SPLINE_CURVE_WITH_KNOTS((1,2
    ,2,2,2,1),(-2.094395102393,0.,2.094395102393,4.188790204786,
6.28318530718,8.377580409573),.UNSPECIFIED.) CURVE() 
GEOMETRIC_REPRESENTATION_ITEM() RATIONAL_B_SPLINE_CURVE((1.,0.5,1.,0.5,
1.,0.5,1.)) REPRESENTATION_ITEM('') );
#8279 = CARTESIAN_POINT('',(-21.97114816096,-27.24460769563));
#8280 = CARTESIAN_POINT('',(-21.25309228035,-26.61859191921));
#8281 = CARTESIAN_POINT('',(-21.06997465511,-27.55345444136));
#8282 = CARTESIAN_POINT('',(-20.88685702986,-28.48831696351));
#8283 = CARTESIAN_POINT('',(-21.78803053571,-28.17947021778));
#8284 = CARTESIAN_POINT('',(-22.68920404157,-27.87062347205));
#8285 = CARTESIAN_POINT('',(-21.97114816096,-27.24460769563));
#8286 = ( GEOMETRIC_REPRESENTATION_CONTEXT(2) 
PARAMETRIC_REPRESENTATION_CONTEXT() REPRESENTATION_CONTEXT('2D SPACE',''
  ) );
#8287 = PCURVE('',#3482,#8288);
#8288 = DEFINITIONAL_REPRESENTATION('',(#8289),#8293);
#8289 = LINE('',#8290,#8291);
#8290 = CARTESIAN_POINT('',(-8.571007967036,-4.6));
#8291 = VECTOR('',#8292,1.);
#8292 = DIRECTION('',(1.,-0.));
#8293 = ( GEOMETRIC_REPRESENTATION_CONTEXT(2) 
PARAMETRIC_REPRESENTATION_CONTEXT() REPRESENTATION_CONTEXT('2D SPACE',''
  ) );
#8294 = ORIENTED_EDGE('',*,*,#8295,.T.);
#8295 = EDGE_CURVE('',#8268,#8296,#8298,.T.);
#8296 = VERTEX_POINT('',#8297);
#8297 = CARTESIAN_POINT('',(-20.01713978691,-28.71087102041,4.6));
#8298 = SURFACE_CURVE('',#8299,(#8304,#8311),.PCURVE_S1.);
#8299 = CIRCLE('',#8300,35.);
#8300 = AXIS2_PLACEMENT_3D('',#8301,#8302,#8303);
#8301 = CARTESIAN_POINT('',(0.,0.,4.6));
#8302 = DIRECTION('',(0.,0.,1.));
#8303 = DIRECTION('',(1.,0.,0.));
#8304 = PCURVE('',#100,#8305);
#8305 = DEFINITIONAL_REPRESENTATION('',(#8306),#8310);
#8306 = CIRCLE('',#8307,35.);
#8307 = AXIS2_PLACEMENT_2D('',#8308,#8309);
#8308 = CARTESIAN_POINT('',(1.250230978322E-15,-2.32193833596E-15));
#8309 = DIRECTION('',(1.,0.));
#8310 = ( GEOMETRIC_REPRESENTATION_CONTEXT(2) 
PARAMETRIC_REPRESENTATION_CONTEXT() REPRESENTATION_CONTEXT('2D SPACE',''
  ) );
#8311 = PCURVE('',#3511,#8312);
#8312 = DEFINITIONAL_REPRESENTATION('',(#8313),#8317);
#8313 = LINE('',#8314,#8315);
#8314 = CARTESIAN_POINT('',(-0.,-4.6));
#8315 = VECTOR('',#8316,1.);
#8316 = DIRECTION('',(-1.,0.));
#8317 = ( GEOMETRIC_REPRESENTATION_CONTEXT(2) 
PARAMETRIC_REPRESENTATION_CONTEXT() REPRESENTATION_CONTEXT('2D SPACE',''
  ) );
#8318 = ORIENTED_EDGE('',*,*,#8319,.T.);
#8319 = EDGE_CURVE('',#8296,#8320,#8322,.T.);
#8320 = VERTEX_POINT('',#8321);
#8321 = CARTESIAN_POINT('',(-19.12170351517,-29.314850412,4.6));
#8322 = SURFACE_CURVE('',#8323,(#8328,#8339),.PCURVE_S1.);
#8323 = CIRCLE('',#8324,0.55);
#8324 = AXIS2_PLACEMENT_3D('',#8325,#8326,#8327);
#8325 = CARTESIAN_POINT('',(-19.62767091182,-29.09921879668,4.6));
#8326 = DIRECTION('',(0.,0.,-1.));
#8327 = DIRECTION('',(-0.708125227448,0.706086865939,0.));
#8328 = PCURVE('',#100,#8329);
#8329 = DEFINITIONAL_REPRESENTATION('',(#8330),#8338);
#8330 = ( BOUNDED_CURVE() B_SPLINE_CURVE(2,(#8331,#8332,#8333,#8334,
#8335,#8336,#8337),.UNSPECIFIED.,.T.,.F.) B_SPLINE_CURVE_WITH_KNOTS((1,2
    ,2,2,2,1),(-2.094395102393,0.,2.094395102393,4.188790204786,
6.28318530718,8.377580409573),.UNSPECIFIED.) CURVE() 
GEOMETRIC_REPRESENTATION_ITEM() RATIONAL_B_SPLINE_CURVE((1.,0.5,1.,0.5,
1.,0.5,1.)) REPRESENTATION_ITEM('') );
#8331 = CARTESIAN_POINT('',(-20.01713978691,-28.71087102041));
#8332 = CARTESIAN_POINT('',(-19.34450170741,-28.03629114078));
#8333 = CARTESIAN_POINT('',(-19.09661743452,-28.95610274499));
#8334 = CARTESIAN_POINT('',(-18.84873316163,-29.87591434921));
#8335 = CARTESIAN_POINT('',(-19.76925551402,-29.63068262463));
#8336 = CARTESIAN_POINT('',(-20.68977786642,-29.38545090004));
#8337 = CARTESIAN_POINT('',(-20.01713978691,-28.71087102041));
#8338 = ( GEOMETRIC_REPRESENTATION_CONTEXT(2) 
PARAMETRIC_REPRESENTATION_CONTEXT() REPRESENTATION_CONTEXT('2D SPACE',''
  ) );
#8339 = PCURVE('',#3540,#8340);
#8340 = DEFINITIONAL_REPRESENTATION('',(#8341),#8345);
#8341 = LINE('',#8342,#8343);
#8342 = CARTESIAN_POINT('',(-8.640821137116,-4.6));
#8343 = VECTOR('',#8344,1.);
#8344 = DIRECTION('',(1.,-0.));
#8345 = ( GEOMETRIC_REPRESENTATION_CONTEXT(2) 
PARAMETRIC_REPRESENTATION_CONTEXT() REPRESENTATION_CONTEXT('2D SPACE',''
  ) );
#8346 = ORIENTED_EDGE('',*,*,#8347,.T.);
#8347 = EDGE_CURVE('',#8320,#8348,#8350,.T.);
#8348 = VERTEX_POINT('',#8349);
#8349 = CARTESIAN_POINT('',(-17.96560991995,-30.03725786759,4.6));
#8350 = SURFACE_CURVE('',#8351,(#8356,#8363),.PCURVE_S1.);
#8351 = CIRCLE('',#8352,35.);
#8352 = AXIS2_PLACEMENT_3D('',#8353,#8354,#8355);
#8353 = CARTESIAN_POINT('',(0.,0.,4.6));
#8354 = DIRECTION('',(0.,0.,1.));
#8355 = DIRECTION('',(1.,0.,0.));
#8356 = PCURVE('',#100,#8357);
#8357 = DEFINITIONAL_REPRESENTATION('',(#8358),#8362);
#8358 = CIRCLE('',#8359,35.);
#8359 = AXIS2_PLACEMENT_2D('',#8360,#8361);
#8360 = CARTESIAN_POINT('',(1.250230978322E-15,-2.32193833596E-15));
#8361 = DIRECTION('',(1.,0.));
#8362 = ( GEOMETRIC_REPRESENTATION_CONTEXT(2) 
PARAMETRIC_REPRESENTATION_CONTEXT() REPRESENTATION_CONTEXT('2D SPACE',''
  ) );
#8363 = PCURVE('',#3569,#8364);
#8364 = DEFINITIONAL_REPRESENTATION('',(#8365),#8369);
#8365 = LINE('',#8366,#8367);
#8366 = CARTESIAN_POINT('',(-0.,-4.6));
#8367 = VECTOR('',#8368,1.);
#8368 = DIRECTION('',(-1.,0.));
#8369 = ( GEOMETRIC_REPRESENTATION_CONTEXT(2) 
PARAMETRIC_REPRESENTATION_CONTEXT() REPRESENTATION_CONTEXT('2D SPACE',''
  ) );
#8370 = ORIENTED_EDGE('',*,*,#8371,.T.);
#8371 = EDGE_CURVE('',#8348,#8372,#8374,.T.);
#8372 = VERTEX_POINT('',#8373);
#8373 = CARTESIAN_POINT('',(-17.03022341338,-30.57730351895,4.6));
#8374 = SURFACE_CURVE('',#8375,(#8380,#8391),.PCURVE_S1.);
#8375 = CIRCLE('',#8376,0.55);
#8376 = AXIS2_PLACEMENT_3D('',#8377,#8378,#8379);
#8377 = CARTESIAN_POINT('',(-17.55,-30.39749167283,4.6));
#8378 = DIRECTION('',(0.,0.,-1.));
#8379 = DIRECTION('',(-0.755654399909,0.654970554986,0.));
#8380 = PCURVE('',#100,#8381);
#8381 = DEFINITIONAL_REPRESENTATION('',(#8382),#8390);
#8382 = ( BOUNDED_CURVE() B_SPLINE_CURVE(2,(#8383,#8384,#8385,#8386,
#8387,#8388,#8389),.UNSPECIFIED.,.T.,.F.) B_SPLINE_CURVE_WITH_KNOTS((1,2
    ,2,2,2,1),(-2.094395102393,0.,2.094395102393,4.188790204786,
6.28318530718,8.377580409573),.UNSPECIFIED.) CURVE() 
GEOMETRIC_REPRESENTATION_ITEM() RATIONAL_B_SPLINE_CURVE((1.,0.5,1.,0.5,
1.,0.5,1.)) REPRESENTATION_ITEM('') );
#8383 = CARTESIAN_POINT('',(-17.96560991995,-30.03725786759));
#8384 = CARTESIAN_POINT('',(-17.34166666666,-29.3174003701));
#8385 = CARTESIAN_POINT('',(-17.03022341338,-30.21767982671));
#8386 = CARTESIAN_POINT('',(-16.7187801601,-31.11795928331));
#8387 = CARTESIAN_POINT('',(-17.65416666666,-30.93753732419));
#8388 = CARTESIAN_POINT('',(-18.58955317323,-30.75711536507));
#8389 = CARTESIAN_POINT('',(-17.96560991995,-30.03725786759));
#8390 = ( GEOMETRIC_REPRESENTATION_CONTEXT(2) 
PARAMETRIC_REPRESENTATION_CONTEXT() REPRESENTATION_CONTEXT('2D SPACE',''
  ) );
#8391 = PCURVE('',#3598,#8392);
#8392 = DEFINITIONAL_REPRESENTATION('',(#8393),#8397);
#8393 = LINE('',#8394,#8395);
#8394 = CARTESIAN_POINT('',(-8.710634307196,-4.6));
#8395 = VECTOR('',#8396,1.);
#8396 = DIRECTION('',(1.,-0.));
#8397 = ( GEOMETRIC_REPRESENTATION_CONTEXT(2) 
PARAMETRIC_REPRESENTATION_CONTEXT() REPRESENTATION_CONTEXT('2D SPACE',''
  ) );
#8398 = ORIENTED_EDGE('',*,*,#8399,.T.);
#8399 = EDGE_CURVE('',#8372,#8400,#8402,.T.);
#8400 = VERTEX_POINT('',#8401);
#8401 = CARTESIAN_POINT('',(-15.82655340734,-31.21730621377,4.6));
#8402 = SURFACE_CURVE('',#8403,(#8408,#8415),.PCURVE_S1.);
#8403 = CIRCLE('',#8404,35.);
#8404 = AXIS2_PLACEMENT_3D('',#8405,#8406,#8407);
#8405 = CARTESIAN_POINT('',(0.,0.,4.6));
#8406 = DIRECTION('',(0.,0.,1.));
#8407 = DIRECTION('',(1.,0.,0.));
#8408 = PCURVE('',#100,#8409);
#8409 = DEFINITIONAL_REPRESENTATION('',(#8410),#8414);
#8410 = CIRCLE('',#8411,35.);
#8411 = AXIS2_PLACEMENT_2D('',#8412,#8413);
#8412 = CARTESIAN_POINT('',(1.250230978322E-15,-2.32193833596E-15));
#8413 = DIRECTION('',(1.,0.));
#8414 = ( GEOMETRIC_REPRESENTATION_CONTEXT(2) 
PARAMETRIC_REPRESENTATION_CONTEXT() REPRESENTATION_CONTEXT('2D SPACE',''
  ) );
#8415 = PCURVE('',#3627,#8416);
#8416 = DEFINITIONAL_REPRESENTATION('',(#8417),#8421);
#8417 = LINE('',#8418,#8419);
#8418 = CARTESIAN_POINT('',(-0.,-4.6));
#8419 = VECTOR('',#8420,1.);
#8420 = DIRECTION('',(-1.,0.));
#8421 = ( GEOMETRIC_REPRESENTATION_CONTEXT(2) 
PARAMETRIC_REPRESENTATION_CONTEXT() REPRESENTATION_CONTEXT('2D SPACE',''
  ) );
#8422 = ORIENTED_EDGE('',*,*,#8423,.T.);
#8423 = EDGE_CURVE('',#8400,#8424,#8426,.T.);
#8424 = VERTEX_POINT('',#8425);
#8425 = CARTESIAN_POINT('',(-14.85577377499,-31.69078707678,4.6));
#8426 = SURFACE_CURVE('',#8427,(#8432,#8443),.PCURVE_S1.);
#8427 = CIRCLE('',#8428,0.55);
#8428 = AXIS2_PLACEMENT_3D('',#8429,#8430,#8431);
#8429 = CARTESIAN_POINT('',(-15.38682725229,-31.5476710251,4.6));
#8430 = DIRECTION('',(0.,0.,-1.));
#8431 = DIRECTION('',(-0.799502100092,0.600663293326,0.));
#8432 = PCURVE('',#100,#8433);
#8433 = DEFINITIONAL_REPRESENTATION('',(#8434),#8442);
#8434 = ( BOUNDED_CURVE() B_SPLINE_CURVE(2,(#8435,#8436,#8437,#8438,
#8439,#8440,#8441),.UNSPECIFIED.,.T.,.F.) B_SPLINE_CURVE_WITH_KNOTS((1,2
    ,2,2,2,1),(-2.094395102393,0.,2.094395102393,4.188790204786,
6.28318530718,8.377580409573),.UNSPECIFIED.) CURVE() 
GEOMETRIC_REPRESENTATION_ITEM() RATIONAL_B_SPLINE_CURVE((1.,0.5,1.,0.5,
1.,0.5,1.)) REPRESENTATION_ITEM('') );
#8435 = CARTESIAN_POINT('',(-15.82655340734,-31.21730621377));
#8436 = CARTESIAN_POINT('',(-15.25434476909,-30.4556781718));
#8437 = CARTESIAN_POINT('',(-14.88085985564,-31.33203940978));
#8438 = CARTESIAN_POINT('',(-14.50737494219,-32.20840064775));
#8439 = CARTESIAN_POINT('',(-15.45306849389,-32.09366745174));
#8440 = CARTESIAN_POINT('',(-16.3987620456,-31.97893425573));
#8441 = CARTESIAN_POINT('',(-15.82655340734,-31.21730621377));
#8442 = ( GEOMETRIC_REPRESENTATION_CONTEXT(2) 
PARAMETRIC_REPRESENTATION_CONTEXT() REPRESENTATION_CONTEXT('2D SPACE',''
  ) );
#8443 = PCURVE('',#3656,#8444);
#8444 = DEFINITIONAL_REPRESENTATION('',(#8445),#8449);
#8445 = LINE('',#8446,#8447);
#8446 = CARTESIAN_POINT('',(-8.780447477276,-4.6));
#8447 = VECTOR('',#8448,1.);
#8448 = DIRECTION('',(1.,-0.));
#8449 = ( GEOMETRIC_REPRESENTATION_CONTEXT(2) 
PARAMETRIC_REPRESENTATION_CONTEXT() REPRESENTATION_CONTEXT('2D SPACE',''
  ) );
#8450 = ORIENTED_EDGE('',*,*,#8451,.T.);
#8451 = EDGE_CURVE('',#8424,#8452,#8454,.T.);
#8452 = VERTEX_POINT('',#8453);
#8453 = CARTESIAN_POINT('',(-13.61039151742,-32.24526698203,4.6));
#8454 = SURFACE_CURVE('',#8455,(#8460,#8467),.PCURVE_S1.);
#8455 = CIRCLE('',#8456,35.);
#8456 = AXIS2_PLACEMENT_3D('',#8457,#8458,#8459);
#8457 = CARTESIAN_POINT('',(0.,0.,4.6));
#8458 = DIRECTION('',(0.,0.,1.));
#8459 = DIRECTION('',(1.,0.,0.));
#8460 = PCURVE('',#100,#8461);
#8461 = DEFINITIONAL_REPRESENTATION('',(#8462),#8466);
#8462 = CIRCLE('',#8463,35.);
#8463 = AXIS2_PLACEMENT_2D('',#8464,#8465);
#8464 = CARTESIAN_POINT('',(1.250230978322E-15,-2.32193833596E-15));
#8465 = DIRECTION('',(1.,0.));
#8466 = ( GEOMETRIC_REPRESENTATION_CONTEXT(2) 
PARAMETRIC_REPRESENTATION_CONTEXT() REPRESENTATION_CONTEXT('2D SPACE',''
  ) );
#8467 = PCURVE('',#3685,#8468);
#8468 = DEFINITIONAL_REPRESENTATION('',(#8469),#8473);
#8469 = LINE('',#8470,#8471);
#8470 = CARTESIAN_POINT('',(-0.,-4.6));
#8471 = VECTOR('',#8472,1.);
#8472 = DIRECTION('',(-1.,0.));
#8473 = ( GEOMETRIC_REPRESENTATION_CONTEXT(2) 
PARAMETRIC_REPRESENTATION_CONTEXT() REPRESENTATION_CONTEXT('2D SPACE',''
  ) );
#8474 = ORIENTED_EDGE('',*,*,#8475,.T.);
#8475 = EDGE_CURVE('',#8452,#8476,#8478,.T.);
#8476 = VERTEX_POINT('',#8477);
#8477 = CARTESIAN_POINT('',(-12.60894830007,-32.64987630552,4.6));
#8478 = SURFACE_CURVE('',#8479,(#8484,#8495),.PCURVE_S1.);
#8479 = CIRCLE('',#8480,0.55);
#8480 = AXIS2_PLACEMENT_3D('',#8481,#8482,#8483);
#8481 = CARTESIAN_POINT('',(-13.14869142889,-32.54415329529,4.6));
#8482 = DIRECTION('',(0.,0.,-1.));
#8483 = DIRECTION('',(-0.839454706409,0.543429660479,0.));
#8484 = PCURVE('',#100,#8485);
#8485 = DEFINITIONAL_REPRESENTATION('',(#8486),#8494);
#8486 = ( BOUNDED_CURVE() B_SPLINE_CURVE(2,(#8487,#8488,#8489,#8490,
#8491,#8492,#8493),.UNSPECIFIED.,.T.,.F.) B_SPLINE_CURVE_WITH_KNOTS((1,2
    ,2,2,2,1),(-2.094395102393,0.,2.094395102393,4.188790204786,
6.28318530718,8.377580409573),.UNSPECIFIED.) CURVE() 
GEOMETRIC_REPRESENTATION_ITEM() RATIONAL_B_SPLINE_CURVE((1.,0.5,1.,0.5,
1.,0.5,1.)) REPRESENTATION_ITEM('') );
#8487 = CARTESIAN_POINT('',(-13.61039151742,-32.24526698203));
#8488 = CARTESIAN_POINT('',(-13.09270523716,-31.44557897084));
#8489 = CARTESIAN_POINT('',(-12.6589982445,-32.29375244633));
#8490 = CARTESIAN_POINT('',(-12.22529125184,-33.14192592182));
#8491 = CARTESIAN_POINT('',(-13.17668452476,-33.09344045751));
#8492 = CARTESIAN_POINT('',(-14.12807779768,-33.04495499321));
#8493 = CARTESIAN_POINT('',(-13.61039151742,-32.24526698203));
#8494 = ( GEOMETRIC_REPRESENTATION_CONTEXT(2) 
PARAMETRIC_REPRESENTATION_CONTEXT() REPRESENTATION_CONTEXT('2D SPACE',''
  ) );
#8495 = PCURVE('',#3714,#8496);
#8496 = DEFINITIONAL_REPRESENTATION('',(#8497),#8501);
#8497 = LINE('',#8498,#8499);
#8498 = CARTESIAN_POINT('',(-8.850260647355,-4.6));
#8499 = VECTOR('',#8500,1.);
#8500 = DIRECTION('',(1.,-0.));
#8501 = ( GEOMETRIC_REPRESENTATION_CONTEXT(2) 
PARAMETRIC_REPRESENTATION_CONTEXT() REPRESENTATION_CONTEXT('2D SPACE',''
  ) );
#8502 = ORIENTED_EDGE('',*,*,#8503,.T.);
#8503 = EDGE_CURVE('',#8476,#8504,#8506,.T.);
#8504 = VERTEX_POINT('',#8505);
#8505 = CARTESIAN_POINT('',(-11.32792116813,-33.11613205083,4.6));
#8506 = SURFACE_CURVE('',#8507,(#8512,#8519),.PCURVE_S1.);
#8507 = CIRCLE('',#8508,35.);
#8508 = AXIS2_PLACEMENT_3D('',#8509,#8510,#8511);
#8509 = CARTESIAN_POINT('',(0.,0.,4.6));
#8510 = DIRECTION('',(0.,0.,1.));
#8511 = DIRECTION('',(1.,0.,0.));
#8512 = PCURVE('',#100,#8513);
#8513 = DEFINITIONAL_REPRESENTATION('',(#8514),#8518);
#8514 = CIRCLE('',#8515,35.);
#8515 = AXIS2_PLACEMENT_2D('',#8516,#8517);
#8516 = CARTESIAN_POINT('',(1.250230978322E-15,-2.32193833596E-15));
#8517 = DIRECTION('',(1.,0.));
#8518 = ( GEOMETRIC_REPRESENTATION_CONTEXT(2) 
PARAMETRIC_REPRESENTATION_CONTEXT() REPRESENTATION_CONTEXT('2D SPACE',''
  ) );
#8519 = PCURVE('',#3743,#8520);
#8520 = DEFINITIONAL_REPRESENTATION('',(#8521),#8525);
#8521 = LINE('',#8522,#8523);
#8522 = CARTESIAN_POINT('',(-0.,-4.6));
#8523 = VECTOR('',#8524,1.);
#8524 = DIRECTION('',(-1.,0.));
#8525 = ( GEOMETRIC_REPRESENTATION_CONTEXT(2) 
PARAMETRIC_REPRESENTATION_CONTEXT() REPRESENTATION_CONTEXT('2D SPACE',''
  ) );
#8526 = ORIENTED_EDGE('',*,*,#8527,.T.);
#8527 = EDGE_CURVE('',#8504,#8528,#8530,.T.);
#8528 = VERTEX_POINT('',#8529);
#8529 = CARTESIAN_POINT('',(-10.30069329648,-33.44989861885,4.6));
#8530 = SURFACE_CURVE('',#8531,(#8536,#8547),.PCURVE_S1.);
#8531 = CIRCLE('',#8532,0.55);
#8532 = AXIS2_PLACEMENT_3D('',#8533,#8534,#8535);
#8533 = CARTESIAN_POINT('',(-10.84649650256,-33.38208372196,4.6));
#8534 = DIRECTION('',(0.,0.,-1.));
#8535 = DIRECTION('',(-0.875317573778,0.483548492952,0.));
#8536 = PCURVE('',#100,#8537);
#8537 = DEFINITIONAL_REPRESENTATION('',(#8538),#8546);
#8538 = ( BOUNDED_CURVE() B_SPLINE_CURVE(2,(#8539,#8540,#8541,#8542,
#8543,#8544,#8545),.UNSPECIFIED.,.T.,.F.) B_SPLINE_CURVE_WITH_KNOTS((1,2
    ,2,2,2,1),(-2.094395102393,0.,2.094395102393,4.188790204786,
6.28318530718,8.377580409573),.UNSPECIFIED.) CURVE() 
GEOMETRIC_REPRESENTATION_ITEM() RATIONAL_B_SPLINE_CURVE((1.,0.5,1.,0.5,
1.,0.5,1.)) REPRESENTATION_ITEM('') );
#8539 = CARTESIAN_POINT('',(-11.32792116813,-33.11613205083));
#8540 = CARTESIAN_POINT('',(-10.86727936139,-32.28228007003));
#8541 = CARTESIAN_POINT('',(-10.3754632664,-33.09813356712));
#8542 = CARTESIAN_POINT('',(-9.883647171405,-33.9139870642));
#8543 = CARTESIAN_POINT('',(-10.83610507314,-33.93198554792));
#8544 = CARTESIAN_POINT('',(-11.78856297488,-33.94998403163));
#8545 = CARTESIAN_POINT('',(-11.32792116813,-33.11613205083));
#8546 = ( GEOMETRIC_REPRESENTATION_CONTEXT(2) 
PARAMETRIC_REPRESENTATION_CONTEXT() REPRESENTATION_CONTEXT('2D SPACE',''
  ) );
#8547 = PCURVE('',#3772,#8548);
#8548 = DEFINITIONAL_REPRESENTATION('',(#8549),#8553);
#8549 = LINE('',#8550,#8551);
#8550 = CARTESIAN_POINT('',(-8.920073817435,-4.6));
#8551 = VECTOR('',#8552,1.);
#8552 = DIRECTION('',(1.,-0.));
#8553 = ( GEOMETRIC_REPRESENTATION_CONTEXT(2) 
PARAMETRIC_REPRESENTATION_CONTEXT() REPRESENTATION_CONTEXT('2D SPACE',''
  ) );
#8554 = ORIENTED_EDGE('',*,*,#8555,.T.);
#8555 = EDGE_CURVE('',#8528,#8556,#8558,.T.);
#8556 = VERTEX_POINT('',#8557);
#8557 = CARTESIAN_POINT('',(-8.990262325601,-33.82565865311,4.6));
#8558 = SURFACE_CURVE('',#8559,(#8564,#8571),.PCURVE_S1.);
#8559 = CIRCLE('',#8560,35.);
#8560 = AXIS2_PLACEMENT_3D('',#8561,#8562,#8563);
#8561 = CARTESIAN_POINT('',(0.,0.,4.6));
#8562 = DIRECTION('',(0.,0.,1.));
#8563 = DIRECTION('',(1.,0.,0.));
#8564 = PCURVE('',#100,#8565);
#8565 = DEFINITIONAL_REPRESENTATION('',(#8566),#8570);
#8566 = CIRCLE('',#8567,35.);
#8567 = AXIS2_PLACEMENT_2D('',#8568,#8569);
#8568 = CARTESIAN_POINT('',(1.250230978322E-15,-2.32193833596E-15));
#8569 = DIRECTION('',(1.,0.));
#8570 = ( GEOMETRIC_REPRESENTATION_CONTEXT(2) 
PARAMETRIC_REPRESENTATION_CONTEXT() REPRESENTATION_CONTEXT('2D SPACE',''
  ) );
#8571 = PCURVE('',#3801,#8572);
#8572 = DEFINITIONAL_REPRESENTATION('',(#8573),#8577);
#8573 = LINE('',#8574,#8575);
#8574 = CARTESIAN_POINT('',(-0.,-4.6));
#8575 = VECTOR('',#8576,1.);
#8576 = DIRECTION('',(-1.,0.));
#8577 = ( GEOMETRIC_REPRESENTATION_CONTEXT(2) 
PARAMETRIC_REPRESENTATION_CONTEXT() REPRESENTATION_CONTEXT('2D SPACE',''
  ) );
#8578 = ORIENTED_EDGE('',*,*,#8579,.T.);
#8579 = EDGE_CURVE('',#8556,#8580,#8582,.T.);
#8580 = VERTEX_POINT('',#8581);
#8581 = CARTESIAN_POINT('',(-7.942254350579,-34.08695638848,4.6));
#8582 = SURFACE_CURVE('',#8583,(#8588,#8599),.PCURVE_S1.);
#8583 = CIRCLE('',#8584,0.55);
#8584 = AXIS2_PLACEMENT_3D('',#8585,#8586,#8587);
#8585 = CARTESIAN_POINT('',(-8.491458535548,-34.05737999228,4.6));
#8586 = DIRECTION('',(0.,0.,-1.));
#8587 = DIRECTION('',(-0.906915981914,0.421311525773,0.));
#8588 = PCURVE('',#100,#8589);
#8589 = DEFINITIONAL_REPRESENTATION('',(#8590),#8598);
#8590 = ( BOUNDED_CURVE() B_SPLINE_CURVE(2,(#8591,#8592,#8593,#8594,
#8595,#8596,#8597),.UNSPECIFIED.,.T.,.F.) B_SPLINE_CURVE_WITH_KNOTS((1,2
    ,2,2,2,1),(-2.094395102393,0.,2.094395102393,4.188790204786,
6.28318530718,8.377580409573),.UNSPECIFIED.) CURVE() 
GEOMETRIC_REPRESENTATION_ITEM() RATIONAL_B_SPLINE_CURVE((1.,0.5,1.,0.5,
1.,0.5,1.)) REPRESENTATION_ITEM('') );
#8591 = CARTESIAN_POINT('',(-8.990262325601,-33.82565865311));
#8592 = CARTESIAN_POINT('',(-8.588909192952,-32.96170514573));
#8593 = CARTESIAN_POINT('',(-8.041380074197,-33.74126390818));
#8594 = CARTESIAN_POINT('',(-7.493850955443,-34.52082267063));
#8595 = CARTESIAN_POINT('',(-8.442733206847,-34.60521741556));
#8596 = CARTESIAN_POINT('',(-9.39161545825,-34.68961216049));
#8597 = CARTESIAN_POINT('',(-8.990262325601,-33.82565865311));
#8598 = ( GEOMETRIC_REPRESENTATION_CONTEXT(2) 
PARAMETRIC_REPRESENTATION_CONTEXT() REPRESENTATION_CONTEXT('2D SPACE',''
  ) );
#8599 = PCURVE('',#3830,#8600);
#8600 = DEFINITIONAL_REPRESENTATION('',(#8601),#8605);
#8601 = LINE('',#8602,#8603);
#8602 = CARTESIAN_POINT('',(-8.989886987515,-4.6));
#8603 = VECTOR('',#8604,1.);
#8604 = DIRECTION('',(1.,-0.));
#8605 = ( GEOMETRIC_REPRESENTATION_CONTEXT(2) 
PARAMETRIC_REPRESENTATION_CONTEXT() REPRESENTATION_CONTEXT('2D SPACE',''
  ) );
#8606 = ORIENTED_EDGE('',*,*,#8607,.T.);
#8607 = EDGE_CURVE('',#8580,#8608,#8610,.T.);
#8608 = VERTEX_POINT('',#8609);
#8609 = CARTESIAN_POINT('',(-6.608803828711,-34.37039004657,4.6));
#8610 = SURFACE_CURVE('',#8611,(#8616,#8623),.PCURVE_S1.);
#8611 = CIRCLE('',#8612,35.);
#8612 = AXIS2_PLACEMENT_3D('',#8613,#8614,#8615);
#8613 = CARTESIAN_POINT('',(0.,0.,4.6));
#8614 = DIRECTION('',(0.,0.,1.));
#8615 = DIRECTION('',(1.,0.,0.));
#8616 = PCURVE('',#100,#8617);
#8617 = DEFINITIONAL_REPRESENTATION('',(#8618),#8622);
#8618 = CIRCLE('',#8619,35.);
#8619 = AXIS2_PLACEMENT_2D('',#8620,#8621);
#8620 = CARTESIAN_POINT('',(1.250230978322E-15,-2.32193833596E-15));
#8621 = DIRECTION('',(1.,0.));
#8622 = ( GEOMETRIC_REPRESENTATION_CONTEXT(2) 
PARAMETRIC_REPRESENTATION_CONTEXT() REPRESENTATION_CONTEXT('2D SPACE',''
  ) );
#8623 = PCURVE('',#3859,#8624);
#8624 = DEFINITIONAL_REPRESENTATION('',(#8625),#8629);
#8625 = LINE('',#8626,#8627);
#8626 = CARTESIAN_POINT('',(-0.,-4.6));
#8627 = VECTOR('',#8628,1.);
#8628 = DIRECTION('',(-1.,0.));
#8629 = ( GEOMETRIC_REPRESENTATION_CONTEXT(2) 
PARAMETRIC_REPRESENTATION_CONTEXT() REPRESENTATION_CONTEXT('2D SPACE',''
  ) );
#8630 = ORIENTED_EDGE('',*,*,#8631,.F.);
#8631 = EDGE_CURVE('',#8632,#8608,#8634,.T.);
#8632 = VERTEX_POINT('',#8633);
#8633 = CARTESIAN_POINT('',(-5.545121539827,-34.557945933,4.6));
#8634 = SURFACE_CURVE('',#8635,(#8640,#8647),.PCURVE_S1.);
#8635 = CIRCLE('',#8636,0.55);
#8636 = AXIS2_PLACEMENT_3D('',#8637,#8638,#8639);
#8637 = CARTESIAN_POINT('',(-6.095051036109,-34.56675213072,4.6));
#8638 = DIRECTION('',(0.,0.,1.));
#8639 = DIRECTION('',(1.,0.,0.));
#8640 = PCURVE('',#100,#8641);
#8641 = DEFINITIONAL_REPRESENTATION('',(#8642),#8646);
#8642 = CIRCLE('',#8643,0.55);
#8643 = AXIS2_PLACEMENT_2D('',#8644,#8645);
#8644 = CARTESIAN_POINT('',(-6.095051036109,-34.56675213072));
#8645 = DIRECTION('',(1.,0.));
#8646 = ( GEOMETRIC_REPRESENTATION_CONTEXT(2) 
PARAMETRIC_REPRESENTATION_CONTEXT() REPRESENTATION_CONTEXT('2D SPACE',''
  ) );
#8647 = PCURVE('',#3888,#8648);
#8648 = DEFINITIONAL_REPRESENTATION('',(#8649),#8653);
#8649 = LINE('',#8650,#8651);
#8650 = CARTESIAN_POINT('',(-0.,-4.6));
#8651 = VECTOR('',#8652,1.);
#8652 = DIRECTION('',(-1.,0.));
#8653 = ( GEOMETRIC_REPRESENTATION_CONTEXT(2) 
PARAMETRIC_REPRESENTATION_CONTEXT() REPRESENTATION_CONTEXT('2D SPACE',''
  ) );
#8654 = ORIENTED_EDGE('',*,*,#8655,.T.);
#8655 = EDGE_CURVE('',#8632,#8656,#8658,.T.);
#8656 = VERTEX_POINT('',#8657);
#8657 = CARTESIAN_POINT('',(-4.195147903883,-34.74767235462,4.6));
#8658 = SURFACE_CURVE('',#8659,(#8664,#8671),.PCURVE_S1.);
#8659 = CIRCLE('',#8660,35.);
#8660 = AXIS2_PLACEMENT_3D('',#8661,#8662,#8663);
#8661 = CARTESIAN_POINT('',(0.,0.,4.6));
#8662 = DIRECTION('',(0.,0.,1.));
#8663 = DIRECTION('',(1.,0.,0.));
#8664 = PCURVE('',#100,#8665);
#8665 = DEFINITIONAL_REPRESENTATION('',(#8666),#8670);
#8666 = CIRCLE('',#8667,35.);
#8667 = AXIS2_PLACEMENT_2D('',#8668,#8669);
#8668 = CARTESIAN_POINT('',(1.250230978322E-15,-2.32193833596E-15));
#8669 = DIRECTION('',(1.,0.));
#8670 = ( GEOMETRIC_REPRESENTATION_CONTEXT(2) 
PARAMETRIC_REPRESENTATION_CONTEXT() REPRESENTATION_CONTEXT('2D SPACE',''
  ) );
#8671 = PCURVE('',#3917,#8672);
#8672 = DEFINITIONAL_REPRESENTATION('',(#8673),#8677);
#8673 = LINE('',#8674,#8675);
#8674 = CARTESIAN_POINT('',(-0.,-4.6));
#8675 = VECTOR('',#8676,1.);
#8676 = DIRECTION('',(-1.,0.));
#8677 = ( GEOMETRIC_REPRESENTATION_CONTEXT(2) 
PARAMETRIC_REPRESENTATION_CONTEXT() REPRESENTATION_CONTEXT('2D SPACE',''
  ) );
#8678 = ORIENTED_EDGE('',*,*,#8679,.F.);
#8679 = EDGE_CURVE('',#8680,#8656,#8682,.T.);
#8680 = VERTEX_POINT('',#8681);
#8681 = CARTESIAN_POINT('',(-3.120973454326,-34.86057263869,4.6));
#8682 = SURFACE_CURVE('',#8683,(#8688,#8695),.PCURVE_S1.);
#8683 = CIRCLE('',#8684,0.55);
#8684 = AXIS2_PLACEMENT_3D('',#8685,#8686,#8687);
#8685 = CARTESIAN_POINT('',(-3.668949060695,-34.90771852742,4.6));
#8686 = DIRECTION('',(0.,0.,1.));
#8687 = DIRECTION('',(1.,0.,0.));
#8688 = PCURVE('',#100,#8689);
#8689 = DEFINITIONAL_REPRESENTATION('',(#8690),#8694);
#8690 = CIRCLE('',#8691,0.55);
#8691 = AXIS2_PLACEMENT_2D('',#8692,#8693);
#8692 = CARTESIAN_POINT('',(-3.668949060695,-34.90771852742));
#8693 = DIRECTION('',(1.,0.));
#8694 = ( GEOMETRIC_REPRESENTATION_CONTEXT(2) 
PARAMETRIC_REPRESENTATION_CONTEXT() REPRESENTATION_CONTEXT('2D SPACE',''
  ) );
#8695 = PCURVE('',#3946,#8696);
#8696 = DEFINITIONAL_REPRESENTATION('',(#8697),#8701);
#8697 = LINE('',#8698,#8699);
#8698 = CARTESIAN_POINT('',(-0.,-4.6));
#8699 = VECTOR('',#8700,1.);
#8700 = DIRECTION('',(-1.,0.));
#8701 = ( GEOMETRIC_REPRESENTATION_CONTEXT(2) 
PARAMETRIC_REPRESENTATION_CONTEXT() REPRESENTATION_CONTEXT('2D SPACE',''
  ) );
#8702 = ORIENTED_EDGE('',*,*,#8703,.T.);
#8703 = EDGE_CURVE('',#8680,#8704,#8706,.T.);
#8704 = VERTEX_POINT('',#8705);
#8705 = CARTESIAN_POINT('',(-1.761053640161,-34.95566749579,4.6));
#8706 = SURFACE_CURVE('',#8707,(#8712,#8719),.PCURVE_S1.);
#8707 = CIRCLE('',#8708,35.);
#8708 = AXIS2_PLACEMENT_3D('',#8709,#8710,#8711);
#8709 = CARTESIAN_POINT('',(0.,0.,4.6));
#8710 = DIRECTION('',(0.,0.,1.));
#8711 = DIRECTION('',(1.,0.,0.));
#8712 = PCURVE('',#100,#8713);
#8713 = DEFINITIONAL_REPRESENTATION('',(#8714),#8718);
#8714 = CIRCLE('',#8715,35.);
#8715 = AXIS2_PLACEMENT_2D('',#8716,#8717);
#8716 = CARTESIAN_POINT('',(1.250230978322E-15,-2.32193833596E-15));
#8717 = DIRECTION('',(1.,0.));
#8718 = ( GEOMETRIC_REPRESENTATION_CONTEXT(2) 
PARAMETRIC_REPRESENTATION_CONTEXT() REPRESENTATION_CONTEXT('2D SPACE',''
  ) );
#8719 = PCURVE('',#3975,#8720);
#8720 = DEFINITIONAL_REPRESENTATION('',(#8721),#8725);
#8721 = LINE('',#8722,#8723);
#8722 = CARTESIAN_POINT('',(-0.,-4.6));
#8723 = VECTOR('',#8724,1.);
#8724 = DIRECTION('',(-1.,0.));
#8725 = ( GEOMETRIC_REPRESENTATION_CONTEXT(2) 
PARAMETRIC_REPRESENTATION_CONTEXT() REPRESENTATION_CONTEXT('2D SPACE',''
  ) );
#8726 = ORIENTED_EDGE('',*,*,#8727,.F.);
#8727 = EDGE_CURVE('',#8728,#8704,#8730,.T.);
#8728 = VERTEX_POINT('',#8729);
#8729 = CARTESIAN_POINT('',(-0.681620299875,-34.99336213865,4.6));
#8730 = SURFACE_CURVE('',#8731,(#8736,#8743),.PCURVE_S1.);
#8731 = CIRCLE('',#8732,0.55);
#8732 = AXIS2_PLACEMENT_3D('',#8733,#8734,#8735);
#8733 = CARTESIAN_POINT('',(-1.224972334258,-35.07861802837,4.6));
#8734 = DIRECTION('',(0.,0.,1.));
#8735 = DIRECTION('',(1.,0.,0.));
#8736 = PCURVE('',#100,#8737);
#8737 = DEFINITIONAL_REPRESENTATION('',(#8738),#8742);
#8738 = CIRCLE('',#8739,0.55);
#8739 = AXIS2_PLACEMENT_2D('',#8740,#8741);
#8740 = CARTESIAN_POINT('',(-1.224972334258,-35.07861802837));
#8741 = DIRECTION('',(1.,0.));
#8742 = ( GEOMETRIC_REPRESENTATION_CONTEXT(2) 
PARAMETRIC_REPRESENTATION_CONTEXT() REPRESENTATION_CONTEXT('2D SPACE',''
  ) );
#8743 = PCURVE('',#4004,#8744);
#8744 = DEFINITIONAL_REPRESENTATION('',(#8745),#8749);
#8745 = LINE('',#8746,#8747);
#8746 = CARTESIAN_POINT('',(-0.,-4.6));
#8747 = VECTOR('',#8748,1.);
#8748 = DIRECTION('',(-1.,0.));
#8749 = ( GEOMETRIC_REPRESENTATION_CONTEXT(2) 
PARAMETRIC_REPRESENTATION_CONTEXT() REPRESENTATION_CONTEXT('2D SPACE',''
  ) );
#8750 = ORIENTED_EDGE('',*,*,#8751,.T.);
#8751 = EDGE_CURVE('',#8728,#8752,#8754,.T.);
#8752 = VERTEX_POINT('',#8753);
#8753 = CARTESIAN_POINT('',(0.681620299875,-34.99336213865,4.6));
#8754 = SURFACE_CURVE('',#8755,(#8760,#8767),.PCURVE_S1.);
#8755 = CIRCLE('',#8756,35.);
#8756 = AXIS2_PLACEMENT_3D('',#8757,#8758,#8759);
#8757 = CARTESIAN_POINT('',(0.,0.,4.6));
#8758 = DIRECTION('',(0.,0.,1.));
#8759 = DIRECTION('',(1.,0.,0.));
#8760 = PCURVE('',#100,#8761);
#8761 = DEFINITIONAL_REPRESENTATION('',(#8762),#8766);
#8762 = CIRCLE('',#8763,35.);
#8763 = AXIS2_PLACEMENT_2D('',#8764,#8765);
#8764 = CARTESIAN_POINT('',(1.250230978322E-15,-2.32193833596E-15));
#8765 = DIRECTION('',(1.,0.));
#8766 = ( GEOMETRIC_REPRESENTATION_CONTEXT(2) 
PARAMETRIC_REPRESENTATION_CONTEXT() REPRESENTATION_CONTEXT('2D SPACE',''
  ) );
#8767 = PCURVE('',#4033,#8768);
#8768 = DEFINITIONAL_REPRESENTATION('',(#8769),#8773);
#8769 = LINE('',#8770,#8771);
#8770 = CARTESIAN_POINT('',(-0.,-4.6));
#8771 = VECTOR('',#8772,1.);
#8772 = DIRECTION('',(-1.,0.));
#8773 = ( GEOMETRIC_REPRESENTATION_CONTEXT(2) 
PARAMETRIC_REPRESENTATION_CONTEXT() REPRESENTATION_CONTEXT('2D SPACE',''
  ) );
#8774 = ORIENTED_EDGE('',*,*,#8775,.F.);
#8775 = EDGE_CURVE('',#8776,#8752,#8778,.T.);
#8776 = VERTEX_POINT('',#8777);
#8777 = CARTESIAN_POINT('',(1.761053640161,-34.95566749579,4.6));
#8778 = SURFACE_CURVE('',#8779,(#8784,#8791),.PCURVE_S1.);
#8779 = CIRCLE('',#8780,0.55);
#8780 = AXIS2_PLACEMENT_3D('',#8781,#8782,#8783);
#8781 = CARTESIAN_POINT('',(1.224972334258,-35.07861802837,4.6));
#8782 = DIRECTION('',(0.,0.,1.));
#8783 = DIRECTION('',(1.,0.,0.));
#8784 = PCURVE('',#100,#8785);
#8785 = DEFINITIONAL_REPRESENTATION('',(#8786),#8790);
#8786 = CIRCLE('',#8787,0.55);
#8787 = AXIS2_PLACEMENT_2D('',#8788,#8789);
#8788 = CARTESIAN_POINT('',(1.224972334258,-35.07861802837));
#8789 = DIRECTION('',(1.,0.));
#8790 = ( GEOMETRIC_REPRESENTATION_CONTEXT(2) 
PARAMETRIC_REPRESENTATION_CONTEXT() REPRESENTATION_CONTEXT('2D SPACE',''
  ) );
#8791 = PCURVE('',#4062,#8792);
#8792 = DEFINITIONAL_REPRESENTATION('',(#8793),#8797);
#8793 = LINE('',#8794,#8795);
#8794 = CARTESIAN_POINT('',(-0.,-4.6));
#8795 = VECTOR('',#8796,1.);
#8796 = DIRECTION('',(-1.,0.));
#8797 = ( GEOMETRIC_REPRESENTATION_CONTEXT(2) 
PARAMETRIC_REPRESENTATION_CONTEXT() REPRESENTATION_CONTEXT('2D SPACE',''
  ) );
#8798 = ORIENTED_EDGE('',*,*,#8799,.T.);
#8799 = EDGE_CURVE('',#8776,#8800,#8802,.T.);
#8800 = VERTEX_POINT('',#8801);
#8801 = CARTESIAN_POINT('',(3.120973454326,-34.86057263869,4.6));
#8802 = SURFACE_CURVE('',#8803,(#8808,#8815),.PCURVE_S1.);
#8803 = CIRCLE('',#8804,35.);
#8804 = AXIS2_PLACEMENT_3D('',#8805,#8806,#8807);
#8805 = CARTESIAN_POINT('',(0.,0.,4.6));
#8806 = DIRECTION('',(0.,0.,1.));
#8807 = DIRECTION('',(1.,0.,0.));
#8808 = PCURVE('',#100,#8809);
#8809 = DEFINITIONAL_REPRESENTATION('',(#8810),#8814);
#8810 = CIRCLE('',#8811,35.);
#8811 = AXIS2_PLACEMENT_2D('',#8812,#8813);
#8812 = CARTESIAN_POINT('',(1.250230978322E-15,-2.32193833596E-15));
#8813 = DIRECTION('',(1.,0.));
#8814 = ( GEOMETRIC_REPRESENTATION_CONTEXT(2) 
PARAMETRIC_REPRESENTATION_CONTEXT() REPRESENTATION_CONTEXT('2D SPACE',''
  ) );
#8815 = PCURVE('',#4091,#8816);
#8816 = DEFINITIONAL_REPRESENTATION('',(#8817),#8821);
#8817 = LINE('',#8818,#8819);
#8818 = CARTESIAN_POINT('',(-0.,-4.6));
#8819 = VECTOR('',#8820,1.);
#8820 = DIRECTION('',(-1.,0.));
#8821 = ( GEOMETRIC_REPRESENTATION_CONTEXT(2) 
PARAMETRIC_REPRESENTATION_CONTEXT() REPRESENTATION_CONTEXT('2D SPACE',''
  ) );
#8822 = ORIENTED_EDGE('',*,*,#8823,.F.);
#8823 = EDGE_CURVE('',#8824,#8800,#8826,.T.);
#8824 = VERTEX_POINT('',#8825);
#8825 = CARTESIAN_POINT('',(4.195147903883,-34.74767235462,4.6));
#8826 = SURFACE_CURVE('',#8827,(#8832,#8839),.PCURVE_S1.);
#8827 = CIRCLE('',#8828,0.55);
#8828 = AXIS2_PLACEMENT_3D('',#8829,#8830,#8831);
#8829 = CARTESIAN_POINT('',(3.668949060695,-34.90771852742,4.6));
#8830 = DIRECTION('',(0.,0.,1.));
#8831 = DIRECTION('',(1.,0.,0.));
#8832 = PCURVE('',#100,#8833);
#8833 = DEFINITIONAL_REPRESENTATION('',(#8834),#8838);
#8834 = CIRCLE('',#8835,0.55);
#8835 = AXIS2_PLACEMENT_2D('',#8836,#8837);
#8836 = CARTESIAN_POINT('',(3.668949060695,-34.90771852742));
#8837 = DIRECTION('',(1.,0.));
#8838 = ( GEOMETRIC_REPRESENTATION_CONTEXT(2) 
PARAMETRIC_REPRESENTATION_CONTEXT() REPRESENTATION_CONTEXT('2D SPACE',''
  ) );
#8839 = PCURVE('',#4120,#8840);
#8840 = DEFINITIONAL_REPRESENTATION('',(#8841),#8845);
#8841 = LINE('',#8842,#8843);
#8842 = CARTESIAN_POINT('',(-0.,-4.6));
#8843 = VECTOR('',#8844,1.);
#8844 = DIRECTION('',(-1.,0.));
#8845 = ( GEOMETRIC_REPRESENTATION_CONTEXT(2) 
PARAMETRIC_REPRESENTATION_CONTEXT() REPRESENTATION_CONTEXT('2D SPACE',''
  ) );
#8846 = ORIENTED_EDGE('',*,*,#8847,.T.);
#8847 = EDGE_CURVE('',#8824,#8848,#8850,.T.);
#8848 = VERTEX_POINT('',#8849);
#8849 = CARTESIAN_POINT('',(5.545121539827,-34.557945933,4.6));
#8850 = SURFACE_CURVE('',#8851,(#8856,#8863),.PCURVE_S1.);
#8851 = CIRCLE('',#8852,35.);
#8852 = AXIS2_PLACEMENT_3D('',#8853,#8854,#8855);
#8853 = CARTESIAN_POINT('',(0.,0.,4.6));
#8854 = DIRECTION('',(0.,0.,1.));
#8855 = DIRECTION('',(1.,0.,0.));
#8856 = PCURVE('',#100,#8857);
#8857 = DEFINITIONAL_REPRESENTATION('',(#8858),#8862);
#8858 = CIRCLE('',#8859,35.);
#8859 = AXIS2_PLACEMENT_2D('',#8860,#8861);
#8860 = CARTESIAN_POINT('',(1.250230978322E-15,-2.32193833596E-15));
#8861 = DIRECTION('',(1.,0.));
#8862 = ( GEOMETRIC_REPRESENTATION_CONTEXT(2) 
PARAMETRIC_REPRESENTATION_CONTEXT() REPRESENTATION_CONTEXT('2D SPACE',''
  ) );
#8863 = PCURVE('',#4149,#8864);
#8864 = DEFINITIONAL_REPRESENTATION('',(#8865),#8869);
#8865 = LINE('',#8866,#8867);
#8866 = CARTESIAN_POINT('',(-0.,-4.6));
#8867 = VECTOR('',#8868,1.);
#8868 = DIRECTION('',(-1.,0.));
#8869 = ( GEOMETRIC_REPRESENTATION_CONTEXT(2) 
PARAMETRIC_REPRESENTATION_CONTEXT() REPRESENTATION_CONTEXT('2D SPACE',''
  ) );
#8870 = ORIENTED_EDGE('',*,*,#8871,.F.);
#8871 = EDGE_CURVE('',#8872,#8848,#8874,.T.);
#8872 = VERTEX_POINT('',#8873);
#8873 = CARTESIAN_POINT('',(6.608803828711,-34.37039004657,4.6));
#8874 = SURFACE_CURVE('',#8875,(#8880,#8887),.PCURVE_S1.);
#8875 = CIRCLE('',#8876,0.55);
#8876 = AXIS2_PLACEMENT_3D('',#8877,#8878,#8879);
#8877 = CARTESIAN_POINT('',(6.095051036109,-34.56675213072,4.6));
#8878 = DIRECTION('',(0.,0.,1.));
#8879 = DIRECTION('',(1.,0.,0.));
#8880 = PCURVE('',#100,#8881);
#8881 = DEFINITIONAL_REPRESENTATION('',(#8882),#8886);
#8882 = CIRCLE('',#8883,0.55);
#8883 = AXIS2_PLACEMENT_2D('',#8884,#8885);
#8884 = CARTESIAN_POINT('',(6.095051036109,-34.56675213072));
#8885 = DIRECTION('',(1.,0.));
#8886 = ( GEOMETRIC_REPRESENTATION_CONTEXT(2) 
PARAMETRIC_REPRESENTATION_CONTEXT() REPRESENTATION_CONTEXT('2D SPACE',''
  ) );
#8887 = PCURVE('',#4178,#8888);
#8888 = DEFINITIONAL_REPRESENTATION('',(#8889),#8893);
#8889 = LINE('',#8890,#8891);
#8890 = CARTESIAN_POINT('',(-0.,-4.6));
#8891 = VECTOR('',#8892,1.);
#8892 = DIRECTION('',(-1.,0.));
#8893 = ( GEOMETRIC_REPRESENTATION_CONTEXT(2) 
PARAMETRIC_REPRESENTATION_CONTEXT() REPRESENTATION_CONTEXT('2D SPACE',''
  ) );
#8894 = ORIENTED_EDGE('',*,*,#8895,.T.);
#8895 = EDGE_CURVE('',#8872,#8896,#8898,.T.);
#8896 = VERTEX_POINT('',#8897);
#8897 = CARTESIAN_POINT('',(7.942254350579,-34.08695638848,4.6));
#8898 = SURFACE_CURVE('',#8899,(#8904,#8911),.PCURVE_S1.);
#8899 = CIRCLE('',#8900,35.);
#8900 = AXIS2_PLACEMENT_3D('',#8901,#8902,#8903);
#8901 = CARTESIAN_POINT('',(0.,0.,4.6));
#8902 = DIRECTION('',(0.,0.,1.));
#8903 = DIRECTION('',(1.,0.,0.));
#8904 = PCURVE('',#100,#8905);
#8905 = DEFINITIONAL_REPRESENTATION('',(#8906),#8910);
#8906 = CIRCLE('',#8907,35.);
#8907 = AXIS2_PLACEMENT_2D('',#8908,#8909);
#8908 = CARTESIAN_POINT('',(1.250230978322E-15,-2.32193833596E-15));
#8909 = DIRECTION('',(1.,0.));
#8910 = ( GEOMETRIC_REPRESENTATION_CONTEXT(2) 
PARAMETRIC_REPRESENTATION_CONTEXT() REPRESENTATION_CONTEXT('2D SPACE',''
  ) );
#8911 = PCURVE('',#4207,#8912);
#8912 = DEFINITIONAL_REPRESENTATION('',(#8913),#8917);
#8913 = LINE('',#8914,#8915);
#8914 = CARTESIAN_POINT('',(-0.,-4.6));
#8915 = VECTOR('',#8916,1.);
#8916 = DIRECTION('',(-1.,0.));
#8917 = ( GEOMETRIC_REPRESENTATION_CONTEXT(2) 
PARAMETRIC_REPRESENTATION_CONTEXT() REPRESENTATION_CONTEXT('2D SPACE',''
  ) );
#8918 = ORIENTED_EDGE('',*,*,#8919,.F.);
#8919 = EDGE_CURVE('',#8920,#8896,#8922,.T.);
#8920 = VERTEX_POINT('',#8921);
#8921 = CARTESIAN_POINT('',(8.990262325601,-33.82565865311,4.6));
#8922 = SURFACE_CURVE('',#8923,(#8928,#8935),.PCURVE_S1.);
#8923 = CIRCLE('',#8924,0.55);
#8924 = AXIS2_PLACEMENT_3D('',#8925,#8926,#8927);
#8925 = CARTESIAN_POINT('',(8.491458535548,-34.05737999228,4.6));
#8926 = DIRECTION('',(0.,0.,1.));
#8927 = DIRECTION('',(1.,0.,0.));
#8928 = PCURVE('',#100,#8929);
#8929 = DEFINITIONAL_REPRESENTATION('',(#8930),#8934);
#8930 = CIRCLE('',#8931,0.55);
#8931 = AXIS2_PLACEMENT_2D('',#8932,#8933);
#8932 = CARTESIAN_POINT('',(8.491458535548,-34.05737999228));
#8933 = DIRECTION('',(1.,0.));
#8934 = ( GEOMETRIC_REPRESENTATION_CONTEXT(2) 
PARAMETRIC_REPRESENTATION_CONTEXT() REPRESENTATION_CONTEXT('2D SPACE',''
  ) );
#8935 = PCURVE('',#4236,#8936);
#8936 = DEFINITIONAL_REPRESENTATION('',(#8937),#8941);
#8937 = LINE('',#8938,#8939);
#8938 = CARTESIAN_POINT('',(-0.,-4.6));
#8939 = VECTOR('',#8940,1.);
#8940 = DIRECTION('',(-1.,0.));
#8941 = ( GEOMETRIC_REPRESENTATION_CONTEXT(2) 
PARAMETRIC_REPRESENTATION_CONTEXT() REPRESENTATION_CONTEXT('2D SPACE',''
  ) );
#8942 = ORIENTED_EDGE('',*,*,#8943,.T.);
#8943 = EDGE_CURVE('',#8920,#8944,#8946,.T.);
#8944 = VERTEX_POINT('',#8945);
#8945 = CARTESIAN_POINT('',(10.300693296488,-33.44989861885,4.6));
#8946 = SURFACE_CURVE('',#8947,(#8952,#8959),.PCURVE_S1.);
#8947 = CIRCLE('',#8948,35.);
#8948 = AXIS2_PLACEMENT_3D('',#8949,#8950,#8951);
#8949 = CARTESIAN_POINT('',(0.,0.,4.6));
#8950 = DIRECTION('',(0.,0.,1.));
#8951 = DIRECTION('',(1.,0.,0.));
#8952 = PCURVE('',#100,#8953);
#8953 = DEFINITIONAL_REPRESENTATION('',(#8954),#8958);
#8954 = CIRCLE('',#8955,35.);
#8955 = AXIS2_PLACEMENT_2D('',#8956,#8957);
#8956 = CARTESIAN_POINT('',(1.250230978322E-15,-2.32193833596E-15));
#8957 = DIRECTION('',(1.,0.));
#8958 = ( GEOMETRIC_REPRESENTATION_CONTEXT(2) 
PARAMETRIC_REPRESENTATION_CONTEXT() REPRESENTATION_CONTEXT('2D SPACE',''
  ) );
#8959 = PCURVE('',#4265,#8960);
#8960 = DEFINITIONAL_REPRESENTATION('',(#8961),#8965);
#8961 = LINE('',#8962,#8963);
#8962 = CARTESIAN_POINT('',(-0.,-4.6));
#8963 = VECTOR('',#8964,1.);
#8964 = DIRECTION('',(-1.,0.));
#8965 = ( GEOMETRIC_REPRESENTATION_CONTEXT(2) 
PARAMETRIC_REPRESENTATION_CONTEXT() REPRESENTATION_CONTEXT('2D SPACE',''
  ) );
#8966 = ORIENTED_EDGE('',*,*,#8967,.F.);
#8967 = EDGE_CURVE('',#8968,#8944,#8970,.T.);
#8968 = VERTEX_POINT('',#8969);
#8969 = CARTESIAN_POINT('',(11.327921168138,-33.11613205083,4.6));
#8970 = SURFACE_CURVE('',#8971,(#8976,#8983),.PCURVE_S1.);
#8971 = CIRCLE('',#8972,0.55);
#8972 = AXIS2_PLACEMENT_3D('',#8973,#8974,#8975);
#8973 = CARTESIAN_POINT('',(10.846496502561,-33.38208372196,4.6));
#8974 = DIRECTION('',(0.,0.,1.));
#8975 = DIRECTION('',(1.,0.,0.));
#8976 = PCURVE('',#100,#8977);
#8977 = DEFINITIONAL_REPRESENTATION('',(#8978),#8982);
#8978 = CIRCLE('',#8979,0.55);
#8979 = AXIS2_PLACEMENT_2D('',#8980,#8981);
#8980 = CARTESIAN_POINT('',(10.846496502561,-33.38208372196));
#8981 = DIRECTION('',(1.,0.));
#8982 = ( GEOMETRIC_REPRESENTATION_CONTEXT(2) 
PARAMETRIC_REPRESENTATION_CONTEXT() REPRESENTATION_CONTEXT('2D SPACE',''
  ) );
#8983 = PCURVE('',#4294,#8984);
#8984 = DEFINITIONAL_REPRESENTATION('',(#8985),#8989);
#8985 = LINE('',#8986,#8987);
#8986 = CARTESIAN_POINT('',(-0.,-4.6));
#8987 = VECTOR('',#8988,1.);
#8988 = DIRECTION('',(-1.,0.));
#8989 = ( GEOMETRIC_REPRESENTATION_CONTEXT(2) 
PARAMETRIC_REPRESENTATION_CONTEXT() REPRESENTATION_CONTEXT('2D SPACE',''
  ) );
#8990 = ORIENTED_EDGE('',*,*,#8991,.T.);
#8991 = EDGE_CURVE('',#8968,#8992,#8994,.T.);
#8992 = VERTEX_POINT('',#8993);
#8993 = CARTESIAN_POINT('',(12.608948300079,-32.64987630552,4.6));
#8994 = SURFACE_CURVE('',#8995,(#9000,#9007),.PCURVE_S1.);
#8995 = CIRCLE('',#8996,35.);
#8996 = AXIS2_PLACEMENT_3D('',#8997,#8998,#8999);
#8997 = CARTESIAN_POINT('',(0.,0.,4.6));
#8998 = DIRECTION('',(0.,0.,1.));
#8999 = DIRECTION('',(1.,0.,0.));
#9000 = PCURVE('',#100,#9001);
#9001 = DEFINITIONAL_REPRESENTATION('',(#9002),#9006);
#9002 = CIRCLE('',#9003,35.);
#9003 = AXIS2_PLACEMENT_2D('',#9004,#9005);
#9004 = CARTESIAN_POINT('',(1.250230978322E-15,-2.32193833596E-15));
#9005 = DIRECTION('',(1.,0.));
#9006 = ( GEOMETRIC_REPRESENTATION_CONTEXT(2) 
PARAMETRIC_REPRESENTATION_CONTEXT() REPRESENTATION_CONTEXT('2D SPACE',''
  ) );
#9007 = PCURVE('',#4323,#9008);
#9008 = DEFINITIONAL_REPRESENTATION('',(#9009),#9013);
#9009 = LINE('',#9010,#9011);
#9010 = CARTESIAN_POINT('',(-0.,-4.6));
#9011 = VECTOR('',#9012,1.);
#9012 = DIRECTION('',(-1.,0.));
#9013 = ( GEOMETRIC_REPRESENTATION_CONTEXT(2) 
PARAMETRIC_REPRESENTATION_CONTEXT() REPRESENTATION_CONTEXT('2D SPACE',''
  ) );
#9014 = ORIENTED_EDGE('',*,*,#9015,.F.);
#9015 = EDGE_CURVE('',#9016,#8992,#9018,.T.);
#9016 = VERTEX_POINT('',#9017);
#9017 = CARTESIAN_POINT('',(13.610391517423,-32.24526698203,4.6));
#9018 = SURFACE_CURVE('',#9019,(#9024,#9031),.PCURVE_S1.);
#9019 = CIRCLE('',#9020,0.55);
#9020 = AXIS2_PLACEMENT_3D('',#9021,#9022,#9023);
#9021 = CARTESIAN_POINT('',(13.148691428899,-32.54415329529,4.6));
#9022 = DIRECTION('',(0.,0.,1.));
#9023 = DIRECTION('',(1.,0.,0.));
#9024 = PCURVE('',#100,#9025);
#9025 = DEFINITIONAL_REPRESENTATION('',(#9026),#9030);
#9026 = CIRCLE('',#9027,0.55);
#9027 = AXIS2_PLACEMENT_2D('',#9028,#9029);
#9028 = CARTESIAN_POINT('',(13.148691428899,-32.54415329529));
#9029 = DIRECTION('',(1.,0.));
#9030 = ( GEOMETRIC_REPRESENTATION_CONTEXT(2) 
PARAMETRIC_REPRESENTATION_CONTEXT() REPRESENTATION_CONTEXT('2D SPACE',''
  ) );
#9031 = PCURVE('',#4352,#9032);
#9032 = DEFINITIONAL_REPRESENTATION('',(#9033),#9037);
#9033 = LINE('',#9034,#9035);
#9034 = CARTESIAN_POINT('',(-0.,-4.6));
#9035 = VECTOR('',#9036,1.);
#9036 = DIRECTION('',(-1.,0.));
#9037 = ( GEOMETRIC_REPRESENTATION_CONTEXT(2) 
PARAMETRIC_REPRESENTATION_CONTEXT() REPRESENTATION_CONTEXT('2D SPACE',''
  ) );
#9038 = ORIENTED_EDGE('',*,*,#9039,.T.);
#9039 = EDGE_CURVE('',#9016,#9040,#9042,.T.);
#9040 = VERTEX_POINT('',#9041);
#9041 = CARTESIAN_POINT('',(14.855773774998,-31.69078707678,4.6));
#9042 = SURFACE_CURVE('',#9043,(#9048,#9055),.PCURVE_S1.);
#9043 = CIRCLE('',#9044,35.);
#9044 = AXIS2_PLACEMENT_3D('',#9045,#9046,#9047);
#9045 = CARTESIAN_POINT('',(0.,0.,4.6));
#9046 = DIRECTION('',(0.,0.,1.));
#9047 = DIRECTION('',(1.,0.,0.));
#9048 = PCURVE('',#100,#9049);
#9049 = DEFINITIONAL_REPRESENTATION('',(#9050),#9054);
#9050 = CIRCLE('',#9051,35.);
#9051 = AXIS2_PLACEMENT_2D('',#9052,#9053);
#9052 = CARTESIAN_POINT('',(1.250230978322E-15,-2.32193833596E-15));
#9053 = DIRECTION('',(1.,0.));
#9054 = ( GEOMETRIC_REPRESENTATION_CONTEXT(2) 
PARAMETRIC_REPRESENTATION_CONTEXT() REPRESENTATION_CONTEXT('2D SPACE',''
  ) );
#9055 = PCURVE('',#4381,#9056);
#9056 = DEFINITIONAL_REPRESENTATION('',(#9057),#9061);
#9057 = LINE('',#9058,#9059);
#9058 = CARTESIAN_POINT('',(-0.,-4.6));
#9059 = VECTOR('',#9060,1.);
#9060 = DIRECTION('',(-1.,0.));
#9061 = ( GEOMETRIC_REPRESENTATION_CONTEXT(2) 
PARAMETRIC_REPRESENTATION_CONTEXT() REPRESENTATION_CONTEXT('2D SPACE',''
  ) );
#9062 = ORIENTED_EDGE('',*,*,#9063,.F.);
#9063 = EDGE_CURVE('',#9064,#9040,#9066,.T.);
#9064 = VERTEX_POINT('',#9065);
#9065 = CARTESIAN_POINT('',(15.826553407347,-31.21730621377,4.6));
#9066 = SURFACE_CURVE('',#9067,(#9072,#9079),.PCURVE_S1.);
#9067 = CIRCLE('',#9068,0.55);
#9068 = AXIS2_PLACEMENT_3D('',#9069,#9070,#9071);
#9069 = CARTESIAN_POINT('',(15.386827252297,-31.5476710251,4.6));
#9070 = DIRECTION('',(0.,0.,1.));
#9071 = DIRECTION('',(1.,0.,0.));
#9072 = PCURVE('',#100,#9073);
#9073 = DEFINITIONAL_REPRESENTATION('',(#9074),#9078);
#9074 = CIRCLE('',#9075,0.55);
#9075 = AXIS2_PLACEMENT_2D('',#9076,#9077);
#9076 = CARTESIAN_POINT('',(15.386827252297,-31.5476710251));
#9077 = DIRECTION('',(1.,0.));
#9078 = ( GEOMETRIC_REPRESENTATION_CONTEXT(2) 
PARAMETRIC_REPRESENTATION_CONTEXT() REPRESENTATION_CONTEXT('2D SPACE',''
  ) );
#9079 = PCURVE('',#4410,#9080);
#9080 = DEFINITIONAL_REPRESENTATION('',(#9081),#9085);
#9081 = LINE('',#9082,#9083);
#9082 = CARTESIAN_POINT('',(-0.,-4.6));
#9083 = VECTOR('',#9084,1.);
#9084 = DIRECTION('',(-1.,0.));
#9085 = ( GEOMETRIC_REPRESENTATION_CONTEXT(2) 
PARAMETRIC_REPRESENTATION_CONTEXT() REPRESENTATION_CONTEXT('2D SPACE',''
  ) );
#9086 = ORIENTED_EDGE('',*,*,#9087,.T.);
#9087 = EDGE_CURVE('',#9064,#9088,#9090,.T.);
#9088 = VERTEX_POINT('',#9089);
#9089 = CARTESIAN_POINT('',(17.030223413383,-30.57730351895,4.6));
#9090 = SURFACE_CURVE('',#9091,(#9096,#9103),.PCURVE_S1.);
#9091 = CIRCLE('',#9092,35.);
#9092 = AXIS2_PLACEMENT_3D('',#9093,#9094,#9095);
#9093 = CARTESIAN_POINT('',(0.,0.,4.6));
#9094 = DIRECTION('',(0.,0.,1.));
#9095 = DIRECTION('',(1.,0.,0.));
#9096 = PCURVE('',#100,#9097);
#9097 = DEFINITIONAL_REPRESENTATION('',(#9098),#9102);
#9098 = CIRCLE('',#9099,35.);
#9099 = AXIS2_PLACEMENT_2D('',#9100,#9101);
#9100 = CARTESIAN_POINT('',(1.250230978322E-15,-2.32193833596E-15));
#9101 = DIRECTION('',(1.,0.));
#9102 = ( GEOMETRIC_REPRESENTATION_CONTEXT(2) 
PARAMETRIC_REPRESENTATION_CONTEXT() REPRESENTATION_CONTEXT('2D SPACE',''
  ) );
#9103 = PCURVE('',#4439,#9104);
#9104 = DEFINITIONAL_REPRESENTATION('',(#9105),#9109);
#9105 = LINE('',#9106,#9107);
#9106 = CARTESIAN_POINT('',(-0.,-4.6));
#9107 = VECTOR('',#9108,1.);
#9108 = DIRECTION('',(-1.,0.));
#9109 = ( GEOMETRIC_REPRESENTATION_CONTEXT(2) 
PARAMETRIC_REPRESENTATION_CONTEXT() REPRESENTATION_CONTEXT('2D SPACE',''
  ) );
#9110 = ORIENTED_EDGE('',*,*,#9111,.F.);
#9111 = EDGE_CURVE('',#9112,#9088,#9114,.T.);
#9112 = VERTEX_POINT('',#9113);
#9113 = CARTESIAN_POINT('',(17.96560991995,-30.03725786759,4.6));
#9114 = SURFACE_CURVE('',#9115,(#9120,#9127),.PCURVE_S1.);
#9115 = CIRCLE('',#9116,0.55);
#9116 = AXIS2_PLACEMENT_3D('',#9117,#9118,#9119);
#9117 = CARTESIAN_POINT('',(17.55,-30.39749167283,4.6));
#9118 = DIRECTION('',(0.,0.,1.));
#9119 = DIRECTION('',(1.,0.,0.));
#9120 = PCURVE('',#100,#9121);
#9121 = DEFINITIONAL_REPRESENTATION('',(#9122),#9126);
#9122 = CIRCLE('',#9123,0.55);
#9123 = AXIS2_PLACEMENT_2D('',#9124,#9125);
#9124 = CARTESIAN_POINT('',(17.55,-30.39749167283));
#9125 = DIRECTION('',(1.,0.));
#9126 = ( GEOMETRIC_REPRESENTATION_CONTEXT(2) 
PARAMETRIC_REPRESENTATION_CONTEXT() REPRESENTATION_CONTEXT('2D SPACE',''
  ) );
#9127 = PCURVE('',#4468,#9128);
#9128 = DEFINITIONAL_REPRESENTATION('',(#9129),#9133);
#9129 = LINE('',#9130,#9131);
#9130 = CARTESIAN_POINT('',(-0.,-4.6));
#9131 = VECTOR('',#9132,1.);
#9132 = DIRECTION('',(-1.,0.));
#9133 = ( GEOMETRIC_REPRESENTATION_CONTEXT(2) 
PARAMETRIC_REPRESENTATION_CONTEXT() REPRESENTATION_CONTEXT('2D SPACE',''
  ) );
#9134 = ORIENTED_EDGE('',*,*,#9135,.T.);
#9135 = EDGE_CURVE('',#9112,#9136,#9138,.T.);
#9136 = VERTEX_POINT('',#9137);
#9137 = CARTESIAN_POINT('',(19.121703515171,-29.314850412,4.6));
#9138 = SURFACE_CURVE('',#9139,(#9144,#9151),.PCURVE_S1.);
#9139 = CIRCLE('',#9140,35.);
#9140 = AXIS2_PLACEMENT_3D('',#9141,#9142,#9143);
#9141 = CARTESIAN_POINT('',(0.,0.,4.6));
#9142 = DIRECTION('',(0.,0.,1.));
#9143 = DIRECTION('',(1.,0.,0.));
#9144 = PCURVE('',#100,#9145);
#9145 = DEFINITIONAL_REPRESENTATION('',(#9146),#9150);
#9146 = CIRCLE('',#9147,35.);
#9147 = AXIS2_PLACEMENT_2D('',#9148,#9149);
#9148 = CARTESIAN_POINT('',(1.250230978322E-15,-2.32193833596E-15));
#9149 = DIRECTION('',(1.,0.));
#9150 = ( GEOMETRIC_REPRESENTATION_CONTEXT(2) 
PARAMETRIC_REPRESENTATION_CONTEXT() REPRESENTATION_CONTEXT('2D SPACE',''
  ) );
#9151 = PCURVE('',#4497,#9152);
#9152 = DEFINITIONAL_REPRESENTATION('',(#9153),#9157);
#9153 = LINE('',#9154,#9155);
#9154 = CARTESIAN_POINT('',(-0.,-4.6));
#9155 = VECTOR('',#9156,1.);
#9156 = DIRECTION('',(-1.,0.));
#9157 = ( GEOMETRIC_REPRESENTATION_CONTEXT(2) 
PARAMETRIC_REPRESENTATION_CONTEXT() REPRESENTATION_CONTEXT('2D SPACE',''
  ) );
#9158 = ORIENTED_EDGE('',*,*,#9159,.F.);
#9159 = EDGE_CURVE('',#9160,#9136,#9162,.T.);
#9160 = VERTEX_POINT('',#9161);
#9161 = CARTESIAN_POINT('',(20.01713978692,-28.71087102041,4.6));
#9162 = SURFACE_CURVE('',#9163,(#9168,#9175),.PCURVE_S1.);
#9163 = CIRCLE('',#9164,0.55);
#9164 = AXIS2_PLACEMENT_3D('',#9165,#9166,#9167);
#9165 = CARTESIAN_POINT('',(19.627670911823,-29.09921879668,4.6));
#9166 = DIRECTION('',(0.,0.,1.));
#9167 = DIRECTION('',(1.,0.,0.));
#9168 = PCURVE('',#100,#9169);
#9169 = DEFINITIONAL_REPRESENTATION('',(#9170),#9174);
#9170 = CIRCLE('',#9171,0.55);
#9171 = AXIS2_PLACEMENT_2D('',#9172,#9173);
#9172 = CARTESIAN_POINT('',(19.627670911823,-29.09921879668));
#9173 = DIRECTION('',(1.,0.));
#9174 = ( GEOMETRIC_REPRESENTATION_CONTEXT(2) 
PARAMETRIC_REPRESENTATION_CONTEXT() REPRESENTATION_CONTEXT('2D SPACE',''
  ) );
#9175 = PCURVE('',#4526,#9176);
#9176 = DEFINITIONAL_REPRESENTATION('',(#9177),#9181);
#9177 = LINE('',#9178,#9179);
#9178 = CARTESIAN_POINT('',(-0.,-4.6));
#9179 = VECTOR('',#9180,1.);
#9180 = DIRECTION('',(-1.,0.));
#9181 = ( GEOMETRIC_REPRESENTATION_CONTEXT(2) 
PARAMETRIC_REPRESENTATION_CONTEXT() REPRESENTATION_CONTEXT('2D SPACE',''
  ) );
#9182 = ORIENTED_EDGE('',*,*,#9183,.T.);
#9183 = EDGE_CURVE('',#9160,#9184,#9186,.T.);
#9184 = VERTEX_POINT('',#9185);
#9185 = CARTESIAN_POINT('',(21.120024599539,-27.90957830055,4.6));
#9186 = SURFACE_CURVE('',#9187,(#9192,#9199),.PCURVE_S1.);
#9187 = CIRCLE('',#9188,35.);
#9188 = AXIS2_PLACEMENT_3D('',#9189,#9190,#9191);
#9189 = CARTESIAN_POINT('',(0.,0.,4.6));
#9190 = DIRECTION('',(0.,0.,1.));
#9191 = DIRECTION('',(1.,0.,0.));
#9192 = PCURVE('',#100,#9193);
#9193 = DEFINITIONAL_REPRESENTATION('',(#9194),#9198);
#9194 = CIRCLE('',#9195,35.);
#9195 = AXIS2_PLACEMENT_2D('',#9196,#9197);
#9196 = CARTESIAN_POINT('',(1.250230978322E-15,-2.32193833596E-15));
#9197 = DIRECTION('',(1.,0.));
#9198 = ( GEOMETRIC_REPRESENTATION_CONTEXT(2) 
PARAMETRIC_REPRESENTATION_CONTEXT() REPRESENTATION_CONTEXT('2D SPACE',''
  ) );
#9199 = PCURVE('',#4555,#9200);
#9200 = DEFINITIONAL_REPRESENTATION('',(#9201),#9205);
#9201 = LINE('',#9202,#9203);
#9202 = CARTESIAN_POINT('',(-0.,-4.6));
#9203 = VECTOR('',#9204,1.);
#9204 = DIRECTION('',(-1.,0.));
#9205 = ( GEOMETRIC_REPRESENTATION_CONTEXT(2) 
PARAMETRIC_REPRESENTATION_CONTEXT() REPRESENTATION_CONTEXT('2D SPACE',''
  ) );
#9206 = ORIENTED_EDGE('',*,*,#9207,.F.);
#9207 = EDGE_CURVE('',#9208,#9184,#9210,.T.);
#9208 = VERTEX_POINT('',#9209);
#9209 = CARTESIAN_POINT('',(21.971148160963,-27.24460769563,4.6));
#9210 = SURFACE_CURVE('',#9211,(#9216,#9223),.PCURVE_S1.);
#9211 = CIRCLE('',#9212,0.55);
#9212 = AXIS2_PLACEMENT_3D('',#9213,#9214,#9215);
#9213 = CARTESIAN_POINT('',(21.609717783931,-27.65917745159,4.6));
#9214 = DIRECTION('',(0.,0.,1.));
#9215 = DIRECTION('',(1.,0.,0.));
#9216 = PCURVE('',#100,#9217);
#9217 = DEFINITIONAL_REPRESENTATION('',(#9218),#9222);
#9218 = CIRCLE('',#9219,0.55);
#9219 = AXIS2_PLACEMENT_2D('',#9220,#9221);
#9220 = CARTESIAN_POINT('',(21.609717783931,-27.65917745159));
#9221 = DIRECTION('',(1.,0.));
#9222 = ( GEOMETRIC_REPRESENTATION_CONTEXT(2) 
PARAMETRIC_REPRESENTATION_CONTEXT() REPRESENTATION_CONTEXT('2D SPACE',''
  ) );
#9223 = PCURVE('',#4584,#9224);
#9224 = DEFINITIONAL_REPRESENTATION('',(#9225),#9229);
#9225 = LINE('',#9226,#9227);
#9226 = CARTESIAN_POINT('',(-0.,-4.6));
#9227 = VECTOR('',#9228,1.);
#9228 = DIRECTION('',(-1.,0.));
#9229 = ( GEOMETRIC_REPRESENTATION_CONTEXT(2) 
PARAMETRIC_REPRESENTATION_CONTEXT() REPRESENTATION_CONTEXT('2D SPACE',''
  ) );
#9230 = ORIENTED_EDGE('',*,*,#9231,.T.);
#9231 = EDGE_CURVE('',#9208,#9232,#9234,.T.);
#9232 = VERTEX_POINT('',#9233);
#9233 = CARTESIAN_POINT('',(23.015451047035,-26.36833352909,4.6));
#9234 = SURFACE_CURVE('',#9235,(#9240,#9247),.PCURVE_S1.);
#9235 = CIRCLE('',#9236,35.);
#9236 = AXIS2_PLACEMENT_3D('',#9237,#9238,#9239);
#9237 = CARTESIAN_POINT('',(0.,0.,4.6));
#9238 = DIRECTION('',(0.,0.,1.));
#9239 = DIRECTION('',(1.,0.,0.));
#9240 = PCURVE('',#100,#9241);
#9241 = DEFINITIONAL_REPRESENTATION('',(#9242),#9246);
#9242 = CIRCLE('',#9243,35.);
#9243 = AXIS2_PLACEMENT_2D('',#9244,#9245);
#9244 = CARTESIAN_POINT('',(1.250230978322E-15,-2.32193833596E-15));
#9245 = DIRECTION('',(1.,0.));
#9246 = ( GEOMETRIC_REPRESENTATION_CONTEXT(2) 
PARAMETRIC_REPRESENTATION_CONTEXT() REPRESENTATION_CONTEXT('2D SPACE',''
  ) );
#9247 = PCURVE('',#4613,#9248);
#9248 = DEFINITIONAL_REPRESENTATION('',(#9249),#9253);
#9249 = LINE('',#9250,#9251);
#9250 = CARTESIAN_POINT('',(-0.,-4.6));
#9251 = VECTOR('',#9252,1.);
#9252 = DIRECTION('',(-1.,0.));
#9253 = ( GEOMETRIC_REPRESENTATION_CONTEXT(2) 
PARAMETRIC_REPRESENTATION_CONTEXT() REPRESENTATION_CONTEXT('2D SPACE',''
  ) );
#9254 = ORIENTED_EDGE('',*,*,#9255,.F.);
#9255 = EDGE_CURVE('',#9256,#9232,#9258,.T.);
#9256 = VERTEX_POINT('',#9257);
#9257 = CARTESIAN_POINT('',(23.818115309698,-25.64561138077,4.6));
#9258 = SURFACE_CURVE('',#9259,(#9264,#9271),.PCURVE_S1.);
#9259 = CIRCLE('',#9260,0.55);
#9260 = AXIS2_PLACEMENT_3D('',#9261,#9262,#9263);
#9261 = CARTESIAN_POINT('',(23.486484283196,-26.08438337425,4.6));
#9262 = DIRECTION('',(0.,0.,1.));
#9263 = DIRECTION('',(1.,0.,0.));
#9264 = PCURVE('',#100,#9265);
#9265 = DEFINITIONAL_REPRESENTATION('',(#9266),#9270);
#9266 = CIRCLE('',#9267,0.55);
#9267 = AXIS2_PLACEMENT_2D('',#9268,#9269);
#9268 = CARTESIAN_POINT('',(23.486484283196,-26.08438337425));
#9269 = DIRECTION('',(1.,0.));
#9270 = ( GEOMETRIC_REPRESENTATION_CONTEXT(2) 
PARAMETRIC_REPRESENTATION_CONTEXT() REPRESENTATION_CONTEXT('2D SPACE',''
  ) );
#9271 = PCURVE('',#4642,#9272);
#9272 = DEFINITIONAL_REPRESENTATION('',(#9273),#9277);
#9273 = LINE('',#9274,#9275);
#9274 = CARTESIAN_POINT('',(-0.,-4.6));
#9275 = VECTOR('',#9276,1.);
#9276 = DIRECTION('',(-1.,0.));
#9277 = ( GEOMETRIC_REPRESENTATION_CONTEXT(2) 
PARAMETRIC_REPRESENTATION_CONTEXT() REPRESENTATION_CONTEXT('2D SPACE',''
  ) );
#9278 = ORIENTED_EDGE('',*,*,#9279,.T.);
#9279 = EDGE_CURVE('',#9256,#9280,#9282,.T.);
#9280 = VERTEX_POINT('',#9281);
#9281 = CARTESIAN_POINT('',(24.798748530536,-24.69862488721,4.6));
#9282 = SURFACE_CURVE('',#9283,(#9288,#9295),.PCURVE_S1.);
#9283 = CIRCLE('',#9284,35.);
#9284 = AXIS2_PLACEMENT_3D('',#9285,#9286,#9287);
#9285 = CARTESIAN_POINT('',(0.,0.,4.6));
#9286 = DIRECTION('',(0.,0.,1.));
#9287 = DIRECTION('',(1.,0.,0.));
#9288 = PCURVE('',#100,#9289);
#9289 = DEFINITIONAL_REPRESENTATION('',(#9290),#9294);
#9290 = CIRCLE('',#9291,35.);
#9291 = AXIS2_PLACEMENT_2D('',#9292,#9293);
#9292 = CARTESIAN_POINT('',(1.250230978322E-15,-2.32193833596E-15));
#9293 = DIRECTION('',(1.,0.));
#9294 = ( GEOMETRIC_REPRESENTATION_CONTEXT(2) 
PARAMETRIC_REPRESENTATION_CONTEXT() REPRESENTATION_CONTEXT('2D SPACE',''
  ) );
#9295 = PCURVE('',#4671,#9296);
#9296 = DEFINITIONAL_REPRESENTATION('',(#9297),#9301);
#9297 = LINE('',#9298,#9299);
#9298 = CARTESIAN_POINT('',(-0.,-4.6));
#9299 = VECTOR('',#9300,1.);
#9300 = DIRECTION('',(-1.,0.));
#9301 = ( GEOMETRIC_REPRESENTATION_CONTEXT(2) 
PARAMETRIC_REPRESENTATION_CONTEXT() REPRESENTATION_CONTEXT('2D SPACE',''
  ) );
#9302 = ORIENTED_EDGE('',*,*,#9303,.F.);
#9303 = EDGE_CURVE('',#9304,#9280,#9306,.T.);
#9304 = VERTEX_POINT('',#9305);
#9305 = CARTESIAN_POINT('',(25.549042994834,-23.92167222516,4.6));
#9306 = SURFACE_CURVE('',#9307,(#9312,#9319),.PCURVE_S1.);
#9307 = CIRCLE('',#9308,0.55);
#9308 = AXIS2_PLACEMENT_3D('',#9309,#9310,#9311);
#9309 = CARTESIAN_POINT('',(25.248826991887,-24.38250880311,4.6));
#9310 = DIRECTION('',(0.,0.,1.));
#9311 = DIRECTION('',(1.,0.,0.));
#9312 = PCURVE('',#100,#9313);
#9313 = DEFINITIONAL_REPRESENTATION('',(#9314),#9318);
#9314 = CIRCLE('',#9315,0.55);
#9315 = AXIS2_PLACEMENT_2D('',#9316,#9317);
#9316 = CARTESIAN_POINT('',(25.248826991887,-24.38250880311));
#9317 = DIRECTION('',(1.,0.));
#9318 = ( GEOMETRIC_REPRESENTATION_CONTEXT(2) 
PARAMETRIC_REPRESENTATION_CONTEXT() REPRESENTATION_CONTEXT('2D SPACE',''
  ) );
#9319 = PCURVE('',#4700,#9320);
#9320 = DEFINITIONAL_REPRESENTATION('',(#9321),#9325);
#9321 = LINE('',#9322,#9323);
#9322 = CARTESIAN_POINT('',(-0.,-4.6));
#9323 = VECTOR('',#9324,1.);
#9324 = DIRECTION('',(-1.,0.));
#9325 = ( GEOMETRIC_REPRESENTATION_CONTEXT(2) 
PARAMETRIC_REPRESENTATION_CONTEXT() REPRESENTATION_CONTEXT('2D SPACE',''
  ) );
#9326 = ORIENTED_EDGE('',*,*,#9327,.T.);
#9327 = EDGE_CURVE('',#9304,#9328,#9330,.T.);
#9328 = VERTEX_POINT('',#9329);
#9329 = CARTESIAN_POINT('',(26.461229003957,-22.90858702757,4.6));
#9330 = SURFACE_CURVE('',#9331,(#9336,#9343),.PCURVE_S1.);
#9331 = CIRCLE('',#9332,35.);
#9332 = AXIS2_PLACEMENT_3D('',#9333,#9334,#9335);
#9333 = CARTESIAN_POINT('',(0.,0.,4.6));
#9334 = DIRECTION('',(0.,0.,1.));
#9335 = DIRECTION('',(1.,0.,0.));
#9336 = PCURVE('',#100,#9337);
#9337 = DEFINITIONAL_REPRESENTATION('',(#9338),#9342);
#9338 = CIRCLE('',#9339,35.);
#9339 = AXIS2_PLACEMENT_2D('',#9340,#9341);
#9340 = CARTESIAN_POINT('',(1.250230978322E-15,-2.32193833596E-15));
#9341 = DIRECTION('',(1.,0.));
#9342 = ( GEOMETRIC_REPRESENTATION_CONTEXT(2) 
PARAMETRIC_REPRESENTATION_CONTEXT() REPRESENTATION_CONTEXT('2D SPACE',''
  ) );
#9343 = PCURVE('',#4729,#9344);
#9344 = DEFINITIONAL_REPRESENTATION('',(#9345),#9349);
#9345 = LINE('',#9346,#9347);
#9346 = CARTESIAN_POINT('',(-0.,-4.6));
#9347 = VECTOR('',#9348,1.);
#9348 = DIRECTION('',(-1.,0.));
#9349 = ( GEOMETRIC_REPRESENTATION_CONTEXT(2) 
PARAMETRIC_REPRESENTATION_CONTEXT() REPRESENTATION_CONTEXT('2D SPACE',''
  ) );
#9350 = ORIENTED_EDGE('',*,*,#9351,.F.);
#9351 = EDGE_CURVE('',#9352,#9328,#9354,.T.);
#9352 = VERTEX_POINT('',#9353);
#9353 = CARTESIAN_POINT('',(27.155498310679,-22.08118908706,4.6));
#9354 = SURFACE_CURVE('',#9355,(#9360,#9367),.PCURVE_S1.);
#9355 = CIRCLE('',#9356,0.55);
#9356 = AXIS2_PLACEMENT_3D('',#9357,#9358,#9359);
#9357 = CARTESIAN_POINT('',(26.888159953476,-22.56184509999,4.6));
#9358 = DIRECTION('',(0.,0.,1.));
#9359 = DIRECTION('',(1.,0.,0.));
#9360 = PCURVE('',#100,#9361);
#9361 = DEFINITIONAL_REPRESENTATION('',(#9362),#9366);
#9362 = CIRCLE('',#9363,0.55);
#9363 = AXIS2_PLACEMENT_2D('',#9364,#9365);
#9364 = CARTESIAN_POINT('',(26.888159953476,-22.56184509999));
#9365 = DIRECTION('',(1.,0.));
#9366 = ( GEOMETRIC_REPRESENTATION_CONTEXT(2) 
PARAMETRIC_REPRESENTATION_CONTEXT() REPRESENTATION_CONTEXT('2D SPACE',''
  ) );
#9367 = PCURVE('',#4758,#9368);
#9368 = DEFINITIONAL_REPRESENTATION('',(#9369),#9373);
#9369 = LINE('',#9370,#9371);
#9370 = CARTESIAN_POINT('',(-0.,-4.6));
#9371 = VECTOR('',#9372,1.);
#9372 = DIRECTION('',(-1.,0.));
#9373 = ( GEOMETRIC_REPRESENTATION_CONTEXT(2) 
PARAMETRIC_REPRESENTATION_CONTEXT() REPRESENTATION_CONTEXT('2D SPACE',''
  ) );
#9374 = ORIENTED_EDGE('',*,*,#9375,.T.);
#9375 = EDGE_CURVE('',#9352,#9376,#9378,.T.);
#9376 = VERTEX_POINT('',#9377);
#9377 = CARTESIAN_POINT('',(27.994793029544,-21.0069408347,4.6));
#9378 = SURFACE_CURVE('',#9379,(#9384,#9391),.PCURVE_S1.);
#9379 = CIRCLE('',#9380,35.);
#9380 = AXIS2_PLACEMENT_3D('',#9381,#9382,#9383);
#9381 = CARTESIAN_POINT('',(0.,0.,4.6));
#9382 = DIRECTION('',(0.,0.,1.));
#9383 = DIRECTION('',(1.,0.,0.));
#9384 = PCURVE('',#100,#9385);
#9385 = DEFINITIONAL_REPRESENTATION('',(#9386),#9390);
#9386 = CIRCLE('',#9387,35.);
#9387 = AXIS2_PLACEMENT_2D('',#9388,#9389);
#9388 = CARTESIAN_POINT('',(1.250230978322E-15,-2.32193833596E-15));
#9389 = DIRECTION('',(1.,0.));
#9390 = ( GEOMETRIC_REPRESENTATION_CONTEXT(2) 
PARAMETRIC_REPRESENTATION_CONTEXT() REPRESENTATION_CONTEXT('2D SPACE',''
  ) );
#9391 = PCURVE('',#4787,#9392);
#9392 = DEFINITIONAL_REPRESENTATION('',(#9393),#9397);
#9393 = LINE('',#9394,#9395);
#9394 = CARTESIAN_POINT('',(-0.,-4.6));
#9395 = VECTOR('',#9396,1.);
#9396 = DIRECTION('',(-1.,0.));
#9397 = ( GEOMETRIC_REPRESENTATION_CONTEXT(2) 
PARAMETRIC_REPRESENTATION_CONTEXT() REPRESENTATION_CONTEXT('2D SPACE',''
  ) );
#9398 = ORIENTED_EDGE('',*,*,#9399,.F.);
#9399 = EDGE_CURVE('',#9400,#9376,#9402,.T.);
#9400 = VERTEX_POINT('',#9401);
#9401 = CARTESIAN_POINT('',(28.629654768415,-20.13312861532,4.6));
#9402 = SURFACE_CURVE('',#9403,(#9408,#9415),.PCURVE_S1.);
#9403 = CIRCLE('',#9404,0.55);
#9404 = AXIS2_PLACEMENT_3D('',#9405,#9406,#9407);
#9405 = CARTESIAN_POINT('',(28.396496502561,-20.63126235546,4.6));
#9406 = DIRECTION('',(0.,0.,1.));
#9407 = DIRECTION('',(1.,0.,0.));
#9408 = PCURVE('',#100,#9409);
#9409 = DEFINITIONAL_REPRESENTATION('',(#9410),#9414);
#9410 = CIRCLE('',#9411,0.55);
#9411 = AXIS2_PLACEMENT_2D('',#9412,#9413);
#9412 = CARTESIAN_POINT('',(28.396496502561,-20.63126235546));
#9413 = DIRECTION('',(1.,0.));
#9414 = ( GEOMETRIC_REPRESENTATION_CONTEXT(2) 
PARAMETRIC_REPRESENTATION_CONTEXT() REPRESENTATION_CONTEXT('2D SPACE',''
  ) );
#9415 = PCURVE('',#4816,#9416);
#9416 = DEFINITIONAL_REPRESENTATION('',(#9417),#9421);
#9417 = LINE('',#9418,#9419);
#9418 = CARTESIAN_POINT('',(-0.,-4.6));
#9419 = VECTOR('',#9420,1.);
#9420 = DIRECTION('',(-1.,0.));
#9421 = ( GEOMETRIC_REPRESENTATION_CONTEXT(2) 
PARAMETRIC_REPRESENTATION_CONTEXT() REPRESENTATION_CONTEXT('2D SPACE',''
  ) );
#9422 = ORIENTED_EDGE('',*,*,#9423,.T.);
#9423 = EDGE_CURVE('',#9400,#9424,#9426,.T.);
#9424 = VERTEX_POINT('',#9425);
#9425 = CARTESIAN_POINT('',(29.391969237519,-19.0029509377,4.6));
#9426 = SURFACE_CURVE('',#9427,(#9432,#9439),.PCURVE_S1.);
#9427 = CIRCLE('',#9428,35.);
#9428 = AXIS2_PLACEMENT_3D('',#9429,#9430,#9431);
#9429 = CARTESIAN_POINT('',(0.,0.,4.6));
#9430 = DIRECTION('',(0.,0.,1.));
#9431 = DIRECTION('',(1.,0.,0.));
#9432 = PCURVE('',#100,#9433);
#9433 = DEFINITIONAL_REPRESENTATION('',(#9434),#9438);
#9434 = CIRCLE('',#9435,35.);
#9435 = AXIS2_PLACEMENT_2D('',#9436,#9437);
#9436 = CARTESIAN_POINT('',(1.250230978322E-15,-2.32193833596E-15));
#9437 = DIRECTION('',(1.,0.));
#9438 = ( GEOMETRIC_REPRESENTATION_CONTEXT(2) 
PARAMETRIC_REPRESENTATION_CONTEXT() REPRESENTATION_CONTEXT('2D SPACE',''
  ) );
#9439 = PCURVE('',#4845,#9440);
#9440 = DEFINITIONAL_REPRESENTATION('',(#9441),#9445);
#9441 = LINE('',#9442,#9443);
#9442 = CARTESIAN_POINT('',(-0.,-4.6));
#9443 = VECTOR('',#9444,1.);
#9444 = DIRECTION('',(-1.,0.));
#9445 = ( GEOMETRIC_REPRESENTATION_CONTEXT(2) 
PARAMETRIC_REPRESENTATION_CONTEXT() REPRESENTATION_CONTEXT('2D SPACE',''
  ) );
#9446 = ORIENTED_EDGE('',*,*,#9447,.F.);
#9447 = EDGE_CURVE('',#9448,#9424,#9450,.T.);
#9448 = VERTEX_POINT('',#9449);
#9449 = CARTESIAN_POINT('',(29.964330425963,-18.08698156475,4.6));
#9450 = SURFACE_CURVE('',#9451,(#9456,#9463),.PCURVE_S1.);
#9451 = CIRCLE('',#9452,0.55);
#9452 = AXIS2_PLACEMENT_3D('',#9453,#9454,#9455);
#9453 = CARTESIAN_POINT('',(29.766488175091,-18.60016617458,4.6));
#9454 = DIRECTION('',(0.,0.,1.));
#9455 = DIRECTION('',(1.,0.,0.));
#9456 = PCURVE('',#100,#9457);
#9457 = DEFINITIONAL_REPRESENTATION('',(#9458),#9462);
#9458 = CIRCLE('',#9459,0.55);
#9459 = AXIS2_PLACEMENT_2D('',#9460,#9461);
#9460 = CARTESIAN_POINT('',(29.766488175091,-18.60016617458));
#9461 = DIRECTION('',(1.,0.));
#9462 = ( GEOMETRIC_REPRESENTATION_CONTEXT(2) 
PARAMETRIC_REPRESENTATION_CONTEXT() REPRESENTATION_CONTEXT('2D SPACE',''
  ) );
#9463 = PCURVE('',#4874,#9464);
#9464 = DEFINITIONAL_REPRESENTATION('',(#9465),#9469);
#9465 = LINE('',#9466,#9467);
#9466 = CARTESIAN_POINT('',(-0.,-4.6));
#9467 = VECTOR('',#9468,1.);
#9468 = DIRECTION('',(-1.,0.));
#9469 = ( GEOMETRIC_REPRESENTATION_CONTEXT(2) 
PARAMETRIC_REPRESENTATION_CONTEXT() REPRESENTATION_CONTEXT('2D SPACE',''
  ) );
#9470 = ORIENTED_EDGE('',*,*,#9471,.T.);
#9471 = EDGE_CURVE('',#9448,#9472,#9474,.T.);
#9472 = VERTEX_POINT('',#9473);
#9473 = CARTESIAN_POINT('',(30.645950725838,-16.90638057389,4.6));
#9474 = SURFACE_CURVE('',#9475,(#9480,#9487),.PCURVE_S1.);
#9475 = CIRCLE('',#9476,35.);
#9476 = AXIS2_PLACEMENT_3D('',#9477,#9478,#9479);
#9477 = CARTESIAN_POINT('',(0.,0.,4.6));
#9478 = DIRECTION('',(0.,0.,1.));
#9479 = DIRECTION('',(1.,0.,0.));
#9480 = PCURVE('',#100,#9481);
#9481 = DEFINITIONAL_REPRESENTATION('',(#9482),#9486);
#9482 = CIRCLE('',#9483,35.);
#9483 = AXIS2_PLACEMENT_2D('',#9484,#9485);
#9484 = CARTESIAN_POINT('',(1.250230978322E-15,-2.32193833596E-15));
#9485 = DIRECTION('',(1.,0.));
#9486 = ( GEOMETRIC_REPRESENTATION_CONTEXT(2) 
PARAMETRIC_REPRESENTATION_CONTEXT() REPRESENTATION_CONTEXT('2D SPACE',''
  ) );
#9487 = PCURVE('',#4903,#9488);
#9488 = DEFINITIONAL_REPRESENTATION('',(#9489),#9493);
#9489 = LINE('',#9490,#9491);
#9490 = CARTESIAN_POINT('',(-0.,-4.6));
#9491 = VECTOR('',#9492,1.);
#9492 = DIRECTION('',(-1.,0.));
#9493 = ( GEOMETRIC_REPRESENTATION_CONTEXT(2) 
PARAMETRIC_REPRESENTATION_CONTEXT() REPRESENTATION_CONTEXT('2D SPACE',''
  ) );
#9494 = ORIENTED_EDGE('',*,*,#9495,.F.);
#9495 = EDGE_CURVE('',#9496,#9472,#9498,.T.);
#9496 = VERTEX_POINT('',#9497);
#9497 = CARTESIAN_POINT('',(31.15302287768,-15.95271655809,4.6));
#9498 = SURFACE_CURVE('',#9499,(#9504,#9511),.PCURVE_S1.);
#9499 = CIRCLE('',#9500,0.55);
#9500 = AXIS2_PLACEMENT_3D('',#9501,#9502,#9503);
#9501 = CARTESIAN_POINT('',(30.991460509348,-16.47845185378,4.6));
#9502 = DIRECTION('',(0.,0.,1.));
#9503 = DIRECTION('',(1.,0.,0.));
#9504 = PCURVE('',#100,#9505);
#9505 = DEFINITIONAL_REPRESENTATION('',(#9506),#9510);
#9506 = CIRCLE('',#9507,0.55);
#9507 = AXIS2_PLACEMENT_2D('',#9508,#9509);
#9508 = CARTESIAN_POINT('',(30.991460509348,-16.47845185378));
#9509 = DIRECTION('',(1.,0.));
#9510 = ( GEOMETRIC_REPRESENTATION_CONTEXT(2) 
PARAMETRIC_REPRESENTATION_CONTEXT() REPRESENTATION_CONTEXT('2D SPACE',''
  ) );
#9511 = PCURVE('',#4932,#9512);
#9512 = DEFINITIONAL_REPRESENTATION('',(#9513),#9517);
#9513 = LINE('',#9514,#9515);
#9514 = CARTESIAN_POINT('',(-0.,-4.6));
#9515 = VECTOR('',#9516,1.);
#9516 = DIRECTION('',(-1.,0.));
#9517 = ( GEOMETRIC_REPRESENTATION_CONTEXT(2) 
PARAMETRIC_REPRESENTATION_CONTEXT() REPRESENTATION_CONTEXT('2D SPACE',''
  ) );
#9518 = ORIENTED_EDGE('',*,*,#9519,.T.);
#9519 = EDGE_CURVE('',#9496,#9520,#9522,.T.);
#9520 = VERTEX_POINT('',#9521);
#9521 = CARTESIAN_POINT('',(31.750628222741,-14.72744402336,4.6));
#9522 = SURFACE_CURVE('',#9523,(#9528,#9535),.PCURVE_S1.);
#9523 = CIRCLE('',#9524,35.);
#9524 = AXIS2_PLACEMENT_3D('',#9525,#9526,#9527);
#9525 = CARTESIAN_POINT('',(0.,0.,4.6));
#9526 = DIRECTION('',(0.,0.,1.));
#9527 = DIRECTION('',(1.,0.,0.));
#9528 = PCURVE('',#100,#9529);
#9529 = DEFINITIONAL_REPRESENTATION('',(#9530),#9534);
#9530 = CIRCLE('',#9531,35.);
#9531 = AXIS2_PLACEMENT_2D('',#9532,#9533);
#9532 = CARTESIAN_POINT('',(1.250230978322E-15,-2.32193833596E-15));
#9533 = DIRECTION('',(1.,0.));
#9534 = ( GEOMETRIC_REPRESENTATION_CONTEXT(2) 
PARAMETRIC_REPRESENTATION_CONTEXT() REPRESENTATION_CONTEXT('2D SPACE',''
  ) );
#9535 = PCURVE('',#4961,#9536);
#9536 = DEFINITIONAL_REPRESENTATION('',(#9537),#9541);
#9537 = LINE('',#9538,#9539);
#9538 = CARTESIAN_POINT('',(-0.,-4.6));
#9539 = VECTOR('',#9540,1.);
#9540 = DIRECTION('',(-1.,0.));
#9541 = ( GEOMETRIC_REPRESENTATION_CONTEXT(2) 
PARAMETRIC_REPRESENTATION_CONTEXT() REPRESENTATION_CONTEXT('2D SPACE',''
  ) );
#9542 = ORIENTED_EDGE('',*,*,#9543,.F.);
#9543 = EDGE_CURVE('',#9544,#9520,#9546,.T.);
#9544 = VERTEX_POINT('',#9545);
#9545 = CARTESIAN_POINT('',(32.189940933427,-13.74073151991,4.6));
#9546 = SURFACE_CURVE('',#9547,(#9552,#9559),.PCURVE_S1.);
#9547 = CIRCLE('',#9548,0.55);
#9548 = AXIS2_PLACEMENT_3D('',#9549,#9550,#9551);
#9549 = CARTESIAN_POINT('',(32.065445563255,-14.27645617196,4.6));
#9550 = DIRECTION('',(0.,0.,1.));
#9551 = DIRECTION('',(1.,0.,0.));
#9552 = PCURVE('',#100,#9553);
#9553 = DEFINITIONAL_REPRESENTATION('',(#9554),#9558);
#9554 = CIRCLE('',#9555,0.55);
#9555 = AXIS2_PLACEMENT_2D('',#9556,#9557);
#9556 = CARTESIAN_POINT('',(32.065445563255,-14.27645617196));
#9557 = DIRECTION('',(1.,0.));
#9558 = ( GEOMETRIC_REPRESENTATION_CONTEXT(2) 
PARAMETRIC_REPRESENTATION_CONTEXT() REPRESENTATION_CONTEXT('2D SPACE',''
  ) );
#9559 = PCURVE('',#4990,#9560);
#9560 = DEFINITIONAL_REPRESENTATION('',(#9561),#9565);
#9561 = LINE('',#9562,#9563);
#9562 = CARTESIAN_POINT('',(-0.,-4.6));
#9563 = VECTOR('',#9564,1.);
#9564 = DIRECTION('',(-1.,0.));
#9565 = ( GEOMETRIC_REPRESENTATION_CONTEXT(2) 
PARAMETRIC_REPRESENTATION_CONTEXT() REPRESENTATION_CONTEXT('2D SPACE',''
  ) );
#9566 = ORIENTED_EDGE('',*,*,#9567,.T.);
#9567 = EDGE_CURVE('',#9544,#9568,#9570,.T.);
#9568 = VERTEX_POINT('',#9569);
#9569 = CARTESIAN_POINT('',(32.700619850505,-12.47675684594,4.6));
#9570 = SURFACE_CURVE('',#9571,(#9576,#9583),.PCURVE_S1.);
#9571 = CIRCLE('',#9572,35.);
#9572 = AXIS2_PLACEMENT_3D('',#9573,#9574,#9575);
#9573 = CARTESIAN_POINT('',(0.,0.,4.6));
#9574 = DIRECTION('',(0.,0.,1.));
#9575 = DIRECTION('',(1.,0.,0.));
#9576 = PCURVE('',#100,#9577);
#9577 = DEFINITIONAL_REPRESENTATION('',(#9578),#9582);
#9578 = CIRCLE('',#9579,35.);
#9579 = AXIS2_PLACEMENT_2D('',#9580,#9581);
#9580 = CARTESIAN_POINT('',(1.250230978322E-15,-2.32193833596E-15));
#9581 = DIRECTION('',(1.,0.));
#9582 = ( GEOMETRIC_REPRESENTATION_CONTEXT(2) 
PARAMETRIC_REPRESENTATION_CONTEXT() REPRESENTATION_CONTEXT('2D SPACE',''
  ) );
#9583 = PCURVE('',#5019,#9584);
#9584 = DEFINITIONAL_REPRESENTATION('',(#9585),#9589);
#9585 = LINE('',#9586,#9587);
#9586 = CARTESIAN_POINT('',(-0.,-4.6));
#9587 = VECTOR('',#9588,1.);
#9588 = DIRECTION('',(-1.,0.));
#9589 = ( GEOMETRIC_REPRESENTATION_CONTEXT(2) 
PARAMETRIC_REPRESENTATION_CONTEXT() REPRESENTATION_CONTEXT('2D SPACE',''
  ) );
#9590 = ORIENTED_EDGE('',*,*,#9591,.F.);
#9591 = EDGE_CURVE('',#9592,#9568,#9594,.T.);
#9592 = VERTEX_POINT('',#9593);
#9593 = CARTESIAN_POINT('',(33.070032832668,-11.46180301899,4.6));
#9594 = SURFACE_CURVE('',#9595,(#9600,#9607),.PCURVE_S1.);
#9595 = CIRCLE('',#9596,0.55);
#9596 = AXIS2_PLACEMENT_3D('',#9597,#9598,#9599);
#9597 = CARTESIAN_POINT('',(32.983210989585,-12.00490703073,4.6));
#9598 = DIRECTION('',(0.,0.,1.));
#9599 = DIRECTION('',(1.,0.,0.));
#9600 = PCURVE('',#100,#9601);
#9601 = DEFINITIONAL_REPRESENTATION('',(#9602),#9606);
#9602 = CIRCLE('',#9603,0.55);
#9603 = AXIS2_PLACEMENT_2D('',#9604,#9605);
#9604 = CARTESIAN_POINT('',(32.983210989585,-12.00490703073));
#9605 = DIRECTION('',(1.,0.));
#9606 = ( GEOMETRIC_REPRESENTATION_CONTEXT(2) 
PARAMETRIC_REPRESENTATION_CONTEXT() REPRESENTATION_CONTEXT('2D SPACE',''
  ) );
#9607 = PCURVE('',#5048,#9608);
#9608 = DEFINITIONAL_REPRESENTATION('',(#9609),#9613);
#9609 = LINE('',#9610,#9611);
#9610 = CARTESIAN_POINT('',(-0.,-4.6));
#9611 = VECTOR('',#9612,1.);
#9612 = DIRECTION('',(-1.,0.));
#9613 = ( GEOMETRIC_REPRESENTATION_CONTEXT(2) 
PARAMETRIC_REPRESENTATION_CONTEXT() REPRESENTATION_CONTEXT('2D SPACE',''
  ) );
#9614 = ORIENTED_EDGE('',*,*,#9615,.T.);
#9615 = EDGE_CURVE('',#9592,#9616,#9618,.T.);
#9616 = VERTEX_POINT('',#9617);
#9617 = CARTESIAN_POINT('',(33.491297345413,-10.16528416332,4.6));
#9618 = SURFACE_CURVE('',#9619,(#9624,#9631),.PCURVE_S1.);
#9619 = CIRCLE('',#9620,35.);
#9620 = AXIS2_PLACEMENT_3D('',#9621,#9622,#9623);
#9621 = CARTESIAN_POINT('',(0.,0.,4.6));
#9622 = DIRECTION('',(0.,0.,1.));
#9623 = DIRECTION('',(1.,0.,0.));
#9624 = PCURVE('',#100,#9625);
#9625 = DEFINITIONAL_REPRESENTATION('',(#9626),#9630);
#9626 = CIRCLE('',#9627,35.);
#9627 = AXIS2_PLACEMENT_2D('',#9628,#9629);
#9628 = CARTESIAN_POINT('',(1.250230978322E-15,-2.32193833596E-15));
#9629 = DIRECTION('',(1.,0.));
#9630 = ( GEOMETRIC_REPRESENTATION_CONTEXT(2) 
PARAMETRIC_REPRESENTATION_CONTEXT() REPRESENTATION_CONTEXT('2D SPACE',''
  ) );
#9631 = PCURVE('',#5077,#9632);
#9632 = DEFINITIONAL_REPRESENTATION('',(#9633),#9637);
#9633 = LINE('',#9634,#9635);
#9634 = CARTESIAN_POINT('',(-0.,-4.6));
#9635 = VECTOR('',#9636,1.);
#9636 = DIRECTION('',(-1.,0.));
#9637 = ( GEOMETRIC_REPRESENTATION_CONTEXT(2) 
PARAMETRIC_REPRESENTATION_CONTEXT() REPRESENTATION_CONTEXT('2D SPACE',''
  ) );
#9638 = ORIENTED_EDGE('',*,*,#9639,.F.);
#9639 = EDGE_CURVE('',#9640,#9616,#9642,.T.);
#9640 = VERTEX_POINT('',#9641);
#9641 = CARTESIAN_POINT('',(33.789010856137,-9.1270337659,4.6));
#9642 = SURFACE_CURVE('',#9643,(#9648,#9655),.PCURVE_S1.);
#9643 = CIRCLE('',#9644,0.55);
#9644 = AXIS2_PLACEMENT_3D('',#9645,#9646,#9647);
#9645 = CARTESIAN_POINT('',(33.740285527435,-9.674871189177,4.6));
#9646 = DIRECTION('',(0.,0.,1.));
#9647 = DIRECTION('',(1.,0.,0.));
#9648 = PCURVE('',#100,#9649);
#9649 = DEFINITIONAL_REPRESENTATION('',(#9650),#9654);
#9650 = CIRCLE('',#9651,0.55);
#9651 = AXIS2_PLACEMENT_2D('',#9652,#9653);
#9652 = CARTESIAN_POINT('',(33.740285527435,-9.674871189177));
#9653 = DIRECTION('',(1.,0.));
#9654 = ( GEOMETRIC_REPRESENTATION_CONTEXT(2) 
PARAMETRIC_REPRESENTATION_CONTEXT() REPRESENTATION_CONTEXT('2D SPACE',''
  ) );
#9655 = PCURVE('',#5106,#9656);
#9656 = DEFINITIONAL_REPRESENTATION('',(#9657),#9661);
#9657 = LINE('',#9658,#9659);
#9658 = CARTESIAN_POINT('',(-0.,-4.6));
#9659 = VECTOR('',#9660,1.);
#9660 = DIRECTION('',(-1.,0.));
#9661 = ( GEOMETRIC_REPRESENTATION_CONTEXT(2) 
PARAMETRIC_REPRESENTATION_CONTEXT() REPRESENTATION_CONTEXT('2D SPACE',''
  ) );
#9662 = ORIENTED_EDGE('',*,*,#9663,.T.);
#9663 = EDGE_CURVE('',#9640,#9664,#9666,.T.);
#9664 = VERTEX_POINT('',#9665);
#9665 = CARTESIAN_POINT('',(34.118808606187,-7.804287238077,4.6));
#9666 = SURFACE_CURVE('',#9667,(#9672,#9679),.PCURVE_S1.);
#9667 = CIRCLE('',#9668,35.);
#9668 = AXIS2_PLACEMENT_3D('',#9669,#9670,#9671);
#9669 = CARTESIAN_POINT('',(0.,0.,4.6));
#9670 = DIRECTION('',(0.,0.,1.));
#9671 = DIRECTION('',(1.,0.,0.));
#9672 = PCURVE('',#100,#9673);
#9673 = DEFINITIONAL_REPRESENTATION('',(#9674),#9678);
#9674 = CIRCLE('',#9675,35.);
#9675 = AXIS2_PLACEMENT_2D('',#9676,#9677);
#9676 = CARTESIAN_POINT('',(1.250230978322E-15,-2.32193833596E-15));
#9677 = DIRECTION('',(1.,0.));
#9678 = ( GEOMETRIC_REPRESENTATION_CONTEXT(2) 
PARAMETRIC_REPRESENTATION_CONTEXT() REPRESENTATION_CONTEXT('2D SPACE',''
  ) );
#9679 = PCURVE('',#5135,#9680);
#9680 = DEFINITIONAL_REPRESENTATION('',(#9681),#9685);
#9681 = LINE('',#9682,#9683);
#9682 = CARTESIAN_POINT('',(-0.,-4.6));
#9683 = VECTOR('',#9684,1.);
#9684 = DIRECTION('',(-1.,0.));
#9685 = ( GEOMETRIC_REPRESENTATION_CONTEXT(2) 
PARAMETRIC_REPRESENTATION_CONTEXT() REPRESENTATION_CONTEXT('2D SPACE',''
  ) );
#9686 = ORIENTED_EDGE('',*,*,#9687,.F.);
#9687 = EDGE_CURVE('',#9688,#9664,#9690,.T.);
#9688 = VERTEX_POINT('',#9689);
#9689 = CARTESIAN_POINT('',(34.343372215174,-6.747798521743,4.6));
#9690 = SURFACE_CURVE('',#9691,(#9696,#9703),.PCURVE_S1.);
#9691 = CIRCLE('',#9692,0.55);
#9692 = AXIS2_PLACEMENT_3D('',#9693,#9694,#9695);
#9693 = CARTESIAN_POINT('',(34.332980785757,-7.297700347703,4.6));
#9694 = DIRECTION('',(0.,0.,1.));
#9695 = DIRECTION('',(1.,0.,0.));
#9696 = PCURVE('',#100,#9697);
#9697 = DEFINITIONAL_REPRESENTATION('',(#9698),#9702);
#9698 = CIRCLE('',#9699,0.55);
#9699 = AXIS2_PLACEMENT_2D('',#9700,#9701);
#9700 = CARTESIAN_POINT('',(34.332980785757,-7.297700347703));
#9701 = DIRECTION('',(1.,0.));
#9702 = ( GEOMETRIC_REPRESENTATION_CONTEXT(2) 
PARAMETRIC_REPRESENTATION_CONTEXT() REPRESENTATION_CONTEXT('2D SPACE',''
  ) );
#9703 = PCURVE('',#5164,#9704);
#9704 = DEFINITIONAL_REPRESENTATION('',(#9705),#9709);
#9705 = LINE('',#9706,#9707);
#9706 = CARTESIAN_POINT('',(-0.,-4.6));
#9707 = VECTOR('',#9708,1.);
#9708 = DIRECTION('',(-1.,0.));
#9709 = ( GEOMETRIC_REPRESENTATION_CONTEXT(2) 
PARAMETRIC_REPRESENTATION_CONTEXT() REPRESENTATION_CONTEXT('2D SPACE',''
  ) );
#9710 = ORIENTED_EDGE('',*,*,#9711,.T.);
#9711 = EDGE_CURVE('',#9688,#9712,#9714,.T.);
#9712 = VERTEX_POINT('',#9713);
#9713 = CARTESIAN_POINT('',(34.580096461042,-5.405268609889,4.6));
#9714 = SURFACE_CURVE('',#9715,(#9720,#9727),.PCURVE_S1.);
#9715 = CIRCLE('',#9716,35.);
#9716 = AXIS2_PLACEMENT_3D('',#9717,#9718,#9719);
#9717 = CARTESIAN_POINT('',(0.,0.,4.6));
#9718 = DIRECTION('',(0.,0.,1.));
#9719 = DIRECTION('',(1.,0.,0.));
#9720 = PCURVE('',#100,#9721);
#9721 = DEFINITIONAL_REPRESENTATION('',(#9722),#9726);
#9722 = CIRCLE('',#9723,35.);
#9723 = AXIS2_PLACEMENT_2D('',#9724,#9725);
#9724 = CARTESIAN_POINT('',(1.250230978322E-15,-2.32193833596E-15));
#9725 = DIRECTION('',(1.,0.));
#9726 = ( GEOMETRIC_REPRESENTATION_CONTEXT(2) 
PARAMETRIC_REPRESENTATION_CONTEXT() REPRESENTATION_CONTEXT('2D SPACE',''
  ) );
#9727 = PCURVE('',#5193,#9728);
#9728 = DEFINITIONAL_REPRESENTATION('',(#9729),#9733);
#9729 = LINE('',#9730,#9731);
#9730 = CARTESIAN_POINT('',(-0.,-4.6));
#9731 = VECTOR('',#9732,1.);
#9732 = DIRECTION('',(-1.,0.));
#9733 = ( GEOMETRIC_REPRESENTATION_CONTEXT(2) 
PARAMETRIC_REPRESENTATION_CONTEXT() REPRESENTATION_CONTEXT('2D SPACE',''
  ) );
#9734 = ORIENTED_EDGE('',*,*,#9735,.F.);
#9735 = EDGE_CURVE('',#9736,#9712,#9738,.T.);
#9736 = VERTEX_POINT('',#9737);
#9737 = CARTESIAN_POINT('',(34.730416116962,-4.335688681475,4.6));
#9738 = SURFACE_CURVE('',#9739,(#9744,#9751),.PCURVE_S1.);
#9739 = CIRCLE('',#9740,0.55);
#9740 = AXIS2_PLACEMENT_3D('',#9741,#9742,#9743);
#9741 = CARTESIAN_POINT('',(34.758409212829,-4.884975843698,4.6));
#9742 = DIRECTION('',(0.,0.,1.));
#9743 = DIRECTION('',(1.,0.,0.));
#9744 = PCURVE('',#100,#9745);
#9745 = DEFINITIONAL_REPRESENTATION('',(#9746),#9750);
#9746 = CIRCLE('',#9747,0.55);
#9747 = AXIS2_PLACEMENT_2D('',#9748,#9749);
#9748 = CARTESIAN_POINT('',(34.758409212829,-4.884975843698));
#9749 = DIRECTION('',(1.,0.));
#9750 = ( GEOMETRIC_REPRESENTATION_CONTEXT(2) 
PARAMETRIC_REPRESENTATION_CONTEXT() REPRESENTATION_CONTEXT('2D SPACE',''
  ) );
#9751 = PCURVE('',#5222,#9752);
#9752 = DEFINITIONAL_REPRESENTATION('',(#9753),#9757);
#9753 = LINE('',#9754,#9755);
#9754 = CARTESIAN_POINT('',(-0.,-4.6));
#9755 = VECTOR('',#9756,1.);
#9756 = DIRECTION('',(-1.,0.));
#9757 = ( GEOMETRIC_REPRESENTATION_CONTEXT(2) 
PARAMETRIC_REPRESENTATION_CONTEXT() REPRESENTATION_CONTEXT('2D SPACE',''
  ) );
#9758 = ORIENTED_EDGE('',*,*,#9759,.T.);
#9759 = EDGE_CURVE('',#9736,#9760,#9762,.T.);
#9760 = VERTEX_POINT('',#9761);
#9761 = CARTESIAN_POINT('',(34.872913561918,-2.979916056369,4.6));
#9762 = SURFACE_CURVE('',#9763,(#9768,#9775),.PCURVE_S1.);
#9763 = CIRCLE('',#9764,35.);
#9764 = AXIS2_PLACEMENT_3D('',#9765,#9766,#9767);
#9765 = CARTESIAN_POINT('',(0.,0.,4.6));
#9766 = DIRECTION('',(0.,0.,1.));
#9767 = DIRECTION('',(1.,0.,0.));
#9768 = PCURVE('',#100,#9769);
#9769 = DEFINITIONAL_REPRESENTATION('',(#9770),#9774);
#9770 = CIRCLE('',#9771,35.);
#9771 = AXIS2_PLACEMENT_2D('',#9772,#9773);
#9772 = CARTESIAN_POINT('',(1.250230978322E-15,-2.32193833596E-15));
#9773 = DIRECTION('',(1.,0.));
#9774 = ( GEOMETRIC_REPRESENTATION_CONTEXT(2) 
PARAMETRIC_REPRESENTATION_CONTEXT() REPRESENTATION_CONTEXT('2D SPACE',''
  ) );
#9775 = PCURVE('',#5251,#9776);
#9776 = DEFINITIONAL_REPRESENTATION('',(#9777),#9781);
#9777 = LINE('',#9778,#9779);
#9778 = CARTESIAN_POINT('',(-0.,-4.6));
#9779 = VECTOR('',#9780,1.);
#9780 = DIRECTION('',(-1.,0.));
#9781 = ( GEOMETRIC_REPRESENTATION_CONTEXT(2) 
PARAMETRIC_REPRESENTATION_CONTEXT() REPRESENTATION_CONTEXT('2D SPACE',''
  ) );
#9782 = ORIENTED_EDGE('',*,*,#9783,.F.);
#9783 = EDGE_CURVE('',#9784,#9760,#9786,.T.);
#9784 = VERTEX_POINT('',#9785);
#9785 = CARTESIAN_POINT('',(34.948256922518,-1.902455801772,4.6));
#9786 = SURFACE_CURVE('',#9787,(#9792,#9799),.PCURVE_S1.);
#9787 = CIRCLE('',#9788,0.55);
#9788 = AXIS2_PLACEMENT_3D('',#9789,#9790,#9791);
#9789 = CARTESIAN_POINT('',(35.01449816412,-2.448452228419,4.6));
#9790 = DIRECTION('',(0.,0.,1.));
#9791 = DIRECTION('',(1.,0.,0.));
#9792 = PCURVE('',#100,#9793);
#9793 = DEFINITIONAL_REPRESENTATION('',(#9794),#9798);
#9794 = CIRCLE('',#9795,0.55);
#9795 = AXIS2_PLACEMENT_2D('',#9796,#9797);
#9796 = CARTESIAN_POINT('',(35.01449816412,-2.448452228419));
#9797 = DIRECTION('',(1.,0.));
#9798 = ( GEOMETRIC_REPRESENTATION_CONTEXT(2) 
PARAMETRIC_REPRESENTATION_CONTEXT() REPRESENTATION_CONTEXT('2D SPACE',''
  ) );
#9799 = PCURVE('',#5280,#9800);
#9800 = DEFINITIONAL_REPRESENTATION('',(#9801),#9805);
#9801 = LINE('',#9802,#9803);
#9802 = CARTESIAN_POINT('',(-0.,-4.6));
#9803 = VECTOR('',#9804,1.);
#9804 = DIRECTION('',(-1.,0.));
#9805 = ( GEOMETRIC_REPRESENTATION_CONTEXT(2) 
PARAMETRIC_REPRESENTATION_CONTEXT() REPRESENTATION_CONTEXT('2D SPACE',''
  ) );
#9806 = ORIENTED_EDGE('',*,*,#9807,.T.);
#9807 = EDGE_CURVE('',#9784,#5402,#9808,.T.);
#9808 = SURFACE_CURVE('',#9809,(#9814,#9821),.PCURVE_S1.);
#9809 = CIRCLE('',#9810,35.);
#9810 = AXIS2_PLACEMENT_3D('',#9811,#9812,#9813);
#9811 = CARTESIAN_POINT('',(0.,0.,4.6));
#9812 = DIRECTION('',(0.,0.,1.));
#9813 = DIRECTION('',(1.,0.,0.));
#9814 = PCURVE('',#100,#9815);
#9815 = DEFINITIONAL_REPRESENTATION('',(#9816),#9820);
#9816 = CIRCLE('',#9817,35.);
#9817 = AXIS2_PLACEMENT_2D('',#9818,#9819);
#9818 = CARTESIAN_POINT('',(1.250230978322E-15,-2.32193833596E-15));
#9819 = DIRECTION('',(1.,0.));
#9820 = ( GEOMETRIC_REPRESENTATION_CONTEXT(2) 
PARAMETRIC_REPRESENTATION_CONTEXT() REPRESENTATION_CONTEXT('2D SPACE',''
  ) );
#9821 = PCURVE('',#5307,#9822);
#9822 = DEFINITIONAL_REPRESENTATION('',(#9823),#9827);
#9823 = LINE('',#9824,#9825);
#9824 = CARTESIAN_POINT('',(-0.,-4.6));
#9825 = VECTOR('',#9826,1.);
#9826 = DIRECTION('',(-1.,0.));
#9827 = ( GEOMETRIC_REPRESENTATION_CONTEXT(2) 
PARAMETRIC_REPRESENTATION_CONTEXT() REPRESENTATION_CONTEXT('2D SPACE',''
  ) );
#9828 = FACE_BOUND('',#9829,.T.);
#9829 = EDGE_LOOP('',(#9830));
#9830 = ORIENTED_EDGE('',*,*,#9831,.F.);
#9831 = EDGE_CURVE('',#9832,#9832,#9834,.T.);
#9832 = VERTEX_POINT('',#9833);
#9833 = CARTESIAN_POINT('',(32.,1.085324868355E-16,4.6));
#9834 = SURFACE_CURVE('',#9835,(#9840,#9847),.PCURVE_S1.);
#9835 = CIRCLE('',#9836,32.);
#9836 = AXIS2_PLACEMENT_3D('',#9837,#9838,#9839);
#9837 = CARTESIAN_POINT('',(1.671608690878E-13,1.085324868355E-16,4.6));
#9838 = DIRECTION('',(0.,0.,1.));
#9839 = DIRECTION('',(1.,0.,0.));
#9840 = PCURVE('',#100,#9841);
#9841 = DEFINITIONAL_REPRESENTATION('',(#9842),#9846);
#9842 = CIRCLE('',#9843,32.);
#9843 = AXIS2_PLACEMENT_2D('',#9844,#9845);
#9844 = CARTESIAN_POINT('',(1.684111000661E-13,-2.213405849125E-15));
#9845 = DIRECTION('',(1.,0.));
#9846 = ( GEOMETRIC_REPRESENTATION_CONTEXT(2) 
PARAMETRIC_REPRESENTATION_CONTEXT() REPRESENTATION_CONTEXT('2D SPACE',''
  ) );
#9847 = PCURVE('',#5338,#9848);
#9848 = DEFINITIONAL_REPRESENTATION('',(#9849),#9853);
#9849 = LINE('',#9850,#9851);
#9850 = CARTESIAN_POINT('',(-0.,-4.6));
#9851 = VECTOR('',#9852,1.);
#9852 = DIRECTION('',(-1.,0.));
#9853 = ( GEOMETRIC_REPRESENTATION_CONTEXT(2) 
PARAMETRIC_REPRESENTATION_CONTEXT() REPRESENTATION_CONTEXT('2D SPACE',''
  ) );
#9854 = ADVANCED_FACE('',(#9855),#72,.F.);
#9855 = FACE_BOUND('',#9856,.T.);
#9856 = EDGE_LOOP('',(#9857,#9858,#9859,#9860));
#9857 = ORIENTED_EDGE('',*,*,#139,.F.);
#9858 = ORIENTED_EDGE('',*,*,#57,.F.);
#9859 = ORIENTED_EDGE('',*,*,#5401,.T.);
#9860 = ORIENTED_EDGE('',*,*,#9861,.T.);
#9861 = EDGE_CURVE('',#5402,#140,#9862,.T.);
#9862 = SURFACE_CURVE('',#9863,(#9867,#9873),.PCURVE_S1.);
#9863 = LINE('',#9864,#9865);
#9864 = CARTESIAN_POINT('',(34.995833333333,-0.540045651362,0.));
#9865 = VECTOR('',#9866,1.);
#9866 = DIRECTION('',(-0.,-0.,-1.));
#9867 = PCURVE('',#72,#9868);
#9868 = DEFINITIONAL_REPRESENTATION('',(#9869),#9872);
#9869 = B_SPLINE_CURVE_WITH_KNOTS('',1,(#9870,#9871),.UNSPECIFIED.,.F.,
  .F.,(2,2),(-4.6000006,6.E-07),.PIECEWISE_BEZIER_KNOTS.);
#9870 = CARTESIAN_POINT('',(-4.521844102409,-4.6000006));
#9871 = CARTESIAN_POINT('',(-4.521844102409,6.E-07));
#9872 = ( GEOMETRIC_REPRESENTATION_CONTEXT(2) 
PARAMETRIC_REPRESENTATION_CONTEXT() REPRESENTATION_CONTEXT('2D SPACE',''
  ) );
#9873 = PCURVE('',#5307,#9874);
#9874 = DEFINITIONAL_REPRESENTATION('',(#9875),#9878);
#9875 = B_SPLINE_CURVE_WITH_KNOTS('',1,(#9876,#9877),.UNSPECIFIED.,.F.,
  .F.,(2,2),(-4.6000006,6.E-07),.PIECEWISE_BEZIER_KNOTS.);
#9876 = CARTESIAN_POINT('',(-6.267754819101,-4.6000006));
#9877 = CARTESIAN_POINT('',(-6.267754819101,6.E-07));
#9878 = ( GEOMETRIC_REPRESENTATION_CONTEXT(2) 
PARAMETRIC_REPRESENTATION_CONTEXT() REPRESENTATION_CONTEXT('2D SPACE',''
  ) );
#9879 = ADVANCED_FACE('',(#9880),#5307,.T.);
#9880 = FACE_BOUND('',#9881,.F.);
#9881 = EDGE_LOOP('',(#9882,#9883,#9902,#9903));
#9882 = ORIENTED_EDGE('',*,*,#5292,.F.);
#9883 = ORIENTED_EDGE('',*,*,#9884,.F.);
#9884 = EDGE_CURVE('',#9784,#5264,#9885,.T.);
#9885 = SURFACE_CURVE('',#9886,(#9890,#9896),.PCURVE_S1.);
#9886 = LINE('',#9887,#9888);
#9887 = CARTESIAN_POINT('',(34.948256922518,-1.902455801772,0.));
#9888 = VECTOR('',#9889,1.);
#9889 = DIRECTION('',(-0.,-0.,-1.));
#9890 = PCURVE('',#5307,#9891);
#9891 = DEFINITIONAL_REPRESENTATION('',(#9892),#9895);
#9892 = B_SPLINE_CURVE_WITH_KNOTS('',1,(#9893,#9894),.UNSPECIFIED.,.F.,
  .F.,(2,2),(-4.6000006,6.E-07),.PIECEWISE_BEZIER_KNOTS.);
#9893 = CARTESIAN_POINT('',(-6.228802625179,-4.6000006));
#9894 = CARTESIAN_POINT('',(-6.228802625179,6.E-07));
#9895 = ( GEOMETRIC_REPRESENTATION_CONTEXT(2) 
PARAMETRIC_REPRESENTATION_CONTEXT() REPRESENTATION_CONTEXT('2D SPACE',''
  ) );
#9896 = PCURVE('',#5280,#9897);
#9897 = DEFINITIONAL_REPRESENTATION('',(#9898),#9901);
#9898 = B_SPLINE_CURVE_WITH_KNOTS('',1,(#9899,#9900),.UNSPECIFIED.,.F.,
  .F.,(2,2),(-4.6000006,6.E-07),.PIECEWISE_BEZIER_KNOTS.);
#9899 = CARTESIAN_POINT('',(-1.69152803469,-4.6000006));
#9900 = CARTESIAN_POINT('',(-1.69152803469,6.E-07));
#9901 = ( GEOMETRIC_REPRESENTATION_CONTEXT(2) 
PARAMETRIC_REPRESENTATION_CONTEXT() REPRESENTATION_CONTEXT('2D SPACE',''
  ) );
#9902 = ORIENTED_EDGE('',*,*,#9807,.T.);
#9903 = ORIENTED_EDGE('',*,*,#9861,.T.);
#9904 = ADVANCED_FACE('',(#9905),#5280,.F.);
#9905 = FACE_BOUND('',#9906,.T.);
#9906 = EDGE_LOOP('',(#9907,#9908,#9909,#9910));
#9907 = ORIENTED_EDGE('',*,*,#5263,.F.);
#9908 = ORIENTED_EDGE('',*,*,#9884,.F.);
#9909 = ORIENTED_EDGE('',*,*,#9783,.T.);
#9910 = ORIENTED_EDGE('',*,*,#9911,.T.);
#9911 = EDGE_CURVE('',#9760,#5235,#9912,.T.);
#9912 = SURFACE_CURVE('',#9913,(#9917,#9923),.PCURVE_S1.);
#9913 = LINE('',#9914,#9915);
#9914 = CARTESIAN_POINT('',(34.872913561918,-2.979916056369,0.));
#9915 = VECTOR('',#9916,1.);
#9916 = DIRECTION('',(-0.,-0.,-1.));
#9917 = PCURVE('',#5280,#9918);
#9918 = DEFINITIONAL_REPRESENTATION('',(#9919),#9922);
#9919 = B_SPLINE_CURVE_WITH_KNOTS('',1,(#9920,#9921),.UNSPECIFIED.,.F.,
  .F.,(2,2),(-4.6000006,6.E-07),.PIECEWISE_BEZIER_KNOTS.);
#9920 = CARTESIAN_POINT('',(-4.45203093233,-4.6000006));
#9921 = CARTESIAN_POINT('',(-4.45203093233,6.E-07));
#9922 = ( GEOMETRIC_REPRESENTATION_CONTEXT(2) 
PARAMETRIC_REPRESENTATION_CONTEXT() REPRESENTATION_CONTEXT('2D SPACE',''
  ) );
#9923 = PCURVE('',#5251,#9924);
#9924 = DEFINITIONAL_REPRESENTATION('',(#9925),#9928);
#9925 = B_SPLINE_CURVE_WITH_KNOTS('',1,(#9926,#9927),.UNSPECIFIED.,.F.,
  .F.,(2,2),(-4.6000006,6.E-07),.PIECEWISE_BEZIER_KNOTS.);
#9926 = CARTESIAN_POINT('',(-6.197941649021,-4.6000006));
#9927 = CARTESIAN_POINT('',(-6.197941649021,6.E-07));
#9928 = ( GEOMETRIC_REPRESENTATION_CONTEXT(2) 
PARAMETRIC_REPRESENTATION_CONTEXT() REPRESENTATION_CONTEXT('2D SPACE',''
  ) );
#9929 = ADVANCED_FACE('',(#9930),#5251,.T.);
#9930 = FACE_BOUND('',#9931,.F.);
#9931 = EDGE_LOOP('',(#9932,#9933,#9952,#9953));
#9932 = ORIENTED_EDGE('',*,*,#5234,.F.);
#9933 = ORIENTED_EDGE('',*,*,#9934,.F.);
#9934 = EDGE_CURVE('',#9736,#5206,#9935,.T.);
#9935 = SURFACE_CURVE('',#9936,(#9940,#9946),.PCURVE_S1.);
#9936 = LINE('',#9937,#9938);
#9937 = CARTESIAN_POINT('',(34.730416116962,-4.335688681475,0.));
#9938 = VECTOR('',#9939,1.);
#9939 = DIRECTION('',(-0.,-0.,-1.));
#9940 = PCURVE('',#5251,#9941);
#9941 = DEFINITIONAL_REPRESENTATION('',(#9942),#9945);
#9942 = B_SPLINE_CURVE_WITH_KNOTS('',1,(#9943,#9944),.UNSPECIFIED.,.F.,
  .F.,(2,2),(-4.6000006,6.E-07),.PIECEWISE_BEZIER_KNOTS.);
#9943 = CARTESIAN_POINT('',(-6.158989455099,-4.6000006));
#9944 = CARTESIAN_POINT('',(-6.158989455099,6.E-07));
#9945 = ( GEOMETRIC_REPRESENTATION_CONTEXT(2) 
PARAMETRIC_REPRESENTATION_CONTEXT() REPRESENTATION_CONTEXT('2D SPACE',''
  ) );
#9946 = PCURVE('',#5222,#9947);
#9947 = DEFINITIONAL_REPRESENTATION('',(#9948),#9951);
#9948 = B_SPLINE_CURVE_WITH_KNOTS('',1,(#9949,#9950),.UNSPECIFIED.,.F.,
  .F.,(2,2),(-4.6000006,6.E-07),.PIECEWISE_BEZIER_KNOTS.);
#9949 = CARTESIAN_POINT('',(-1.621714864611,-4.6000006));
#9950 = CARTESIAN_POINT('',(-1.621714864611,6.E-07));
#9951 = ( GEOMETRIC_REPRESENTATION_CONTEXT(2) 
PARAMETRIC_REPRESENTATION_CONTEXT() REPRESENTATION_CONTEXT('2D SPACE',''
  ) );
#9952 = ORIENTED_EDGE('',*,*,#9759,.T.);
#9953 = ORIENTED_EDGE('',*,*,#9911,.T.);
#9954 = ADVANCED_FACE('',(#9955),#5222,.F.);
#9955 = FACE_BOUND('',#9956,.T.);
#9956 = EDGE_LOOP('',(#9957,#9958,#9959,#9960));
#9957 = ORIENTED_EDGE('',*,*,#5205,.F.);
#9958 = ORIENTED_EDGE('',*,*,#9934,.F.);
#9959 = ORIENTED_EDGE('',*,*,#9735,.T.);
#9960 = ORIENTED_EDGE('',*,*,#9961,.T.);
#9961 = EDGE_CURVE('',#9712,#5177,#9962,.T.);
#9962 = SURFACE_CURVE('',#9963,(#9967,#9973),.PCURVE_S1.);
#9963 = LINE('',#9964,#9965);
#9964 = CARTESIAN_POINT('',(34.580096461042,-5.405268609889,0.));
#9965 = VECTOR('',#9966,1.);
#9966 = DIRECTION('',(-0.,-0.,-1.));
#9967 = PCURVE('',#5222,#9968);
#9968 = DEFINITIONAL_REPRESENTATION('',(#9969),#9972);
#9969 = B_SPLINE_CURVE_WITH_KNOTS('',1,(#9970,#9971),.UNSPECIFIED.,.F.,
  .F.,(2,2),(-4.6000006,6.E-07),.PIECEWISE_BEZIER_KNOTS.);
#9970 = CARTESIAN_POINT('',(-4.38221776225,-4.6000006));
#9971 = CARTESIAN_POINT('',(-4.38221776225,6.E-07));
#9972 = ( GEOMETRIC_REPRESENTATION_CONTEXT(2) 
PARAMETRIC_REPRESENTATION_CONTEXT() REPRESENTATION_CONTEXT('2D SPACE',''
  ) );
#9973 = PCURVE('',#5193,#9974);
#9974 = DEFINITIONAL_REPRESENTATION('',(#9975),#9978);
#9975 = B_SPLINE_CURVE_WITH_KNOTS('',1,(#9976,#9977),.UNSPECIFIED.,.F.,
  .F.,(2,2),(-4.6000006,6.E-07),.PIECEWISE_BEZIER_KNOTS.);
#9976 = CARTESIAN_POINT('',(-6.128128478941,-4.6000006));
#9977 = CARTESIAN_POINT('',(-6.128128478941,6.E-07));
#9978 = ( GEOMETRIC_REPRESENTATION_CONTEXT(2) 
PARAMETRIC_REPRESENTATION_CONTEXT() REPRESENTATION_CONTEXT('2D SPACE',''
  ) );
#9979 = ADVANCED_FACE('',(#9980),#5193,.T.);
#9980 = FACE_BOUND('',#9981,.F.);
#9981 = EDGE_LOOP('',(#9982,#9983,#10002,#10003));
#9982 = ORIENTED_EDGE('',*,*,#5176,.F.);
#9983 = ORIENTED_EDGE('',*,*,#9984,.F.);
#9984 = EDGE_CURVE('',#9688,#5148,#9985,.T.);
#9985 = SURFACE_CURVE('',#9986,(#9990,#9996),.PCURVE_S1.);
#9986 = LINE('',#9987,#9988);
#9987 = CARTESIAN_POINT('',(34.343372215174,-6.747798521743,0.));
#9988 = VECTOR('',#9989,1.);
#9989 = DIRECTION('',(-0.,-0.,-1.));
#9990 = PCURVE('',#5193,#9991);
#9991 = DEFINITIONAL_REPRESENTATION('',(#9992),#9995);
#9992 = B_SPLINE_CURVE_WITH_KNOTS('',1,(#9993,#9994),.UNSPECIFIED.,.F.,
  .F.,(2,2),(-4.6000006,6.E-07),.PIECEWISE_BEZIER_KNOTS.);
#9993 = CARTESIAN_POINT('',(-6.089176285019,-4.6000006));
#9994 = CARTESIAN_POINT('',(-6.089176285019,6.E-07));
#9995 = ( GEOMETRIC_REPRESENTATION_CONTEXT(2) 
PARAMETRIC_REPRESENTATION_CONTEXT() REPRESENTATION_CONTEXT('2D SPACE',''
  ) );
#9996 = PCURVE('',#5164,#9997);
#9997 = DEFINITIONAL_REPRESENTATION('',(#9998),#10001);
#9998 = B_SPLINE_CURVE_WITH_KNOTS('',1,(#9999,#10000),.UNSPECIFIED.,.F.,
  .F.,(2,2),(-4.6000006,6.E-07),.PIECEWISE_BEZIER_KNOTS.);
#9999 = CARTESIAN_POINT('',(-1.551901694531,-4.6000006));
#10000 = CARTESIAN_POINT('',(-1.551901694531,6.E-07));
#10001 = ( GEOMETRIC_REPRESENTATION_CONTEXT(2) 
PARAMETRIC_REPRESENTATION_CONTEXT() REPRESENTATION_CONTEXT('2D SPACE',''
  ) );
#10002 = ORIENTED_EDGE('',*,*,#9711,.T.);
#10003 = ORIENTED_EDGE('',*,*,#9961,.T.);
#10004 = ADVANCED_FACE('',(#10005),#5164,.F.);
#10005 = FACE_BOUND('',#10006,.T.);
#10006 = EDGE_LOOP('',(#10007,#10008,#10009,#10010));
#10007 = ORIENTED_EDGE('',*,*,#5147,.F.);
#10008 = ORIENTED_EDGE('',*,*,#9984,.F.);
#10009 = ORIENTED_EDGE('',*,*,#9687,.T.);
#10010 = ORIENTED_EDGE('',*,*,#10011,.T.);
#10011 = EDGE_CURVE('',#9664,#5119,#10012,.T.);
#10012 = SURFACE_CURVE('',#10013,(#10017,#10023),.PCURVE_S1.);
#10013 = LINE('',#10014,#10015);
#10014 = CARTESIAN_POINT('',(34.118808606187,-7.804287238077,0.));
#10015 = VECTOR('',#10016,1.);
#10016 = DIRECTION('',(-0.,-0.,-1.));
#10017 = PCURVE('',#5164,#10018);
#10018 = DEFINITIONAL_REPRESENTATION('',(#10019),#10022);
#10019 = B_SPLINE_CURVE_WITH_KNOTS('',1,(#10020,#10021),.UNSPECIFIED.,
  .F.,.F.,(2,2),(-4.6000006,6.E-07),.PIECEWISE_BEZIER_KNOTS.);
#10020 = CARTESIAN_POINT('',(-4.31240459217,-4.6000006));
#10021 = CARTESIAN_POINT('',(-4.31240459217,6.E-07));
#10022 = ( GEOMETRIC_REPRESENTATION_CONTEXT(2) 
PARAMETRIC_REPRESENTATION_CONTEXT() REPRESENTATION_CONTEXT('2D SPACE',''
  ) );
#10023 = PCURVE('',#5135,#10024);
#10024 = DEFINITIONAL_REPRESENTATION('',(#10025),#10028);
#10025 = B_SPLINE_CURVE_WITH_KNOTS('',1,(#10026,#10027),.UNSPECIFIED.,
  .F.,.F.,(2,2),(-4.6000006,6.E-07),.PIECEWISE_BEZIER_KNOTS.);
#10026 = CARTESIAN_POINT('',(-6.058315308861,-4.6000006));
#10027 = CARTESIAN_POINT('',(-6.058315308861,6.E-07));
#10028 = ( GEOMETRIC_REPRESENTATION_CONTEXT(2) 
PARAMETRIC_REPRESENTATION_CONTEXT() REPRESENTATION_CONTEXT('2D SPACE',''
  ) );
#10029 = ADVANCED_FACE('',(#10030),#5135,.T.);
#10030 = FACE_BOUND('',#10031,.F.);
#10031 = EDGE_LOOP('',(#10032,#10033,#10052,#10053));
#10032 = ORIENTED_EDGE('',*,*,#5118,.F.);
#10033 = ORIENTED_EDGE('',*,*,#10034,.F.);
#10034 = EDGE_CURVE('',#9640,#5090,#10035,.T.);
#10035 = SURFACE_CURVE('',#10036,(#10040,#10046),.PCURVE_S1.);
#10036 = LINE('',#10037,#10038);
#10037 = CARTESIAN_POINT('',(33.789010856137,-9.1270337659,0.));
#10038 = VECTOR('',#10039,1.);
#10039 = DIRECTION('',(-0.,-0.,-1.));
#10040 = PCURVE('',#5135,#10041);
#10041 = DEFINITIONAL_REPRESENTATION('',(#10042),#10045);
#10042 = B_SPLINE_CURVE_WITH_KNOTS('',1,(#10043,#10044),.UNSPECIFIED.,
  .F.,.F.,(2,2),(-4.6000006,6.E-07),.PIECEWISE_BEZIER_KNOTS.);
#10043 = CARTESIAN_POINT('',(-6.01936311494,-4.6000006));
#10044 = CARTESIAN_POINT('',(-6.01936311494,6.E-07));
#10045 = ( GEOMETRIC_REPRESENTATION_CONTEXT(2) 
PARAMETRIC_REPRESENTATION_CONTEXT() REPRESENTATION_CONTEXT('2D SPACE',''
  ) );
#10046 = PCURVE('',#5106,#10047);
#10047 = DEFINITIONAL_REPRESENTATION('',(#10048),#10051);
#10048 = B_SPLINE_CURVE_WITH_KNOTS('',1,(#10049,#10050),.UNSPECIFIED.,
  .F.,.F.,(2,2),(-4.6000006,6.E-07),.PIECEWISE_BEZIER_KNOTS.);
#10049 = CARTESIAN_POINT('',(-1.482088524451,-4.6000006));
#10050 = CARTESIAN_POINT('',(-1.482088524451,6.E-07));
#10051 = ( GEOMETRIC_REPRESENTATION_CONTEXT(2) 
PARAMETRIC_REPRESENTATION_CONTEXT() REPRESENTATION_CONTEXT('2D SPACE',''
  ) );
#10052 = ORIENTED_EDGE('',*,*,#9663,.T.);
#10053 = ORIENTED_EDGE('',*,*,#10011,.T.);
#10054 = ADVANCED_FACE('',(#10055),#5106,.F.);
#10055 = FACE_BOUND('',#10056,.T.);
#10056 = EDGE_LOOP('',(#10057,#10058,#10059,#10060));
#10057 = ORIENTED_EDGE('',*,*,#5089,.F.);
#10058 = ORIENTED_EDGE('',*,*,#10034,.F.);
#10059 = ORIENTED_EDGE('',*,*,#9639,.T.);
#10060 = ORIENTED_EDGE('',*,*,#10061,.T.);
#10061 = EDGE_CURVE('',#9616,#5061,#10062,.T.);
#10062 = SURFACE_CURVE('',#10063,(#10067,#10073),.PCURVE_S1.);
#10063 = LINE('',#10064,#10065);
#10064 = CARTESIAN_POINT('',(33.491297345413,-10.16528416332,0.));
#10065 = VECTOR('',#10066,1.);
#10066 = DIRECTION('',(-0.,-0.,-1.));
#10067 = PCURVE('',#5106,#10068);
#10068 = DEFINITIONAL_REPRESENTATION('',(#10069),#10072);
#10069 = B_SPLINE_CURVE_WITH_KNOTS('',1,(#10070,#10071),.UNSPECIFIED.,
  .F.,.F.,(2,2),(-4.6000006,6.E-07),.PIECEWISE_BEZIER_KNOTS.);
#10070 = CARTESIAN_POINT('',(-4.24259142209,-4.6000006));
#10071 = CARTESIAN_POINT('',(-4.24259142209,6.E-07));
#10072 = ( GEOMETRIC_REPRESENTATION_CONTEXT(2) 
PARAMETRIC_REPRESENTATION_CONTEXT() REPRESENTATION_CONTEXT('2D SPACE',''
  ) );
#10073 = PCURVE('',#5077,#10074);
#10074 = DEFINITIONAL_REPRESENTATION('',(#10075),#10078);
#10075 = B_SPLINE_CURVE_WITH_KNOTS('',1,(#10076,#10077),.UNSPECIFIED.,
  .F.,.F.,(2,2),(-4.6000006,6.E-07),.PIECEWISE_BEZIER_KNOTS.);
#10076 = CARTESIAN_POINT('',(-5.988502138781,-4.6000006));
#10077 = CARTESIAN_POINT('',(-5.988502138781,6.E-07));
#10078 = ( GEOMETRIC_REPRESENTATION_CONTEXT(2) 
PARAMETRIC_REPRESENTATION_CONTEXT() REPRESENTATION_CONTEXT('2D SPACE',''
  ) );
#10079 = ADVANCED_FACE('',(#10080),#5077,.T.);
#10080 = FACE_BOUND('',#10081,.F.);
#10081 = EDGE_LOOP('',(#10082,#10083,#10102,#10103));
#10082 = ORIENTED_EDGE('',*,*,#5060,.F.);
#10083 = ORIENTED_EDGE('',*,*,#10084,.F.);
#10084 = EDGE_CURVE('',#9592,#5032,#10085,.T.);
#10085 = SURFACE_CURVE('',#10086,(#10090,#10096),.PCURVE_S1.);
#10086 = LINE('',#10087,#10088);
#10087 = CARTESIAN_POINT('',(33.070032832668,-11.46180301899,0.));
#10088 = VECTOR('',#10089,1.);
#10089 = DIRECTION('',(-0.,-0.,-1.));
#10090 = PCURVE('',#5077,#10091);
#10091 = DEFINITIONAL_REPRESENTATION('',(#10092),#10095);
#10092 = B_SPLINE_CURVE_WITH_KNOTS('',1,(#10093,#10094),.UNSPECIFIED.,
  .F.,.F.,(2,2),(-4.6000006,6.E-07),.PIECEWISE_BEZIER_KNOTS.);
#10093 = CARTESIAN_POINT('',(-5.94954994486,-4.6000006));
#10094 = CARTESIAN_POINT('',(-5.94954994486,6.E-07));
#10095 = ( GEOMETRIC_REPRESENTATION_CONTEXT(2) 
PARAMETRIC_REPRESENTATION_CONTEXT() REPRESENTATION_CONTEXT('2D SPACE',''
  ) );
#10096 = PCURVE('',#5048,#10097);
#10097 = DEFINITIONAL_REPRESENTATION('',(#10098),#10101);
#10098 = B_SPLINE_CURVE_WITH_KNOTS('',1,(#10099,#10100),.UNSPECIFIED.,
  .F.,.F.,(2,2),(-4.6000006,6.E-07),.PIECEWISE_BEZIER_KNOTS.);
#10099 = CARTESIAN_POINT('',(-1.412275354371,-4.6000006));
#10100 = CARTESIAN_POINT('',(-1.412275354371,6.E-07));
#10101 = ( GEOMETRIC_REPRESENTATION_CONTEXT(2) 
PARAMETRIC_REPRESENTATION_CONTEXT() REPRESENTATION_CONTEXT('2D SPACE',''
  ) );
#10102 = ORIENTED_EDGE('',*,*,#9615,.T.);
#10103 = ORIENTED_EDGE('',*,*,#10061,.T.);
#10104 = ADVANCED_FACE('',(#10105),#5048,.F.);
#10105 = FACE_BOUND('',#10106,.T.);
#10106 = EDGE_LOOP('',(#10107,#10108,#10109,#10110));
#10107 = ORIENTED_EDGE('',*,*,#5031,.F.);
#10108 = ORIENTED_EDGE('',*,*,#10084,.F.);
#10109 = ORIENTED_EDGE('',*,*,#9591,.T.);
#10110 = ORIENTED_EDGE('',*,*,#10111,.T.);
#10111 = EDGE_CURVE('',#9568,#5003,#10112,.T.);
#10112 = SURFACE_CURVE('',#10113,(#10117,#10123),.PCURVE_S1.);
#10113 = LINE('',#10114,#10115);
#10114 = CARTESIAN_POINT('',(32.700619850505,-12.47675684594,0.));
#10115 = VECTOR('',#10116,1.);
#10116 = DIRECTION('',(-0.,-0.,-1.));
#10117 = PCURVE('',#5048,#10118);
#10118 = DEFINITIONAL_REPRESENTATION('',(#10119),#10122);
#10119 = B_SPLINE_CURVE_WITH_KNOTS('',1,(#10120,#10121),.UNSPECIFIED.,
  .F.,.F.,(2,2),(-4.6000006,6.E-07),.PIECEWISE_BEZIER_KNOTS.);
#10120 = CARTESIAN_POINT('',(-4.172778252011,-4.6000006));
#10121 = CARTESIAN_POINT('',(-4.172778252011,6.E-07));
#10122 = ( GEOMETRIC_REPRESENTATION_CONTEXT(2) 
PARAMETRIC_REPRESENTATION_CONTEXT() REPRESENTATION_CONTEXT('2D SPACE',''
  ) );
#10123 = PCURVE('',#5019,#10124);
#10124 = DEFINITIONAL_REPRESENTATION('',(#10125),#10128);
#10125 = B_SPLINE_CURVE_WITH_KNOTS('',1,(#10126,#10127),.UNSPECIFIED.,
  .F.,.F.,(2,2),(-4.6000006,6.E-07),.PIECEWISE_BEZIER_KNOTS.);
#10126 = CARTESIAN_POINT('',(-5.918688968702,-4.6000006));
#10127 = CARTESIAN_POINT('',(-5.918688968702,6.E-07));
#10128 = ( GEOMETRIC_REPRESENTATION_CONTEXT(2) 
PARAMETRIC_REPRESENTATION_CONTEXT() REPRESENTATION_CONTEXT('2D SPACE',''
  ) );
#10129 = ADVANCED_FACE('',(#10130),#5019,.T.);
#10130 = FACE_BOUND('',#10131,.F.);
#10131 = EDGE_LOOP('',(#10132,#10133,#10152,#10153));
#10132 = ORIENTED_EDGE('',*,*,#5002,.F.);
#10133 = ORIENTED_EDGE('',*,*,#10134,.F.);
#10134 = EDGE_CURVE('',#9544,#4974,#10135,.T.);
#10135 = SURFACE_CURVE('',#10136,(#10140,#10146),.PCURVE_S1.);
#10136 = LINE('',#10137,#10138);
#10137 = CARTESIAN_POINT('',(32.189940933427,-13.74073151991,0.));
#10138 = VECTOR('',#10139,1.);
#10139 = DIRECTION('',(-0.,-0.,-1.));
#10140 = PCURVE('',#5019,#10141);
#10141 = DEFINITIONAL_REPRESENTATION('',(#10142),#10145);
#10142 = B_SPLINE_CURVE_WITH_KNOTS('',1,(#10143,#10144),.UNSPECIFIED.,
  .F.,.F.,(2,2),(-4.6000006,6.E-07),.PIECEWISE_BEZIER_KNOTS.);
#10143 = CARTESIAN_POINT('',(-5.87973677478,-4.6000006));
#10144 = CARTESIAN_POINT('',(-5.87973677478,6.E-07));
#10145 = ( GEOMETRIC_REPRESENTATION_CONTEXT(2) 
PARAMETRIC_REPRESENTATION_CONTEXT() REPRESENTATION_CONTEXT('2D SPACE',''
  ) );
#10146 = PCURVE('',#4990,#10147);
#10147 = DEFINITIONAL_REPRESENTATION('',(#10148),#10151);
#10148 = B_SPLINE_CURVE_WITH_KNOTS('',1,(#10149,#10150),.UNSPECIFIED.,
  .F.,.F.,(2,2),(-4.6000006,6.E-07),.PIECEWISE_BEZIER_KNOTS.);
#10149 = CARTESIAN_POINT('',(-1.342462184291,-4.6000006));
#10150 = CARTESIAN_POINT('',(-1.342462184291,6.E-07));
#10151 = ( GEOMETRIC_REPRESENTATION_CONTEXT(2) 
PARAMETRIC_REPRESENTATION_CONTEXT() REPRESENTATION_CONTEXT('2D SPACE',''
  ) );
#10152 = ORIENTED_EDGE('',*,*,#9567,.T.);
#10153 = ORIENTED_EDGE('',*,*,#10111,.T.);
#10154 = ADVANCED_FACE('',(#10155),#4990,.F.);
#10155 = FACE_BOUND('',#10156,.T.);
#10156 = EDGE_LOOP('',(#10157,#10158,#10159,#10160));
#10157 = ORIENTED_EDGE('',*,*,#4973,.F.);
#10158 = ORIENTED_EDGE('',*,*,#10134,.F.);
#10159 = ORIENTED_EDGE('',*,*,#9543,.T.);
#10160 = ORIENTED_EDGE('',*,*,#10161,.T.);
#10161 = EDGE_CURVE('',#9520,#4945,#10162,.T.);
#10162 = SURFACE_CURVE('',#10163,(#10167,#10173),.PCURVE_S1.);
#10163 = LINE('',#10164,#10165);
#10164 = CARTESIAN_POINT('',(31.750628222741,-14.72744402336,0.));
#10165 = VECTOR('',#10166,1.);
#10166 = DIRECTION('',(-0.,-0.,-1.));
#10167 = PCURVE('',#4990,#10168);
#10168 = DEFINITIONAL_REPRESENTATION('',(#10169),#10172);
#10169 = B_SPLINE_CURVE_WITH_KNOTS('',1,(#10170,#10171),.UNSPECIFIED.,
  .F.,.F.,(2,2),(-4.6000006,6.E-07),.PIECEWISE_BEZIER_KNOTS.);
#10170 = CARTESIAN_POINT('',(-4.102965081931,-4.6000006));
#10171 = CARTESIAN_POINT('',(-4.102965081931,6.E-07));
#10172 = ( GEOMETRIC_REPRESENTATION_CONTEXT(2) 
PARAMETRIC_REPRESENTATION_CONTEXT() REPRESENTATION_CONTEXT('2D SPACE',''
  ) );
#10173 = PCURVE('',#4961,#10174);
#10174 = DEFINITIONAL_REPRESENTATION('',(#10175),#10178);
#10175 = B_SPLINE_CURVE_WITH_KNOTS('',1,(#10176,#10177),.UNSPECIFIED.,
  .F.,.F.,(2,2),(-4.6000006,6.E-07),.PIECEWISE_BEZIER_KNOTS.);
#10176 = CARTESIAN_POINT('',(-5.848875798622,-4.6000006));
#10177 = CARTESIAN_POINT('',(-5.848875798622,6.E-07));
#10178 = ( GEOMETRIC_REPRESENTATION_CONTEXT(2) 
PARAMETRIC_REPRESENTATION_CONTEXT() REPRESENTATION_CONTEXT('2D SPACE',''
  ) );
#10179 = ADVANCED_FACE('',(#10180),#4961,.T.);
#10180 = FACE_BOUND('',#10181,.F.);
#10181 = EDGE_LOOP('',(#10182,#10183,#10202,#10203));
#10182 = ORIENTED_EDGE('',*,*,#4944,.F.);
#10183 = ORIENTED_EDGE('',*,*,#10184,.F.);
#10184 = EDGE_CURVE('',#9496,#4916,#10185,.T.);
#10185 = SURFACE_CURVE('',#10186,(#10190,#10196),.PCURVE_S1.);
#10186 = LINE('',#10187,#10188);
#10187 = CARTESIAN_POINT('',(31.15302287768,-15.95271655809,0.));
#10188 = VECTOR('',#10189,1.);
#10189 = DIRECTION('',(-0.,-0.,-1.));
#10190 = PCURVE('',#4961,#10191);
#10191 = DEFINITIONAL_REPRESENTATION('',(#10192),#10195);
#10192 = B_SPLINE_CURVE_WITH_KNOTS('',1,(#10193,#10194),.UNSPECIFIED.,
  .F.,.F.,(2,2),(-4.6000006,6.E-07),.PIECEWISE_BEZIER_KNOTS.);
#10193 = CARTESIAN_POINT('',(-5.8099236047,-4.6000006));
#10194 = CARTESIAN_POINT('',(-5.8099236047,6.E-07));
#10195 = ( GEOMETRIC_REPRESENTATION_CONTEXT(2) 
PARAMETRIC_REPRESENTATION_CONTEXT() REPRESENTATION_CONTEXT('2D SPACE',''
  ) );
#10196 = PCURVE('',#4932,#10197);
#10197 = DEFINITIONAL_REPRESENTATION('',(#10198),#10201);
#10198 = B_SPLINE_CURVE_WITH_KNOTS('',1,(#10199,#10200),.UNSPECIFIED.,
  .F.,.F.,(2,2),(-4.6000006,6.E-07),.PIECEWISE_BEZIER_KNOTS.);
#10199 = CARTESIAN_POINT('',(-1.272649014212,-4.6000006));
#10200 = CARTESIAN_POINT('',(-1.272649014212,6.E-07));
#10201 = ( GEOMETRIC_REPRESENTATION_CONTEXT(2) 
PARAMETRIC_REPRESENTATION_CONTEXT() REPRESENTATION_CONTEXT('2D SPACE',''
  ) );
#10202 = ORIENTED_EDGE('',*,*,#9519,.T.);
#10203 = ORIENTED_EDGE('',*,*,#10161,.T.);
#10204 = ADVANCED_FACE('',(#10205),#4932,.F.);
#10205 = FACE_BOUND('',#10206,.T.);
#10206 = EDGE_LOOP('',(#10207,#10208,#10209,#10210));
#10207 = ORIENTED_EDGE('',*,*,#4915,.F.);
#10208 = ORIENTED_EDGE('',*,*,#10184,.F.);
#10209 = ORIENTED_EDGE('',*,*,#9495,.T.);
#10210 = ORIENTED_EDGE('',*,*,#10211,.T.);
#10211 = EDGE_CURVE('',#9472,#4887,#10212,.T.);
#10212 = SURFACE_CURVE('',#10213,(#10217,#10223),.PCURVE_S1.);
#10213 = LINE('',#10214,#10215);
#10214 = CARTESIAN_POINT('',(30.645950725838,-16.90638057389,0.));
#10215 = VECTOR('',#10216,1.);
#10216 = DIRECTION('',(-0.,-0.,-1.));
#10217 = PCURVE('',#4932,#10218);
#10218 = DEFINITIONAL_REPRESENTATION('',(#10219),#10222);
#10219 = B_SPLINE_CURVE_WITH_KNOTS('',1,(#10220,#10221),.UNSPECIFIED.,
  .F.,.F.,(2,2),(-4.6000006,6.E-07),.PIECEWISE_BEZIER_KNOTS.);
#10220 = CARTESIAN_POINT('',(-4.033151911851,-4.6000006));
#10221 = CARTESIAN_POINT('',(-4.033151911851,6.E-07));
#10222 = ( GEOMETRIC_REPRESENTATION_CONTEXT(2) 
PARAMETRIC_REPRESENTATION_CONTEXT() REPRESENTATION_CONTEXT('2D SPACE',''
  ) );
#10223 = PCURVE('',#4903,#10224);
#10224 = DEFINITIONAL_REPRESENTATION('',(#10225),#10228);
#10225 = B_SPLINE_CURVE_WITH_KNOTS('',1,(#10226,#10227),.UNSPECIFIED.,
  .F.,.F.,(2,2),(-4.6000006,6.E-07),.PIECEWISE_BEZIER_KNOTS.);
#10226 = CARTESIAN_POINT('',(-5.779062628542,-4.6000006));
#10227 = CARTESIAN_POINT('',(-5.779062628542,6.E-07));
#10228 = ( GEOMETRIC_REPRESENTATION_CONTEXT(2) 
PARAMETRIC_REPRESENTATION_CONTEXT() REPRESENTATION_CONTEXT('2D SPACE',''
  ) );
#10229 = ADVANCED_FACE('',(#10230),#4903,.T.);
#10230 = FACE_BOUND('',#10231,.F.);
#10231 = EDGE_LOOP('',(#10232,#10233,#10252,#10253));
#10232 = ORIENTED_EDGE('',*,*,#4886,.F.);
#10233 = ORIENTED_EDGE('',*,*,#10234,.F.);
#10234 = EDGE_CURVE('',#9448,#4858,#10235,.T.);
#10235 = SURFACE_CURVE('',#10236,(#10240,#10246),.PCURVE_S1.);
#10236 = LINE('',#10237,#10238);
#10237 = CARTESIAN_POINT('',(29.964330425963,-18.08698156475,0.));
#10238 = VECTOR('',#10239,1.);
#10239 = DIRECTION('',(-0.,-0.,-1.));
#10240 = PCURVE('',#4903,#10241);
#10241 = DEFINITIONAL_REPRESENTATION('',(#10242),#10245);
#10242 = B_SPLINE_CURVE_WITH_KNOTS('',1,(#10243,#10244),.UNSPECIFIED.,
  .F.,.F.,(2,2),(-4.6000006,6.E-07),.PIECEWISE_BEZIER_KNOTS.);
#10243 = CARTESIAN_POINT('',(-5.74011043462,-4.6000006));
#10244 = CARTESIAN_POINT('',(-5.74011043462,6.E-07));
#10245 = ( GEOMETRIC_REPRESENTATION_CONTEXT(2) 
PARAMETRIC_REPRESENTATION_CONTEXT() REPRESENTATION_CONTEXT('2D SPACE',''
  ) );
#10246 = PCURVE('',#4874,#10247);
#10247 = DEFINITIONAL_REPRESENTATION('',(#10248),#10251);
#10248 = B_SPLINE_CURVE_WITH_KNOTS('',1,(#10249,#10250),.UNSPECIFIED.,
  .F.,.F.,(2,2),(-4.6000006,6.E-07),.PIECEWISE_BEZIER_KNOTS.);
#10249 = CARTESIAN_POINT('',(-1.202835844132,-4.6000006));
#10250 = CARTESIAN_POINT('',(-1.202835844132,6.E-07));
#10251 = ( GEOMETRIC_REPRESENTATION_CONTEXT(2) 
PARAMETRIC_REPRESENTATION_CONTEXT() REPRESENTATION_CONTEXT('2D SPACE',''
  ) );
#10252 = ORIENTED_EDGE('',*,*,#9471,.T.);
#10253 = ORIENTED_EDGE('',*,*,#10211,.T.);
#10254 = ADVANCED_FACE('',(#10255),#4874,.F.);
#10255 = FACE_BOUND('',#10256,.T.);
#10256 = EDGE_LOOP('',(#10257,#10258,#10259,#10260));
#10257 = ORIENTED_EDGE('',*,*,#4857,.F.);
#10258 = ORIENTED_EDGE('',*,*,#10234,.F.);
#10259 = ORIENTED_EDGE('',*,*,#9447,.T.);
#10260 = ORIENTED_EDGE('',*,*,#10261,.T.);
#10261 = EDGE_CURVE('',#9424,#4829,#10262,.T.);
#10262 = SURFACE_CURVE('',#10263,(#10267,#10273),.PCURVE_S1.);
#10263 = LINE('',#10264,#10265);
#10264 = CARTESIAN_POINT('',(29.391969237519,-19.0029509377,0.));
#10265 = VECTOR('',#10266,1.);
#10266 = DIRECTION('',(-0.,-0.,-1.));
#10267 = PCURVE('',#4874,#10268);
#10268 = DEFINITIONAL_REPRESENTATION('',(#10269),#10272);
#10269 = B_SPLINE_CURVE_WITH_KNOTS('',1,(#10270,#10271),.UNSPECIFIED.,
  .F.,.F.,(2,2),(-4.6000006,6.E-07),.PIECEWISE_BEZIER_KNOTS.);
#10270 = CARTESIAN_POINT('',(-3.963338741771,-4.6000006));
#10271 = CARTESIAN_POINT('',(-3.963338741771,6.E-07));
#10272 = ( GEOMETRIC_REPRESENTATION_CONTEXT(2) 
PARAMETRIC_REPRESENTATION_CONTEXT() REPRESENTATION_CONTEXT('2D SPACE',''
  ) );
#10273 = PCURVE('',#4845,#10274);
#10274 = DEFINITIONAL_REPRESENTATION('',(#10275),#10278);
#10275 = B_SPLINE_CURVE_WITH_KNOTS('',1,(#10276,#10277),.UNSPECIFIED.,
  .F.,.F.,(2,2),(-4.6000006,6.E-07),.PIECEWISE_BEZIER_KNOTS.);
#10276 = CARTESIAN_POINT('',(-5.709249458462,-4.6000006));
#10277 = CARTESIAN_POINT('',(-5.709249458462,6.E-07));
#10278 = ( GEOMETRIC_REPRESENTATION_CONTEXT(2) 
PARAMETRIC_REPRESENTATION_CONTEXT() REPRESENTATION_CONTEXT('2D SPACE',''
  ) );
#10279 = ADVANCED_FACE('',(#10280),#4845,.T.);
#10280 = FACE_BOUND('',#10281,.F.);
#10281 = EDGE_LOOP('',(#10282,#10283,#10302,#10303));
#10282 = ORIENTED_EDGE('',*,*,#4828,.F.);
#10283 = ORIENTED_EDGE('',*,*,#10284,.F.);
#10284 = EDGE_CURVE('',#9400,#4800,#10285,.T.);
#10285 = SURFACE_CURVE('',#10286,(#10290,#10296),.PCURVE_S1.);
#10286 = LINE('',#10287,#10288);
#10287 = CARTESIAN_POINT('',(28.629654768415,-20.13312861532,0.));
#10288 = VECTOR('',#10289,1.);
#10289 = DIRECTION('',(-0.,-0.,-1.));
#10290 = PCURVE('',#4845,#10291);
#10291 = DEFINITIONAL_REPRESENTATION('',(#10292),#10295);
#10292 = B_SPLINE_CURVE_WITH_KNOTS('',1,(#10293,#10294),.UNSPECIFIED.,
  .F.,.F.,(2,2),(-4.6000006,6.E-07),.PIECEWISE_BEZIER_KNOTS.);
#10293 = CARTESIAN_POINT('',(-5.670297264541,-4.6000006));
#10294 = CARTESIAN_POINT('',(-5.670297264541,6.E-07));
#10295 = ( GEOMETRIC_REPRESENTATION_CONTEXT(2) 
PARAMETRIC_REPRESENTATION_CONTEXT() REPRESENTATION_CONTEXT('2D SPACE',''
  ) );
#10296 = PCURVE('',#4816,#10297);
#10297 = DEFINITIONAL_REPRESENTATION('',(#10298),#10301);
#10298 = B_SPLINE_CURVE_WITH_KNOTS('',1,(#10299,#10300),.UNSPECIFIED.,
  .F.,.F.,(2,2),(-4.6000006,6.E-07),.PIECEWISE_BEZIER_KNOTS.);
#10299 = CARTESIAN_POINT('',(-1.133022674052,-4.6000006));
#10300 = CARTESIAN_POINT('',(-1.133022674052,6.E-07));
#10301 = ( GEOMETRIC_REPRESENTATION_CONTEXT(2) 
PARAMETRIC_REPRESENTATION_CONTEXT() REPRESENTATION_CONTEXT('2D SPACE',''
  ) );
#10302 = ORIENTED_EDGE('',*,*,#9423,.T.);
#10303 = ORIENTED_EDGE('',*,*,#10261,.T.);
#10304 = ADVANCED_FACE('',(#10305),#4816,.F.);
#10305 = FACE_BOUND('',#10306,.T.);
#10306 = EDGE_LOOP('',(#10307,#10308,#10309,#10310));
#10307 = ORIENTED_EDGE('',*,*,#4799,.F.);
#10308 = ORIENTED_EDGE('',*,*,#10284,.F.);
#10309 = ORIENTED_EDGE('',*,*,#9399,.T.);
#10310 = ORIENTED_EDGE('',*,*,#10311,.T.);
#10311 = EDGE_CURVE('',#9376,#4771,#10312,.T.);
#10312 = SURFACE_CURVE('',#10313,(#10317,#10323),.PCURVE_S1.);
#10313 = LINE('',#10314,#10315);
#10314 = CARTESIAN_POINT('',(27.994793029544,-21.0069408347,0.));
#10315 = VECTOR('',#10316,1.);
#10316 = DIRECTION('',(-0.,-0.,-1.));
#10317 = PCURVE('',#4816,#10318);
#10318 = DEFINITIONAL_REPRESENTATION('',(#10319),#10322);
#10319 = B_SPLINE_CURVE_WITH_KNOTS('',1,(#10320,#10321),.UNSPECIFIED.,
  .F.,.F.,(2,2),(-4.6000006,6.E-07),.PIECEWISE_BEZIER_KNOTS.);
#10320 = CARTESIAN_POINT('',(-3.893525571692,-4.6000006));
#10321 = CARTESIAN_POINT('',(-3.893525571692,6.E-07));
#10322 = ( GEOMETRIC_REPRESENTATION_CONTEXT(2) 
PARAMETRIC_REPRESENTATION_CONTEXT() REPRESENTATION_CONTEXT('2D SPACE',''
  ) );
#10323 = PCURVE('',#4787,#10324);
#10324 = DEFINITIONAL_REPRESENTATION('',(#10325),#10328);
#10325 = B_SPLINE_CURVE_WITH_KNOTS('',1,(#10326,#10327),.UNSPECIFIED.,
  .F.,.F.,(2,2),(-4.6000006,6.E-07),.PIECEWISE_BEZIER_KNOTS.);
#10326 = CARTESIAN_POINT('',(-5.639436288383,-4.6000006));
#10327 = CARTESIAN_POINT('',(-5.639436288383,6.E-07));
#10328 = ( GEOMETRIC_REPRESENTATION_CONTEXT(2) 
PARAMETRIC_REPRESENTATION_CONTEXT() REPRESENTATION_CONTEXT('2D SPACE',''
  ) );
#10329 = ADVANCED_FACE('',(#10330),#4787,.T.);
#10330 = FACE_BOUND('',#10331,.F.);
#10331 = EDGE_LOOP('',(#10332,#10333,#10352,#10353));
#10332 = ORIENTED_EDGE('',*,*,#4770,.F.);
#10333 = ORIENTED_EDGE('',*,*,#10334,.F.);
#10334 = EDGE_CURVE('',#9352,#4742,#10335,.T.);
#10335 = SURFACE_CURVE('',#10336,(#10340,#10346),.PCURVE_S1.);
#10336 = LINE('',#10337,#10338);
#10337 = CARTESIAN_POINT('',(27.155498310679,-22.08118908706,0.));
#10338 = VECTOR('',#10339,1.);
#10339 = DIRECTION('',(-0.,-0.,-1.));
#10340 = PCURVE('',#4787,#10341);
#10341 = DEFINITIONAL_REPRESENTATION('',(#10342),#10345);
#10342 = B_SPLINE_CURVE_WITH_KNOTS('',1,(#10343,#10344),.UNSPECIFIED.,
  .F.,.F.,(2,2),(-4.6000006,6.E-07),.PIECEWISE_BEZIER_KNOTS.);
#10343 = CARTESIAN_POINT('',(-5.600484094461,-4.6000006));
#10344 = CARTESIAN_POINT('',(-5.600484094461,6.E-07));
#10345 = ( GEOMETRIC_REPRESENTATION_CONTEXT(2) 
PARAMETRIC_REPRESENTATION_CONTEXT() REPRESENTATION_CONTEXT('2D SPACE',''
  ) );
#10346 = PCURVE('',#4758,#10347);
#10347 = DEFINITIONAL_REPRESENTATION('',(#10348),#10351);
#10348 = B_SPLINE_CURVE_WITH_KNOTS('',1,(#10349,#10350),.UNSPECIFIED.,
  .F.,.F.,(2,2),(-4.6000006,6.E-07),.PIECEWISE_BEZIER_KNOTS.);
#10349 = CARTESIAN_POINT('',(-1.063209503972,-4.6000006));
#10350 = CARTESIAN_POINT('',(-1.063209503972,6.E-07));
#10351 = ( GEOMETRIC_REPRESENTATION_CONTEXT(2) 
PARAMETRIC_REPRESENTATION_CONTEXT() REPRESENTATION_CONTEXT('2D SPACE',''
  ) );
#10352 = ORIENTED_EDGE('',*,*,#9375,.T.);
#10353 = ORIENTED_EDGE('',*,*,#10311,.T.);
#10354 = ADVANCED_FACE('',(#10355),#4758,.F.);
#10355 = FACE_BOUND('',#10356,.T.);
#10356 = EDGE_LOOP('',(#10357,#10358,#10359,#10360));
#10357 = ORIENTED_EDGE('',*,*,#4741,.F.);
#10358 = ORIENTED_EDGE('',*,*,#10334,.F.);
#10359 = ORIENTED_EDGE('',*,*,#9351,.T.);
#10360 = ORIENTED_EDGE('',*,*,#10361,.T.);
#10361 = EDGE_CURVE('',#9328,#4713,#10362,.T.);
#10362 = SURFACE_CURVE('',#10363,(#10367,#10373),.PCURVE_S1.);
#10363 = LINE('',#10364,#10365);
#10364 = CARTESIAN_POINT('',(26.461229003957,-22.90858702757,0.));
#10365 = VECTOR('',#10366,1.);
#10366 = DIRECTION('',(-0.,-0.,-1.));
#10367 = PCURVE('',#4758,#10368);
#10368 = DEFINITIONAL_REPRESENTATION('',(#10369),#10372);
#10369 = B_SPLINE_CURVE_WITH_KNOTS('',1,(#10370,#10371),.UNSPECIFIED.,
  .F.,.F.,(2,2),(-4.6000006,6.E-07),.PIECEWISE_BEZIER_KNOTS.);
#10370 = CARTESIAN_POINT('',(-3.823712401612,-4.6000006));
#10371 = CARTESIAN_POINT('',(-3.823712401612,6.E-07));
#10372 = ( GEOMETRIC_REPRESENTATION_CONTEXT(2) 
PARAMETRIC_REPRESENTATION_CONTEXT() REPRESENTATION_CONTEXT('2D SPACE',''
  ) );
#10373 = PCURVE('',#4729,#10374);
#10374 = DEFINITIONAL_REPRESENTATION('',(#10375),#10378);
#10375 = B_SPLINE_CURVE_WITH_KNOTS('',1,(#10376,#10377),.UNSPECIFIED.,
  .F.,.F.,(2,2),(-4.6000006,6.E-07),.PIECEWISE_BEZIER_KNOTS.);
#10376 = CARTESIAN_POINT('',(-5.569623118303,-4.6000006));
#10377 = CARTESIAN_POINT('',(-5.569623118303,6.E-07));
#10378 = ( GEOMETRIC_REPRESENTATION_CONTEXT(2) 
PARAMETRIC_REPRESENTATION_CONTEXT() REPRESENTATION_CONTEXT('2D SPACE',''
  ) );
#10379 = ADVANCED_FACE('',(#10380),#4729,.T.);
#10380 = FACE_BOUND('',#10381,.F.);
#10381 = EDGE_LOOP('',(#10382,#10383,#10402,#10403));
#10382 = ORIENTED_EDGE('',*,*,#4712,.F.);
#10383 = ORIENTED_EDGE('',*,*,#10384,.F.);
#10384 = EDGE_CURVE('',#9304,#4684,#10385,.T.);
#10385 = SURFACE_CURVE('',#10386,(#10390,#10396),.PCURVE_S1.);
#10386 = LINE('',#10387,#10388);
#10387 = CARTESIAN_POINT('',(25.549042994834,-23.92167222516,0.));
#10388 = VECTOR('',#10389,1.);
#10389 = DIRECTION('',(-0.,-0.,-1.));
#10390 = PCURVE('',#4729,#10391);
#10391 = DEFINITIONAL_REPRESENTATION('',(#10392),#10395);
#10392 = B_SPLINE_CURVE_WITH_KNOTS('',1,(#10393,#10394),.UNSPECIFIED.,
  .F.,.F.,(2,2),(-4.6000006,6.E-07),.PIECEWISE_BEZIER_KNOTS.);
#10393 = CARTESIAN_POINT('',(-5.530670924381,-4.6000006));
#10394 = CARTESIAN_POINT('',(-5.530670924381,6.E-07));
#10395 = ( GEOMETRIC_REPRESENTATION_CONTEXT(2) 
PARAMETRIC_REPRESENTATION_CONTEXT() REPRESENTATION_CONTEXT('2D SPACE',''
  ) );
#10396 = PCURVE('',#4700,#10397);
#10397 = DEFINITIONAL_REPRESENTATION('',(#10398),#10401);
#10398 = B_SPLINE_CURVE_WITH_KNOTS('',1,(#10399,#10400),.UNSPECIFIED.,
  .F.,.F.,(2,2),(-4.6000006,6.E-07),.PIECEWISE_BEZIER_KNOTS.);
#10399 = CARTESIAN_POINT('',(-0.993396333893,-4.6000006));
#10400 = CARTESIAN_POINT('',(-0.993396333893,6.E-07));
#10401 = ( GEOMETRIC_REPRESENTATION_CONTEXT(2) 
PARAMETRIC_REPRESENTATION_CONTEXT() REPRESENTATION_CONTEXT('2D SPACE',''
  ) );
#10402 = ORIENTED_EDGE('',*,*,#9327,.T.);
#10403 = ORIENTED_EDGE('',*,*,#10361,.T.);
#10404 = ADVANCED_FACE('',(#10405),#4700,.F.);
#10405 = FACE_BOUND('',#10406,.T.);
#10406 = EDGE_LOOP('',(#10407,#10408,#10409,#10410));
#10407 = ORIENTED_EDGE('',*,*,#4683,.F.);
#10408 = ORIENTED_EDGE('',*,*,#10384,.F.);
#10409 = ORIENTED_EDGE('',*,*,#9303,.T.);
#10410 = ORIENTED_EDGE('',*,*,#10411,.T.);
#10411 = EDGE_CURVE('',#9280,#4655,#10412,.T.);
#10412 = SURFACE_CURVE('',#10413,(#10417,#10423),.PCURVE_S1.);
#10413 = LINE('',#10414,#10415);
#10414 = CARTESIAN_POINT('',(24.798748530536,-24.69862488721,0.));
#10415 = VECTOR('',#10416,1.);
#10416 = DIRECTION('',(-0.,-0.,-1.));
#10417 = PCURVE('',#4700,#10418);
#10418 = DEFINITIONAL_REPRESENTATION('',(#10419),#10422);
#10419 = B_SPLINE_CURVE_WITH_KNOTS('',1,(#10420,#10421),.UNSPECIFIED.,
  .F.,.F.,(2,2),(-4.6000006,6.E-07),.PIECEWISE_BEZIER_KNOTS.);
#10420 = CARTESIAN_POINT('',(-3.753899231532,-4.6000006));
#10421 = CARTESIAN_POINT('',(-3.753899231532,6.E-07));
#10422 = ( GEOMETRIC_REPRESENTATION_CONTEXT(2) 
PARAMETRIC_REPRESENTATION_CONTEXT() REPRESENTATION_CONTEXT('2D SPACE',''
  ) );
#10423 = PCURVE('',#4671,#10424);
#10424 = DEFINITIONAL_REPRESENTATION('',(#10425),#10428);
#10425 = B_SPLINE_CURVE_WITH_KNOTS('',1,(#10426,#10427),.UNSPECIFIED.,
  .F.,.F.,(2,2),(-4.6000006,6.E-07),.PIECEWISE_BEZIER_KNOTS.);
#10426 = CARTESIAN_POINT('',(-5.499809948223,-4.6000006));
#10427 = CARTESIAN_POINT('',(-5.499809948223,6.E-07));
#10428 = ( GEOMETRIC_REPRESENTATION_CONTEXT(2) 
PARAMETRIC_REPRESENTATION_CONTEXT() REPRESENTATION_CONTEXT('2D SPACE',''
  ) );
#10429 = ADVANCED_FACE('',(#10430),#4671,.T.);
#10430 = FACE_BOUND('',#10431,.F.);
#10431 = EDGE_LOOP('',(#10432,#10433,#10452,#10453));
#10432 = ORIENTED_EDGE('',*,*,#4654,.F.);
#10433 = ORIENTED_EDGE('',*,*,#10434,.F.);
#10434 = EDGE_CURVE('',#9256,#4626,#10435,.T.);
#10435 = SURFACE_CURVE('',#10436,(#10440,#10446),.PCURVE_S1.);
#10436 = LINE('',#10437,#10438);
#10437 = CARTESIAN_POINT('',(23.818115309698,-25.64561138077,0.));
#10438 = VECTOR('',#10439,1.);
#10439 = DIRECTION('',(-0.,-0.,-1.));
#10440 = PCURVE('',#4671,#10441);
#10441 = DEFINITIONAL_REPRESENTATION('',(#10442),#10445);
#10442 = B_SPLINE_CURVE_WITH_KNOTS('',1,(#10443,#10444),.UNSPECIFIED.,
  .F.,.F.,(2,2),(-4.6000006,6.E-07),.PIECEWISE_BEZIER_KNOTS.);
#10443 = CARTESIAN_POINT('',(-5.460857754301,-4.6000006));
#10444 = CARTESIAN_POINT('',(-5.460857754301,6.E-07));
#10445 = ( GEOMETRIC_REPRESENTATION_CONTEXT(2) 
PARAMETRIC_REPRESENTATION_CONTEXT() REPRESENTATION_CONTEXT('2D SPACE',''
  ) );
#10446 = PCURVE('',#4642,#10447);
#10447 = DEFINITIONAL_REPRESENTATION('',(#10448),#10451);
#10448 = B_SPLINE_CURVE_WITH_KNOTS('',1,(#10449,#10450),.UNSPECIFIED.,
  .F.,.F.,(2,2),(-4.6000006,6.E-07),.PIECEWISE_BEZIER_KNOTS.);
#10449 = CARTESIAN_POINT('',(-0.923583163813,-4.6000006));
#10450 = CARTESIAN_POINT('',(-0.923583163813,6.E-07));
#10451 = ( GEOMETRIC_REPRESENTATION_CONTEXT(2) 
PARAMETRIC_REPRESENTATION_CONTEXT() REPRESENTATION_CONTEXT('2D SPACE',''
  ) );
#10452 = ORIENTED_EDGE('',*,*,#9279,.T.);
#10453 = ORIENTED_EDGE('',*,*,#10411,.T.);
#10454 = ADVANCED_FACE('',(#10455),#4642,.F.);
#10455 = FACE_BOUND('',#10456,.T.);
#10456 = EDGE_LOOP('',(#10457,#10458,#10459,#10460));
#10457 = ORIENTED_EDGE('',*,*,#4625,.F.);
#10458 = ORIENTED_EDGE('',*,*,#10434,.F.);
#10459 = ORIENTED_EDGE('',*,*,#9255,.T.);
#10460 = ORIENTED_EDGE('',*,*,#10461,.T.);
#10461 = EDGE_CURVE('',#9232,#4597,#10462,.T.);
#10462 = SURFACE_CURVE('',#10463,(#10467,#10473),.PCURVE_S1.);
#10463 = LINE('',#10464,#10465);
#10464 = CARTESIAN_POINT('',(23.015451047035,-26.36833352909,0.));
#10465 = VECTOR('',#10466,1.);
#10466 = DIRECTION('',(-0.,-0.,-1.));
#10467 = PCURVE('',#4642,#10468);
#10468 = DEFINITIONAL_REPRESENTATION('',(#10469),#10472);
#10469 = B_SPLINE_CURVE_WITH_KNOTS('',1,(#10470,#10471),.UNSPECIFIED.,
  .F.,.F.,(2,2),(-4.6000006,6.E-07),.PIECEWISE_BEZIER_KNOTS.);
#10470 = CARTESIAN_POINT('',(-3.684086061452,-4.6000006));
#10471 = CARTESIAN_POINT('',(-3.684086061452,6.E-07));
#10472 = ( GEOMETRIC_REPRESENTATION_CONTEXT(2) 
PARAMETRIC_REPRESENTATION_CONTEXT() REPRESENTATION_CONTEXT('2D SPACE',''
  ) );
#10473 = PCURVE('',#4613,#10474);
#10474 = DEFINITIONAL_REPRESENTATION('',(#10475),#10478);
#10475 = B_SPLINE_CURVE_WITH_KNOTS('',1,(#10476,#10477),.UNSPECIFIED.,
  .F.,.F.,(2,2),(-4.6000006,6.E-07),.PIECEWISE_BEZIER_KNOTS.);
#10476 = CARTESIAN_POINT('',(-5.429996778143,-4.6000006));
#10477 = CARTESIAN_POINT('',(-5.429996778143,6.E-07));
#10478 = ( GEOMETRIC_REPRESENTATION_CONTEXT(2) 
PARAMETRIC_REPRESENTATION_CONTEXT() REPRESENTATION_CONTEXT('2D SPACE',''
  ) );
#10479 = ADVANCED_FACE('',(#10480),#4613,.T.);
#10480 = FACE_BOUND('',#10481,.F.);
#10481 = EDGE_LOOP('',(#10482,#10483,#10502,#10503));
#10482 = ORIENTED_EDGE('',*,*,#4596,.F.);
#10483 = ORIENTED_EDGE('',*,*,#10484,.F.);
#10484 = EDGE_CURVE('',#9208,#4568,#10485,.T.);
#10485 = SURFACE_CURVE('',#10486,(#10490,#10496),.PCURVE_S1.);
#10486 = LINE('',#10487,#10488);
#10487 = CARTESIAN_POINT('',(21.971148160963,-27.24460769563,0.));
#10488 = VECTOR('',#10489,1.);
#10489 = DIRECTION('',(-0.,-0.,-1.));
#10490 = PCURVE('',#4613,#10491);
#10491 = DEFINITIONAL_REPRESENTATION('',(#10492),#10495);
#10492 = B_SPLINE_CURVE_WITH_KNOTS('',1,(#10493,#10494),.UNSPECIFIED.,
  .F.,.F.,(2,2),(-4.6000006,6.E-07),.PIECEWISE_BEZIER_KNOTS.);
#10493 = CARTESIAN_POINT('',(-5.391044584222,-4.6000006));
#10494 = CARTESIAN_POINT('',(-5.391044584222,6.E-07));
#10495 = ( GEOMETRIC_REPRESENTATION_CONTEXT(2) 
PARAMETRIC_REPRESENTATION_CONTEXT() REPRESENTATION_CONTEXT('2D SPACE',''
  ) );
#10496 = PCURVE('',#4584,#10497);
#10497 = DEFINITIONAL_REPRESENTATION('',(#10498),#10501);
#10498 = B_SPLINE_CURVE_WITH_KNOTS('',1,(#10499,#10500),.UNSPECIFIED.,
  .F.,.F.,(2,2),(-4.6000006,6.E-07),.PIECEWISE_BEZIER_KNOTS.);
#10499 = CARTESIAN_POINT('',(-0.853769993733,-4.6000006));
#10500 = CARTESIAN_POINT('',(-0.853769993733,6.E-07));
#10501 = ( GEOMETRIC_REPRESENTATION_CONTEXT(2) 
PARAMETRIC_REPRESENTATION_CONTEXT() REPRESENTATION_CONTEXT('2D SPACE',''
  ) );
#10502 = ORIENTED_EDGE('',*,*,#9231,.T.);
#10503 = ORIENTED_EDGE('',*,*,#10461,.T.);
#10504 = ADVANCED_FACE('',(#10505),#4584,.F.);
#10505 = FACE_BOUND('',#10506,.T.);
#10506 = EDGE_LOOP('',(#10507,#10508,#10509,#10510));
#10507 = ORIENTED_EDGE('',*,*,#4567,.F.);
#10508 = ORIENTED_EDGE('',*,*,#10484,.F.);
#10509 = ORIENTED_EDGE('',*,*,#9207,.T.);
#10510 = ORIENTED_EDGE('',*,*,#10511,.T.);
#10511 = EDGE_CURVE('',#9184,#4539,#10512,.T.);
#10512 = SURFACE_CURVE('',#10513,(#10517,#10523),.PCURVE_S1.);
#10513 = LINE('',#10514,#10515);
#10514 = CARTESIAN_POINT('',(21.120024599539,-27.90957830055,0.));
#10515 = VECTOR('',#10516,1.);
#10516 = DIRECTION('',(-0.,-0.,-1.));
#10517 = PCURVE('',#4584,#10518);
#10518 = DEFINITIONAL_REPRESENTATION('',(#10519),#10522);
#10519 = B_SPLINE_CURVE_WITH_KNOTS('',1,(#10520,#10521),.UNSPECIFIED.,
  .F.,.F.,(2,2),(-4.6000006,6.E-07),.PIECEWISE_BEZIER_KNOTS.);
#10520 = CARTESIAN_POINT('',(-3.614272891372,-4.6000006));
#10521 = CARTESIAN_POINT('',(-3.614272891372,6.E-07));
#10522 = ( GEOMETRIC_REPRESENTATION_CONTEXT(2) 
PARAMETRIC_REPRESENTATION_CONTEXT() REPRESENTATION_CONTEXT('2D SPACE',''
  ) );
#10523 = PCURVE('',#4555,#10524);
#10524 = DEFINITIONAL_REPRESENTATION('',(#10525),#10528);
#10525 = B_SPLINE_CURVE_WITH_KNOTS('',1,(#10526,#10527),.UNSPECIFIED.,
  .F.,.F.,(2,2),(-4.6000006,6.E-07),.PIECEWISE_BEZIER_KNOTS.);
#10526 = CARTESIAN_POINT('',(-5.360183608064,-4.6000006));
#10527 = CARTESIAN_POINT('',(-5.360183608064,6.E-07));
#10528 = ( GEOMETRIC_REPRESENTATION_CONTEXT(2) 
PARAMETRIC_REPRESENTATION_CONTEXT() REPRESENTATION_CONTEXT('2D SPACE',''
  ) );
#10529 = ADVANCED_FACE('',(#10530),#4555,.T.);
#10530 = FACE_BOUND('',#10531,.F.);
#10531 = EDGE_LOOP('',(#10532,#10533,#10552,#10553));
#10532 = ORIENTED_EDGE('',*,*,#4538,.F.);
#10533 = ORIENTED_EDGE('',*,*,#10534,.F.);
#10534 = EDGE_CURVE('',#9160,#4510,#10535,.T.);
#10535 = SURFACE_CURVE('',#10536,(#10540,#10546),.PCURVE_S1.);
#10536 = LINE('',#10537,#10538);
#10537 = CARTESIAN_POINT('',(20.017139786919,-28.71087102041,0.));
#10538 = VECTOR('',#10539,1.);
#10539 = DIRECTION('',(-0.,-0.,-1.));
#10540 = PCURVE('',#4555,#10541);
#10541 = DEFINITIONAL_REPRESENTATION('',(#10542),#10545);
#10542 = B_SPLINE_CURVE_WITH_KNOTS('',1,(#10543,#10544),.UNSPECIFIED.,
  .F.,.F.,(2,2),(-4.6000006,6.E-07),.PIECEWISE_BEZIER_KNOTS.);
#10543 = CARTESIAN_POINT('',(-5.321231414142,-4.6000006));
#10544 = CARTESIAN_POINT('',(-5.321231414142,6.E-07));
#10545 = ( GEOMETRIC_REPRESENTATION_CONTEXT(2) 
PARAMETRIC_REPRESENTATION_CONTEXT() REPRESENTATION_CONTEXT('2D SPACE',''
  ) );
#10546 = PCURVE('',#4526,#10547);
#10547 = DEFINITIONAL_REPRESENTATION('',(#10548),#10551);
#10548 = B_SPLINE_CURVE_WITH_KNOTS('',1,(#10549,#10550),.UNSPECIFIED.,
  .F.,.F.,(2,2),(-4.6000006,6.E-07),.PIECEWISE_BEZIER_KNOTS.);
#10549 = CARTESIAN_POINT('',(-0.783956823653,-4.6000006));
#10550 = CARTESIAN_POINT('',(-0.783956823653,6.E-07));
#10551 = ( GEOMETRIC_REPRESENTATION_CONTEXT(2) 
PARAMETRIC_REPRESENTATION_CONTEXT() REPRESENTATION_CONTEXT('2D SPACE',''
  ) );
#10552 = ORIENTED_EDGE('',*,*,#9183,.T.);
#10553 = ORIENTED_EDGE('',*,*,#10511,.T.);
#10554 = ADVANCED_FACE('',(#10555),#4526,.F.);
#10555 = FACE_BOUND('',#10556,.T.);
#10556 = EDGE_LOOP('',(#10557,#10558,#10559,#10560));
#10557 = ORIENTED_EDGE('',*,*,#4509,.F.);
#10558 = ORIENTED_EDGE('',*,*,#10534,.F.);
#10559 = ORIENTED_EDGE('',*,*,#9159,.T.);
#10560 = ORIENTED_EDGE('',*,*,#10561,.T.);
#10561 = EDGE_CURVE('',#9136,#4481,#10562,.T.);
#10562 = SURFACE_CURVE('',#10563,(#10567,#10573),.PCURVE_S1.);
#10563 = LINE('',#10564,#10565);
#10564 = CARTESIAN_POINT('',(19.121703515171,-29.314850412,0.));
#10565 = VECTOR('',#10566,1.);
#10566 = DIRECTION('',(-0.,-0.,-1.));
#10567 = PCURVE('',#4526,#10568);
#10568 = DEFINITIONAL_REPRESENTATION('',(#10569),#10572);
#10569 = B_SPLINE_CURVE_WITH_KNOTS('',1,(#10570,#10571),.UNSPECIFIED.,
  .F.,.F.,(2,2),(-4.6000006,6.E-07),.PIECEWISE_BEZIER_KNOTS.);
#10570 = CARTESIAN_POINT('',(-3.544459721293,-4.6000006));
#10571 = CARTESIAN_POINT('',(-3.544459721293,6.E-07));
#10572 = ( GEOMETRIC_REPRESENTATION_CONTEXT(2) 
PARAMETRIC_REPRESENTATION_CONTEXT() REPRESENTATION_CONTEXT('2D SPACE',''
  ) );
#10573 = PCURVE('',#4497,#10574);
#10574 = DEFINITIONAL_REPRESENTATION('',(#10575),#10578);
#10575 = B_SPLINE_CURVE_WITH_KNOTS('',1,(#10576,#10577),.UNSPECIFIED.,
  .F.,.F.,(2,2),(-4.6000006,6.E-07),.PIECEWISE_BEZIER_KNOTS.);
#10576 = CARTESIAN_POINT('',(-5.290370437984,-4.6000006));
#10577 = CARTESIAN_POINT('',(-5.290370437984,6.E-07));
#10578 = ( GEOMETRIC_REPRESENTATION_CONTEXT(2) 
PARAMETRIC_REPRESENTATION_CONTEXT() REPRESENTATION_CONTEXT('2D SPACE',''
  ) );
#10579 = ADVANCED_FACE('',(#10580),#4497,.T.);
#10580 = FACE_BOUND('',#10581,.F.);
#10581 = EDGE_LOOP('',(#10582,#10583,#10602,#10603));
#10582 = ORIENTED_EDGE('',*,*,#4480,.F.);
#10583 = ORIENTED_EDGE('',*,*,#10584,.F.);
#10584 = EDGE_CURVE('',#9112,#4452,#10585,.T.);
#10585 = SURFACE_CURVE('',#10586,(#10590,#10596),.PCURVE_S1.);
#10586 = LINE('',#10587,#10588);
#10587 = CARTESIAN_POINT('',(17.96560991995,-30.03725786759,0.));
#10588 = VECTOR('',#10589,1.);
#10589 = DIRECTION('',(-0.,-0.,-1.));
#10590 = PCURVE('',#4497,#10591);
#10591 = DEFINITIONAL_REPRESENTATION('',(#10592),#10595);
#10592 = B_SPLINE_CURVE_WITH_KNOTS('',1,(#10593,#10594),.UNSPECIFIED.,
  .F.,.F.,(2,2),(-4.6000006,6.E-07),.PIECEWISE_BEZIER_KNOTS.);
#10593 = CARTESIAN_POINT('',(-5.251418244062,-4.6000006));
#10594 = CARTESIAN_POINT('',(-5.251418244062,6.E-07));
#10595 = ( GEOMETRIC_REPRESENTATION_CONTEXT(2) 
PARAMETRIC_REPRESENTATION_CONTEXT() REPRESENTATION_CONTEXT('2D SPACE',''
  ) );
#10596 = PCURVE('',#4468,#10597);
#10597 = DEFINITIONAL_REPRESENTATION('',(#10598),#10601);
#10598 = B_SPLINE_CURVE_WITH_KNOTS('',1,(#10599,#10600),.UNSPECIFIED.,
  .F.,.F.,(2,2),(-4.6000006,6.E-07),.PIECEWISE_BEZIER_KNOTS.);
#10599 = CARTESIAN_POINT('',(-0.714143653574,-4.6000006));
#10600 = CARTESIAN_POINT('',(-0.714143653574,6.E-07));
#10601 = ( GEOMETRIC_REPRESENTATION_CONTEXT(2) 
PARAMETRIC_REPRESENTATION_CONTEXT() REPRESENTATION_CONTEXT('2D SPACE',''
  ) );
#10602 = ORIENTED_EDGE('',*,*,#9135,.T.);
#10603 = ORIENTED_EDGE('',*,*,#10561,.T.);
#10604 = ADVANCED_FACE('',(#10605),#4468,.F.);
#10605 = FACE_BOUND('',#10606,.T.);
#10606 = EDGE_LOOP('',(#10607,#10608,#10609,#10610));
#10607 = ORIENTED_EDGE('',*,*,#4451,.F.);
#10608 = ORIENTED_EDGE('',*,*,#10584,.F.);
#10609 = ORIENTED_EDGE('',*,*,#9111,.T.);
#10610 = ORIENTED_EDGE('',*,*,#10611,.T.);
#10611 = EDGE_CURVE('',#9088,#4423,#10612,.T.);
#10612 = SURFACE_CURVE('',#10613,(#10617,#10623),.PCURVE_S1.);
#10613 = LINE('',#10614,#10615);
#10614 = CARTESIAN_POINT('',(17.030223413384,-30.57730351895,0.));
#10615 = VECTOR('',#10616,1.);
#10616 = DIRECTION('',(-0.,-0.,-1.));
#10617 = PCURVE('',#4468,#10618);
#10618 = DEFINITIONAL_REPRESENTATION('',(#10619),#10622);
#10619 = B_SPLINE_CURVE_WITH_KNOTS('',1,(#10620,#10621),.UNSPECIFIED.,
  .F.,.F.,(2,2),(-4.6000006,6.E-07),.PIECEWISE_BEZIER_KNOTS.);
#10620 = CARTESIAN_POINT('',(-3.474646551213,-4.6000006));
#10621 = CARTESIAN_POINT('',(-3.474646551213,6.E-07));
#10622 = ( GEOMETRIC_REPRESENTATION_CONTEXT(2) 
PARAMETRIC_REPRESENTATION_CONTEXT() REPRESENTATION_CONTEXT('2D SPACE',''
  ) );
#10623 = PCURVE('',#4439,#10624);
#10624 = DEFINITIONAL_REPRESENTATION('',(#10625),#10628);
#10625 = B_SPLINE_CURVE_WITH_KNOTS('',1,(#10626,#10627),.UNSPECIFIED.,
  .F.,.F.,(2,2),(-4.6000006,6.E-07),.PIECEWISE_BEZIER_KNOTS.);
#10626 = CARTESIAN_POINT('',(-5.220557267904,-4.6000006));
#10627 = CARTESIAN_POINT('',(-5.220557267904,6.E-07));
#10628 = ( GEOMETRIC_REPRESENTATION_CONTEXT(2) 
PARAMETRIC_REPRESENTATION_CONTEXT() REPRESENTATION_CONTEXT('2D SPACE',''
  ) );
#10629 = ADVANCED_FACE('',(#10630),#4439,.T.);
#10630 = FACE_BOUND('',#10631,.F.);
#10631 = EDGE_LOOP('',(#10632,#10633,#10652,#10653));
#10632 = ORIENTED_EDGE('',*,*,#4422,.F.);
#10633 = ORIENTED_EDGE('',*,*,#10634,.F.);
#10634 = EDGE_CURVE('',#9064,#4394,#10635,.T.);
#10635 = SURFACE_CURVE('',#10636,(#10640,#10646),.PCURVE_S1.);
#10636 = LINE('',#10637,#10638);
#10637 = CARTESIAN_POINT('',(15.826553407347,-31.21730621377,0.));
#10638 = VECTOR('',#10639,1.);
#10639 = DIRECTION('',(-0.,-0.,-1.));
#10640 = PCURVE('',#4439,#10641);
#10641 = DEFINITIONAL_REPRESENTATION('',(#10642),#10645);
#10642 = B_SPLINE_CURVE_WITH_KNOTS('',1,(#10643,#10644),.UNSPECIFIED.,
  .F.,.F.,(2,2),(-4.6000006,6.E-07),.PIECEWISE_BEZIER_KNOTS.);
#10643 = CARTESIAN_POINT('',(-5.181605073982,-4.6000006));
#10644 = CARTESIAN_POINT('',(-5.181605073982,6.E-07));
#10645 = ( GEOMETRIC_REPRESENTATION_CONTEXT(2) 
PARAMETRIC_REPRESENTATION_CONTEXT() REPRESENTATION_CONTEXT('2D SPACE',''
  ) );
#10646 = PCURVE('',#4410,#10647);
#10647 = DEFINITIONAL_REPRESENTATION('',(#10648),#10651);
#10648 = B_SPLINE_CURVE_WITH_KNOTS('',1,(#10649,#10650),.UNSPECIFIED.,
  .F.,.F.,(2,2),(-4.6000006,6.E-07),.PIECEWISE_BEZIER_KNOTS.);
#10649 = CARTESIAN_POINT('',(-0.644330483494,-4.6000006));
#10650 = CARTESIAN_POINT('',(-0.644330483494,6.E-07));
#10651 = ( GEOMETRIC_REPRESENTATION_CONTEXT(2) 
PARAMETRIC_REPRESENTATION_CONTEXT() REPRESENTATION_CONTEXT('2D SPACE',''
  ) );
#10652 = ORIENTED_EDGE('',*,*,#9087,.T.);
#10653 = ORIENTED_EDGE('',*,*,#10611,.T.);
#10654 = ADVANCED_FACE('',(#10655),#4410,.F.);
#10655 = FACE_BOUND('',#10656,.T.);
#10656 = EDGE_LOOP('',(#10657,#10658,#10659,#10660));
#10657 = ORIENTED_EDGE('',*,*,#4393,.F.);
#10658 = ORIENTED_EDGE('',*,*,#10634,.F.);
#10659 = ORIENTED_EDGE('',*,*,#9063,.T.);
#10660 = ORIENTED_EDGE('',*,*,#10661,.T.);
#10661 = EDGE_CURVE('',#9040,#4365,#10662,.T.);
#10662 = SURFACE_CURVE('',#10663,(#10667,#10673),.PCURVE_S1.);
#10663 = LINE('',#10664,#10665);
#10664 = CARTESIAN_POINT('',(14.855773774998,-31.69078707678,0.));
#10665 = VECTOR('',#10666,1.);
#10666 = DIRECTION('',(-0.,-0.,-1.));
#10667 = PCURVE('',#4410,#10668);
#10668 = DEFINITIONAL_REPRESENTATION('',(#10669),#10672);
#10669 = B_SPLINE_CURVE_WITH_KNOTS('',1,(#10670,#10671),.UNSPECIFIED.,
  .F.,.F.,(2,2),(-4.6000006,6.E-07),.PIECEWISE_BEZIER_KNOTS.);
#10670 = CARTESIAN_POINT('',(-3.404833381133,-4.6000006));
#10671 = CARTESIAN_POINT('',(-3.404833381133,6.E-07));
#10672 = ( GEOMETRIC_REPRESENTATION_CONTEXT(2) 
PARAMETRIC_REPRESENTATION_CONTEXT() REPRESENTATION_CONTEXT('2D SPACE',''
  ) );
#10673 = PCURVE('',#4381,#10674);
#10674 = DEFINITIONAL_REPRESENTATION('',(#10675),#10678);
#10675 = B_SPLINE_CURVE_WITH_KNOTS('',1,(#10676,#10677),.UNSPECIFIED.,
  .F.,.F.,(2,2),(-4.6000006,6.E-07),.PIECEWISE_BEZIER_KNOTS.);
#10676 = CARTESIAN_POINT('',(-5.150744097824,-4.6000006));
#10677 = CARTESIAN_POINT('',(-5.150744097824,6.E-07));
#10678 = ( GEOMETRIC_REPRESENTATION_CONTEXT(2) 
PARAMETRIC_REPRESENTATION_CONTEXT() REPRESENTATION_CONTEXT('2D SPACE',''
  ) );
#10679 = ADVANCED_FACE('',(#10680),#4381,.T.);
#10680 = FACE_BOUND('',#10681,.F.);
#10681 = EDGE_LOOP('',(#10682,#10683,#10702,#10703));
#10682 = ORIENTED_EDGE('',*,*,#4364,.F.);
#10683 = ORIENTED_EDGE('',*,*,#10684,.F.);
#10684 = EDGE_CURVE('',#9016,#4336,#10685,.T.);
#10685 = SURFACE_CURVE('',#10686,(#10690,#10696),.PCURVE_S1.);
#10686 = LINE('',#10687,#10688);
#10687 = CARTESIAN_POINT('',(13.610391517423,-32.24526698203,0.));
#10688 = VECTOR('',#10689,1.);
#10689 = DIRECTION('',(-0.,-0.,-1.));
#10690 = PCURVE('',#4381,#10691);
#10691 = DEFINITIONAL_REPRESENTATION('',(#10692),#10695);
#10692 = B_SPLINE_CURVE_WITH_KNOTS('',1,(#10693,#10694),.UNSPECIFIED.,
  .F.,.F.,(2,2),(-4.6000006,6.E-07),.PIECEWISE_BEZIER_KNOTS.);
#10693 = CARTESIAN_POINT('',(-5.111791903902,-4.6000006));
#10694 = CARTESIAN_POINT('',(-5.111791903902,6.E-07));
#10695 = ( GEOMETRIC_REPRESENTATION_CONTEXT(2) 
PARAMETRIC_REPRESENTATION_CONTEXT() REPRESENTATION_CONTEXT('2D SPACE',''
  ) );
#10696 = PCURVE('',#4352,#10697);
#10697 = DEFINITIONAL_REPRESENTATION('',(#10698),#10701);
#10698 = B_SPLINE_CURVE_WITH_KNOTS('',1,(#10699,#10700),.UNSPECIFIED.,
  .F.,.F.,(2,2),(-4.6000006,6.E-07),.PIECEWISE_BEZIER_KNOTS.);
#10699 = CARTESIAN_POINT('',(-0.574517313414,-4.6000006));
#10700 = CARTESIAN_POINT('',(-0.574517313414,6.E-07));
#10701 = ( GEOMETRIC_REPRESENTATION_CONTEXT(2) 
PARAMETRIC_REPRESENTATION_CONTEXT() REPRESENTATION_CONTEXT('2D SPACE',''
  ) );
#10702 = ORIENTED_EDGE('',*,*,#9039,.T.);
#10703 = ORIENTED_EDGE('',*,*,#10661,.T.);
#10704 = ADVANCED_FACE('',(#10705),#4352,.F.);
#10705 = FACE_BOUND('',#10706,.T.);
#10706 = EDGE_LOOP('',(#10707,#10708,#10709,#10710));
#10707 = ORIENTED_EDGE('',*,*,#4335,.F.);
#10708 = ORIENTED_EDGE('',*,*,#10684,.F.);
#10709 = ORIENTED_EDGE('',*,*,#9015,.T.);
#10710 = ORIENTED_EDGE('',*,*,#10711,.T.);
#10711 = EDGE_CURVE('',#8992,#4307,#10712,.T.);
#10712 = SURFACE_CURVE('',#10713,(#10717,#10723),.PCURVE_S1.);
#10713 = LINE('',#10714,#10715);
#10714 = CARTESIAN_POINT('',(12.608948300079,-32.64987630552,0.));
#10715 = VECTOR('',#10716,1.);
#10716 = DIRECTION('',(-0.,-0.,-1.));
#10717 = PCURVE('',#4352,#10718);
#10718 = DEFINITIONAL_REPRESENTATION('',(#10719),#10722);
#10719 = B_SPLINE_CURVE_WITH_KNOTS('',1,(#10720,#10721),.UNSPECIFIED.,
  .F.,.F.,(2,2),(-4.6000006,6.E-07),.PIECEWISE_BEZIER_KNOTS.);
#10720 = CARTESIAN_POINT('',(-3.335020211053,-4.6000006));
#10721 = CARTESIAN_POINT('',(-3.335020211053,6.E-07));
#10722 = ( GEOMETRIC_REPRESENTATION_CONTEXT(2) 
PARAMETRIC_REPRESENTATION_CONTEXT() REPRESENTATION_CONTEXT('2D SPACE',''
  ) );
#10723 = PCURVE('',#4323,#10724);
#10724 = DEFINITIONAL_REPRESENTATION('',(#10725),#10728);
#10725 = B_SPLINE_CURVE_WITH_KNOTS('',1,(#10726,#10727),.UNSPECIFIED.,
  .F.,.F.,(2,2),(-4.6000006,6.E-07),.PIECEWISE_BEZIER_KNOTS.);
#10726 = CARTESIAN_POINT('',(-5.080930927744,-4.6000006));
#10727 = CARTESIAN_POINT('',(-5.080930927744,6.E-07));
#10728 = ( GEOMETRIC_REPRESENTATION_CONTEXT(2) 
PARAMETRIC_REPRESENTATION_CONTEXT() REPRESENTATION_CONTEXT('2D SPACE',''
  ) );
#10729 = ADVANCED_FACE('',(#10730),#4323,.T.);
#10730 = FACE_BOUND('',#10731,.F.);
#10731 = EDGE_LOOP('',(#10732,#10733,#10752,#10753));
#10732 = ORIENTED_EDGE('',*,*,#4306,.F.);
#10733 = ORIENTED_EDGE('',*,*,#10734,.F.);
#10734 = EDGE_CURVE('',#8968,#4278,#10735,.T.);
#10735 = SURFACE_CURVE('',#10736,(#10740,#10746),.PCURVE_S1.);
#10736 = LINE('',#10737,#10738);
#10737 = CARTESIAN_POINT('',(11.327921168138,-33.11613205083,0.));
#10738 = VECTOR('',#10739,1.);
#10739 = DIRECTION('',(-0.,-0.,-1.));
#10740 = PCURVE('',#4323,#10741);
#10741 = DEFINITIONAL_REPRESENTATION('',(#10742),#10745);
#10742 = B_SPLINE_CURVE_WITH_KNOTS('',1,(#10743,#10744),.UNSPECIFIED.,
  .F.,.F.,(2,2),(-4.6000006,6.E-07),.PIECEWISE_BEZIER_KNOTS.);
#10743 = CARTESIAN_POINT('',(-5.041978733823,-4.6000006));
#10744 = CARTESIAN_POINT('',(-5.041978733823,6.E-07));
#10745 = ( GEOMETRIC_REPRESENTATION_CONTEXT(2) 
PARAMETRIC_REPRESENTATION_CONTEXT() REPRESENTATION_CONTEXT('2D SPACE',''
  ) );
#10746 = PCURVE('',#4294,#10747);
#10747 = DEFINITIONAL_REPRESENTATION('',(#10748),#10751);
#10748 = B_SPLINE_CURVE_WITH_KNOTS('',1,(#10749,#10750),.UNSPECIFIED.,
  .F.,.F.,(2,2),(-4.6000006,6.E-07),.PIECEWISE_BEZIER_KNOTS.);
#10749 = CARTESIAN_POINT('',(-0.504704143334,-4.6000006));
#10750 = CARTESIAN_POINT('',(-0.504704143334,6.E-07));
#10751 = ( GEOMETRIC_REPRESENTATION_CONTEXT(2) 
PARAMETRIC_REPRESENTATION_CONTEXT() REPRESENTATION_CONTEXT('2D SPACE',''
  ) );
#10752 = ORIENTED_EDGE('',*,*,#8991,.T.);
#10753 = ORIENTED_EDGE('',*,*,#10711,.T.);
#10754 = ADVANCED_FACE('',(#10755),#4294,.F.);
#10755 = FACE_BOUND('',#10756,.T.);
#10756 = EDGE_LOOP('',(#10757,#10758,#10759,#10760));
#10757 = ORIENTED_EDGE('',*,*,#4277,.F.);
#10758 = ORIENTED_EDGE('',*,*,#10734,.F.);
#10759 = ORIENTED_EDGE('',*,*,#8967,.T.);
#10760 = ORIENTED_EDGE('',*,*,#10761,.T.);
#10761 = EDGE_CURVE('',#8944,#4249,#10762,.T.);
#10762 = SURFACE_CURVE('',#10763,(#10767,#10773),.PCURVE_S1.);
#10763 = LINE('',#10764,#10765);
#10764 = CARTESIAN_POINT('',(10.300693296488,-33.44989861885,0.));
#10765 = VECTOR('',#10766,1.);
#10766 = DIRECTION('',(-0.,-0.,-1.));
#10767 = PCURVE('',#4294,#10768);
#10768 = DEFINITIONAL_REPRESENTATION('',(#10769),#10772);
#10769 = B_SPLINE_CURVE_WITH_KNOTS('',1,(#10770,#10771),.UNSPECIFIED.,
  .F.,.F.,(2,2),(-4.6000006,6.E-07),.PIECEWISE_BEZIER_KNOTS.);
#10770 = CARTESIAN_POINT('',(-3.265207040974,-4.6000006));
#10771 = CARTESIAN_POINT('',(-3.265207040974,6.E-07));
#10772 = ( GEOMETRIC_REPRESENTATION_CONTEXT(2) 
PARAMETRIC_REPRESENTATION_CONTEXT() REPRESENTATION_CONTEXT('2D SPACE',''
  ) );
#10773 = PCURVE('',#4265,#10774);
#10774 = DEFINITIONAL_REPRESENTATION('',(#10775),#10778);
#10775 = B_SPLINE_CURVE_WITH_KNOTS('',1,(#10776,#10777),.UNSPECIFIED.,
  .F.,.F.,(2,2),(-4.6000006,6.E-07),.PIECEWISE_BEZIER_KNOTS.);
#10776 = CARTESIAN_POINT('',(-5.011117757665,-4.6000006));
#10777 = CARTESIAN_POINT('',(-5.011117757665,6.E-07));
#10778 = ( GEOMETRIC_REPRESENTATION_CONTEXT(2) 
PARAMETRIC_REPRESENTATION_CONTEXT() REPRESENTATION_CONTEXT('2D SPACE',''
  ) );
#10779 = ADVANCED_FACE('',(#10780),#4265,.T.);
#10780 = FACE_BOUND('',#10781,.F.);
#10781 = EDGE_LOOP('',(#10782,#10783,#10802,#10803));
#10782 = ORIENTED_EDGE('',*,*,#4248,.F.);
#10783 = ORIENTED_EDGE('',*,*,#10784,.F.);
#10784 = EDGE_CURVE('',#8920,#4220,#10785,.T.);
#10785 = SURFACE_CURVE('',#10786,(#10790,#10796),.PCURVE_S1.);
#10786 = LINE('',#10787,#10788);
#10787 = CARTESIAN_POINT('',(8.990262325601,-33.82565865311,0.));
#10788 = VECTOR('',#10789,1.);
#10789 = DIRECTION('',(-0.,-0.,-1.));
#10790 = PCURVE('',#4265,#10791);
#10791 = DEFINITIONAL_REPRESENTATION('',(#10792),#10795);
#10792 = B_SPLINE_CURVE_WITH_KNOTS('',1,(#10793,#10794),.UNSPECIFIED.,
  .F.,.F.,(2,2),(-4.6000006,6.E-07),.PIECEWISE_BEZIER_KNOTS.);
#10793 = CARTESIAN_POINT('',(-4.972165563743,-4.6000006));
#10794 = CARTESIAN_POINT('',(-4.972165563743,6.E-07));
#10795 = ( GEOMETRIC_REPRESENTATION_CONTEXT(2) 
PARAMETRIC_REPRESENTATION_CONTEXT() REPRESENTATION_CONTEXT('2D SPACE',''
  ) );
#10796 = PCURVE('',#4236,#10797);
#10797 = DEFINITIONAL_REPRESENTATION('',(#10798),#10801);
#10798 = B_SPLINE_CURVE_WITH_KNOTS('',1,(#10799,#10800),.UNSPECIFIED.,
  .F.,.F.,(2,2),(-4.6000006,6.E-07),.PIECEWISE_BEZIER_KNOTS.);
#10799 = CARTESIAN_POINT('',(-0.434890973254,-4.6000006));
#10800 = CARTESIAN_POINT('',(-0.434890973254,6.E-07));
#10801 = ( GEOMETRIC_REPRESENTATION_CONTEXT(2) 
PARAMETRIC_REPRESENTATION_CONTEXT() REPRESENTATION_CONTEXT('2D SPACE',''
  ) );
#10802 = ORIENTED_EDGE('',*,*,#8943,.T.);
#10803 = ORIENTED_EDGE('',*,*,#10761,.T.);
#10804 = ADVANCED_FACE('',(#10805),#4236,.F.);
#10805 = FACE_BOUND('',#10806,.T.);
#10806 = EDGE_LOOP('',(#10807,#10808,#10809,#10810));
#10807 = ORIENTED_EDGE('',*,*,#4219,.F.);
#10808 = ORIENTED_EDGE('',*,*,#10784,.F.);
#10809 = ORIENTED_EDGE('',*,*,#8919,.T.);
#10810 = ORIENTED_EDGE('',*,*,#10811,.T.);
#10811 = EDGE_CURVE('',#8896,#4191,#10812,.T.);
#10812 = SURFACE_CURVE('',#10813,(#10817,#10823),.PCURVE_S1.);
#10813 = LINE('',#10814,#10815);
#10814 = CARTESIAN_POINT('',(7.942254350579,-34.08695638848,0.));
#10815 = VECTOR('',#10816,1.);
#10816 = DIRECTION('',(-0.,-0.,-1.));
#10817 = PCURVE('',#4236,#10818);
#10818 = DEFINITIONAL_REPRESENTATION('',(#10819),#10822);
#10819 = B_SPLINE_CURVE_WITH_KNOTS('',1,(#10820,#10821),.UNSPECIFIED.,
  .F.,.F.,(2,2),(-4.6000006,6.E-07),.PIECEWISE_BEZIER_KNOTS.);
#10820 = CARTESIAN_POINT('',(-3.195393870894,-4.6000006));
#10821 = CARTESIAN_POINT('',(-3.195393870894,6.E-07));
#10822 = ( GEOMETRIC_REPRESENTATION_CONTEXT(2) 
PARAMETRIC_REPRESENTATION_CONTEXT() REPRESENTATION_CONTEXT('2D SPACE',''
  ) );
#10823 = PCURVE('',#4207,#10824);
#10824 = DEFINITIONAL_REPRESENTATION('',(#10825),#10828);
#10825 = B_SPLINE_CURVE_WITH_KNOTS('',1,(#10826,#10827),.UNSPECIFIED.,
  .F.,.F.,(2,2),(-4.6000006,6.E-07),.PIECEWISE_BEZIER_KNOTS.);
#10826 = CARTESIAN_POINT('',(-4.941304587585,-4.6000006));
#10827 = CARTESIAN_POINT('',(-4.941304587585,6.E-07));
#10828 = ( GEOMETRIC_REPRESENTATION_CONTEXT(2) 
PARAMETRIC_REPRESENTATION_CONTEXT() REPRESENTATION_CONTEXT('2D SPACE',''
  ) );
#10829 = ADVANCED_FACE('',(#10830),#4207,.T.);
#10830 = FACE_BOUND('',#10831,.F.);
#10831 = EDGE_LOOP('',(#10832,#10833,#10852,#10853));
#10832 = ORIENTED_EDGE('',*,*,#4190,.F.);
#10833 = ORIENTED_EDGE('',*,*,#10834,.F.);
#10834 = EDGE_CURVE('',#8872,#4162,#10835,.T.);
#10835 = SURFACE_CURVE('',#10836,(#10840,#10846),.PCURVE_S1.);
#10836 = LINE('',#10837,#10838);
#10837 = CARTESIAN_POINT('',(6.608803828711,-34.37039004657,0.));
#10838 = VECTOR('',#10839,1.);
#10839 = DIRECTION('',(-0.,-0.,-1.));
#10840 = PCURVE('',#4207,#10841);
#10841 = DEFINITIONAL_REPRESENTATION('',(#10842),#10845);
#10842 = B_SPLINE_CURVE_WITH_KNOTS('',1,(#10843,#10844),.UNSPECIFIED.,
  .F.,.F.,(2,2),(-4.6000006,6.E-07),.PIECEWISE_BEZIER_KNOTS.);
#10843 = CARTESIAN_POINT('',(-4.902352393663,-4.6000006));
#10844 = CARTESIAN_POINT('',(-4.902352393663,6.E-07));
#10845 = ( GEOMETRIC_REPRESENTATION_CONTEXT(2) 
PARAMETRIC_REPRESENTATION_CONTEXT() REPRESENTATION_CONTEXT('2D SPACE',''
  ) );
#10846 = PCURVE('',#4178,#10847);
#10847 = DEFINITIONAL_REPRESENTATION('',(#10848),#10851);
#10848 = B_SPLINE_CURVE_WITH_KNOTS('',1,(#10849,#10850),.UNSPECIFIED.,
  .F.,.F.,(2,2),(-4.6000006,6.E-07),.PIECEWISE_BEZIER_KNOTS.);
#10849 = CARTESIAN_POINT('',(-0.365077803175,-4.6000006));
#10850 = CARTESIAN_POINT('',(-0.365077803175,6.E-07));
#10851 = ( GEOMETRIC_REPRESENTATION_CONTEXT(2) 
PARAMETRIC_REPRESENTATION_CONTEXT() REPRESENTATION_CONTEXT('2D SPACE',''
  ) );
#10852 = ORIENTED_EDGE('',*,*,#8895,.T.);
#10853 = ORIENTED_EDGE('',*,*,#10811,.T.);
#10854 = ADVANCED_FACE('',(#10855),#4178,.F.);
#10855 = FACE_BOUND('',#10856,.T.);
#10856 = EDGE_LOOP('',(#10857,#10858,#10859,#10860));
#10857 = ORIENTED_EDGE('',*,*,#4161,.F.);
#10858 = ORIENTED_EDGE('',*,*,#10834,.F.);
#10859 = ORIENTED_EDGE('',*,*,#8871,.T.);
#10860 = ORIENTED_EDGE('',*,*,#10861,.T.);
#10861 = EDGE_CURVE('',#8848,#4133,#10862,.T.);
#10862 = SURFACE_CURVE('',#10863,(#10867,#10873),.PCURVE_S1.);
#10863 = LINE('',#10864,#10865);
#10864 = CARTESIAN_POINT('',(5.545121539827,-34.557945933,0.));
#10865 = VECTOR('',#10866,1.);
#10866 = DIRECTION('',(-0.,-0.,-1.));
#10867 = PCURVE('',#4178,#10868);
#10868 = DEFINITIONAL_REPRESENTATION('',(#10869),#10872);
#10869 = B_SPLINE_CURVE_WITH_KNOTS('',1,(#10870,#10871),.UNSPECIFIED.,
  .F.,.F.,(2,2),(-4.6000006,6.E-07),.PIECEWISE_BEZIER_KNOTS.);
#10870 = CARTESIAN_POINT('',(-3.125580700814,-4.6000006));
#10871 = CARTESIAN_POINT('',(-3.125580700814,6.E-07));
#10872 = ( GEOMETRIC_REPRESENTATION_CONTEXT(2) 
PARAMETRIC_REPRESENTATION_CONTEXT() REPRESENTATION_CONTEXT('2D SPACE',''
  ) );
#10873 = PCURVE('',#4149,#10874);
#10874 = DEFINITIONAL_REPRESENTATION('',(#10875),#10878);
#10875 = B_SPLINE_CURVE_WITH_KNOTS('',1,(#10876,#10877),.UNSPECIFIED.,
  .F.,.F.,(2,2),(-4.6000006,6.E-07),.PIECEWISE_BEZIER_KNOTS.);
#10876 = CARTESIAN_POINT('',(-4.871491417505,-4.6000006));
#10877 = CARTESIAN_POINT('',(-4.871491417505,6.E-07));
#10878 = ( GEOMETRIC_REPRESENTATION_CONTEXT(2) 
PARAMETRIC_REPRESENTATION_CONTEXT() REPRESENTATION_CONTEXT('2D SPACE',''
  ) );
#10879 = ADVANCED_FACE('',(#10880),#4149,.T.);
#10880 = FACE_BOUND('',#10881,.F.);
#10881 = EDGE_LOOP('',(#10882,#10883,#10902,#10903));
#10882 = ORIENTED_EDGE('',*,*,#4132,.F.);
#10883 = ORIENTED_EDGE('',*,*,#10884,.F.);
#10884 = EDGE_CURVE('',#8824,#4104,#10885,.T.);
#10885 = SURFACE_CURVE('',#10886,(#10890,#10896),.PCURVE_S1.);
#10886 = LINE('',#10887,#10888);
#10887 = CARTESIAN_POINT('',(4.195147903883,-34.74767235462,0.));
#10888 = VECTOR('',#10889,1.);
#10889 = DIRECTION('',(-0.,-0.,-1.));
#10890 = PCURVE('',#4149,#10891);
#10891 = DEFINITIONAL_REPRESENTATION('',(#10892),#10895);
#10892 = B_SPLINE_CURVE_WITH_KNOTS('',1,(#10893,#10894),.UNSPECIFIED.,
  .F.,.F.,(2,2),(-4.6000006,6.E-07),.PIECEWISE_BEZIER_KNOTS.);
#10893 = CARTESIAN_POINT('',(-4.832539223583,-4.6000006));
#10894 = CARTESIAN_POINT('',(-4.832539223583,6.E-07));
#10895 = ( GEOMETRIC_REPRESENTATION_CONTEXT(2) 
PARAMETRIC_REPRESENTATION_CONTEXT() REPRESENTATION_CONTEXT('2D SPACE',''
  ) );
#10896 = PCURVE('',#4120,#10897);
#10897 = DEFINITIONAL_REPRESENTATION('',(#10898),#10901);
#10898 = B_SPLINE_CURVE_WITH_KNOTS('',1,(#10899,#10900),.UNSPECIFIED.,
  .F.,.F.,(2,2),(-4.6000006,6.E-07),.PIECEWISE_BEZIER_KNOTS.);
#10899 = CARTESIAN_POINT('',(-0.295264633095,-4.6000006));
#10900 = CARTESIAN_POINT('',(-0.295264633095,6.E-07));
#10901 = ( GEOMETRIC_REPRESENTATION_CONTEXT(2) 
PARAMETRIC_REPRESENTATION_CONTEXT() REPRESENTATION_CONTEXT('2D SPACE',''
  ) );
#10902 = ORIENTED_EDGE('',*,*,#8847,.T.);
#10903 = ORIENTED_EDGE('',*,*,#10861,.T.);
#10904 = ADVANCED_FACE('',(#10905),#4120,.F.);
#10905 = FACE_BOUND('',#10906,.T.);
#10906 = EDGE_LOOP('',(#10907,#10908,#10909,#10910));
#10907 = ORIENTED_EDGE('',*,*,#4103,.F.);
#10908 = ORIENTED_EDGE('',*,*,#10884,.F.);
#10909 = ORIENTED_EDGE('',*,*,#8823,.T.);
#10910 = ORIENTED_EDGE('',*,*,#10911,.T.);
#10911 = EDGE_CURVE('',#8800,#4075,#10912,.T.);
#10912 = SURFACE_CURVE('',#10913,(#10917,#10923),.PCURVE_S1.);
#10913 = LINE('',#10914,#10915);
#10914 = CARTESIAN_POINT('',(3.120973454326,-34.86057263869,0.));
#10915 = VECTOR('',#10916,1.);
#10916 = DIRECTION('',(-0.,-0.,-1.));
#10917 = PCURVE('',#4120,#10918);
#10918 = DEFINITIONAL_REPRESENTATION('',(#10919),#10922);
#10919 = B_SPLINE_CURVE_WITH_KNOTS('',1,(#10920,#10921),.UNSPECIFIED.,
  .F.,.F.,(2,2),(-4.6000006,6.E-07),.PIECEWISE_BEZIER_KNOTS.);
#10920 = CARTESIAN_POINT('',(-3.055767530734,-4.6000006));
#10921 = CARTESIAN_POINT('',(-3.055767530734,6.E-07));
#10922 = ( GEOMETRIC_REPRESENTATION_CONTEXT(2) 
PARAMETRIC_REPRESENTATION_CONTEXT() REPRESENTATION_CONTEXT('2D SPACE',''
  ) );
#10923 = PCURVE('',#4091,#10924);
#10924 = DEFINITIONAL_REPRESENTATION('',(#10925),#10928);
#10925 = B_SPLINE_CURVE_WITH_KNOTS('',1,(#10926,#10927),.UNSPECIFIED.,
  .F.,.F.,(2,2),(-4.6000006,6.E-07),.PIECEWISE_BEZIER_KNOTS.);
#10926 = CARTESIAN_POINT('',(-4.801678247425,-4.6000006));
#10927 = CARTESIAN_POINT('',(-4.801678247425,6.E-07));
#10928 = ( GEOMETRIC_REPRESENTATION_CONTEXT(2) 
PARAMETRIC_REPRESENTATION_CONTEXT() REPRESENTATION_CONTEXT('2D SPACE',''
  ) );
#10929 = ADVANCED_FACE('',(#10930),#4091,.T.);
#10930 = FACE_BOUND('',#10931,.F.);
#10931 = EDGE_LOOP('',(#10932,#10933,#10952,#10953));
#10932 = ORIENTED_EDGE('',*,*,#4074,.F.);
#10933 = ORIENTED_EDGE('',*,*,#10934,.F.);
#10934 = EDGE_CURVE('',#8776,#4046,#10935,.T.);
#10935 = SURFACE_CURVE('',#10936,(#10940,#10946),.PCURVE_S1.);
#10936 = LINE('',#10937,#10938);
#10937 = CARTESIAN_POINT('',(1.761053640161,-34.95566749579,0.));
#10938 = VECTOR('',#10939,1.);
#10939 = DIRECTION('',(-0.,-0.,-1.));
#10940 = PCURVE('',#4091,#10941);
#10941 = DEFINITIONAL_REPRESENTATION('',(#10942),#10945);
#10942 = B_SPLINE_CURVE_WITH_KNOTS('',1,(#10943,#10944),.UNSPECIFIED.,
  .F.,.F.,(2,2),(-4.6000006,6.E-07),.PIECEWISE_BEZIER_KNOTS.);
#10943 = CARTESIAN_POINT('',(-4.762726053504,-4.6000006));
#10944 = CARTESIAN_POINT('',(-4.762726053504,6.E-07));
#10945 = ( GEOMETRIC_REPRESENTATION_CONTEXT(2) 
PARAMETRIC_REPRESENTATION_CONTEXT() REPRESENTATION_CONTEXT('2D SPACE',''
  ) );
#10946 = PCURVE('',#4062,#10947);
#10947 = DEFINITIONAL_REPRESENTATION('',(#10948),#10951);
#10948 = B_SPLINE_CURVE_WITH_KNOTS('',1,(#10949,#10950),.UNSPECIFIED.,
  .F.,.F.,(2,2),(-4.6000006,6.E-07),.PIECEWISE_BEZIER_KNOTS.);
#10949 = CARTESIAN_POINT('',(-0.225451463015,-4.6000006));
#10950 = CARTESIAN_POINT('',(-0.225451463015,6.E-07));
#10951 = ( GEOMETRIC_REPRESENTATION_CONTEXT(2) 
PARAMETRIC_REPRESENTATION_CONTEXT() REPRESENTATION_CONTEXT('2D SPACE',''
  ) );
#10952 = ORIENTED_EDGE('',*,*,#8799,.T.);
#10953 = ORIENTED_EDGE('',*,*,#10911,.T.);
#10954 = ADVANCED_FACE('',(#10955),#4062,.F.);
#10955 = FACE_BOUND('',#10956,.T.);
#10956 = EDGE_LOOP('',(#10957,#10958,#10959,#10960));
#10957 = ORIENTED_EDGE('',*,*,#4045,.F.);
#10958 = ORIENTED_EDGE('',*,*,#10934,.F.);
#10959 = ORIENTED_EDGE('',*,*,#8775,.T.);
#10960 = ORIENTED_EDGE('',*,*,#10961,.T.);
#10961 = EDGE_CURVE('',#8752,#4017,#10962,.T.);
#10962 = SURFACE_CURVE('',#10963,(#10967,#10973),.PCURVE_S1.);
#10963 = LINE('',#10964,#10965);
#10964 = CARTESIAN_POINT('',(0.681620299875,-34.99336213865,0.));
#10965 = VECTOR('',#10966,1.);
#10966 = DIRECTION('',(-0.,-0.,-1.));
#10967 = PCURVE('',#4062,#10968);
#10968 = DEFINITIONAL_REPRESENTATION('',(#10969),#10972);
#10969 = B_SPLINE_CURVE_WITH_KNOTS('',1,(#10970,#10971),.UNSPECIFIED.,
  .F.,.F.,(2,2),(-4.6000006,6.E-07),.PIECEWISE_BEZIER_KNOTS.);
#10970 = CARTESIAN_POINT('',(-2.985954360654,-4.6000006));
#10971 = CARTESIAN_POINT('',(-2.985954360654,6.E-07));
#10972 = ( GEOMETRIC_REPRESENTATION_CONTEXT(2) 
PARAMETRIC_REPRESENTATION_CONTEXT() REPRESENTATION_CONTEXT('2D SPACE',''
  ) );
#10973 = PCURVE('',#4033,#10974);
#10974 = DEFINITIONAL_REPRESENTATION('',(#10975),#10978);
#10975 = B_SPLINE_CURVE_WITH_KNOTS('',1,(#10976,#10977),.UNSPECIFIED.,
  .F.,.F.,(2,2),(-4.6000006,6.E-07),.PIECEWISE_BEZIER_KNOTS.);
#10976 = CARTESIAN_POINT('',(-4.731865077346,-4.6000006));
#10977 = CARTESIAN_POINT('',(-4.731865077346,6.E-07));
#10978 = ( GEOMETRIC_REPRESENTATION_CONTEXT(2) 
PARAMETRIC_REPRESENTATION_CONTEXT() REPRESENTATION_CONTEXT('2D SPACE',''
  ) );
#10979 = ADVANCED_FACE('',(#10980),#4033,.T.);
#10980 = FACE_BOUND('',#10981,.F.);
#10981 = EDGE_LOOP('',(#10982,#10983,#11002,#11003));
#10982 = ORIENTED_EDGE('',*,*,#4016,.F.);
#10983 = ORIENTED_EDGE('',*,*,#10984,.F.);
#10984 = EDGE_CURVE('',#8728,#3988,#10985,.T.);
#10985 = SURFACE_CURVE('',#10986,(#10990,#10996),.PCURVE_S1.);
#10986 = LINE('',#10987,#10988);
#10987 = CARTESIAN_POINT('',(-0.681620299875,-34.99336213865,0.));
#10988 = VECTOR('',#10989,1.);
#10989 = DIRECTION('',(-0.,-0.,-1.));
#10990 = PCURVE('',#4033,#10991);
#10991 = DEFINITIONAL_REPRESENTATION('',(#10992),#10995);
#10992 = B_SPLINE_CURVE_WITH_KNOTS('',1,(#10993,#10994),.UNSPECIFIED.,
  .F.,.F.,(2,2),(-4.6000006,6.E-07),.PIECEWISE_BEZIER_KNOTS.);
#10993 = CARTESIAN_POINT('',(-4.692912883424,-4.6000006));
#10994 = CARTESIAN_POINT('',(-4.692912883424,6.E-07));
#10995 = ( GEOMETRIC_REPRESENTATION_CONTEXT(2) 
PARAMETRIC_REPRESENTATION_CONTEXT() REPRESENTATION_CONTEXT('2D SPACE',''
  ) );
#10996 = PCURVE('',#4004,#10997);
#10997 = DEFINITIONAL_REPRESENTATION('',(#10998),#11001);
#10998 = B_SPLINE_CURVE_WITH_KNOTS('',1,(#10999,#11000),.UNSPECIFIED.,
  .F.,.F.,(2,2),(-4.6000006,6.E-07),.PIECEWISE_BEZIER_KNOTS.);
#10999 = CARTESIAN_POINT('',(-0.155638292935,-4.6000006));
#11000 = CARTESIAN_POINT('',(-0.155638292935,6.E-07));
#11001 = ( GEOMETRIC_REPRESENTATION_CONTEXT(2) 
PARAMETRIC_REPRESENTATION_CONTEXT() REPRESENTATION_CONTEXT('2D SPACE',''
  ) );
#11002 = ORIENTED_EDGE('',*,*,#8751,.T.);
#11003 = ORIENTED_EDGE('',*,*,#10961,.T.);
#11004 = ADVANCED_FACE('',(#11005),#4004,.F.);
#11005 = FACE_BOUND('',#11006,.T.);
#11006 = EDGE_LOOP('',(#11007,#11008,#11009,#11010));
#11007 = ORIENTED_EDGE('',*,*,#3987,.F.);
#11008 = ORIENTED_EDGE('',*,*,#10984,.F.);
#11009 = ORIENTED_EDGE('',*,*,#8727,.T.);
#11010 = ORIENTED_EDGE('',*,*,#11011,.T.);
#11011 = EDGE_CURVE('',#8704,#3959,#11012,.T.);
#11012 = SURFACE_CURVE('',#11013,(#11017,#11023),.PCURVE_S1.);
#11013 = LINE('',#11014,#11015);
#11014 = CARTESIAN_POINT('',(-1.761053640161,-34.95566749579,0.));
#11015 = VECTOR('',#11016,1.);
#11016 = DIRECTION('',(-0.,-0.,-1.));
#11017 = PCURVE('',#4004,#11018);
#11018 = DEFINITIONAL_REPRESENTATION('',(#11019),#11022);
#11019 = B_SPLINE_CURVE_WITH_KNOTS('',1,(#11020,#11021),.UNSPECIFIED.,
  .F.,.F.,(2,2),(-4.6000006,6.E-07),.PIECEWISE_BEZIER_KNOTS.);
#11020 = CARTESIAN_POINT('',(-2.916141190575,-4.6000006));
#11021 = CARTESIAN_POINT('',(-2.916141190575,6.E-07));
#11022 = ( GEOMETRIC_REPRESENTATION_CONTEXT(2) 
PARAMETRIC_REPRESENTATION_CONTEXT() REPRESENTATION_CONTEXT('2D SPACE',''
  ) );
#11023 = PCURVE('',#3975,#11024);
#11024 = DEFINITIONAL_REPRESENTATION('',(#11025),#11028);
#11025 = B_SPLINE_CURVE_WITH_KNOTS('',1,(#11026,#11027),.UNSPECIFIED.,
  .F.,.F.,(2,2),(-4.6000006,6.E-07),.PIECEWISE_BEZIER_KNOTS.);
#11026 = CARTESIAN_POINT('',(-4.662051907266,-4.6000006));
#11027 = CARTESIAN_POINT('',(-4.662051907266,6.E-07));
#11028 = ( GEOMETRIC_REPRESENTATION_CONTEXT(2) 
PARAMETRIC_REPRESENTATION_CONTEXT() REPRESENTATION_CONTEXT('2D SPACE',''
  ) );
#11029 = ADVANCED_FACE('',(#11030),#3975,.T.);
#11030 = FACE_BOUND('',#11031,.F.);
#11031 = EDGE_LOOP('',(#11032,#11033,#11052,#11053));
#11032 = ORIENTED_EDGE('',*,*,#3958,.F.);
#11033 = ORIENTED_EDGE('',*,*,#11034,.F.);
#11034 = EDGE_CURVE('',#8680,#3930,#11035,.T.);
#11035 = SURFACE_CURVE('',#11036,(#11040,#11046),.PCURVE_S1.);
#11036 = LINE('',#11037,#11038);
#11037 = CARTESIAN_POINT('',(-3.120973454326,-34.86057263869,0.));
#11038 = VECTOR('',#11039,1.);
#11039 = DIRECTION('',(-0.,-0.,-1.));
#11040 = PCURVE('',#3975,#11041);
#11041 = DEFINITIONAL_REPRESENTATION('',(#11042),#11045);
#11042 = B_SPLINE_CURVE_WITH_KNOTS('',1,(#11043,#11044),.UNSPECIFIED.,
  .F.,.F.,(2,2),(-4.6000006,6.E-07),.PIECEWISE_BEZIER_KNOTS.);
#11043 = CARTESIAN_POINT('',(-4.623099713344,-4.6000006));
#11044 = CARTESIAN_POINT('',(-4.623099713344,6.E-07));
#11045 = ( GEOMETRIC_REPRESENTATION_CONTEXT(2) 
PARAMETRIC_REPRESENTATION_CONTEXT() REPRESENTATION_CONTEXT('2D SPACE',''
  ) );
#11046 = PCURVE('',#3946,#11047);
#11047 = DEFINITIONAL_REPRESENTATION('',(#11048),#11051);
#11048 = B_SPLINE_CURVE_WITH_KNOTS('',1,(#11049,#11050),.UNSPECIFIED.,
  .F.,.F.,(2,2),(-4.6000006,6.E-07),.PIECEWISE_BEZIER_KNOTS.);
#11049 = CARTESIAN_POINT('',(-8.582512285556E-02,-4.6000006));
#11050 = CARTESIAN_POINT('',(-8.582512285556E-02,6.E-07));
#11051 = ( GEOMETRIC_REPRESENTATION_CONTEXT(2) 
PARAMETRIC_REPRESENTATION_CONTEXT() REPRESENTATION_CONTEXT('2D SPACE',''
  ) );
#11052 = ORIENTED_EDGE('',*,*,#8703,.T.);
#11053 = ORIENTED_EDGE('',*,*,#11011,.T.);
#11054 = ADVANCED_FACE('',(#11055),#3946,.F.);
#11055 = FACE_BOUND('',#11056,.T.);
#11056 = EDGE_LOOP('',(#11057,#11058,#11059,#11060));
#11057 = ORIENTED_EDGE('',*,*,#3929,.F.);
#11058 = ORIENTED_EDGE('',*,*,#11034,.F.);
#11059 = ORIENTED_EDGE('',*,*,#8679,.T.);
#11060 = ORIENTED_EDGE('',*,*,#11061,.T.);
#11061 = EDGE_CURVE('',#8656,#3901,#11062,.T.);
#11062 = SURFACE_CURVE('',#11063,(#11067,#11073),.PCURVE_S1.);
#11063 = LINE('',#11064,#11065);
#11064 = CARTESIAN_POINT('',(-4.195147903883,-34.74767235462,0.));
#11065 = VECTOR('',#11066,1.);
#11066 = DIRECTION('',(-0.,-0.,-1.));
#11067 = PCURVE('',#3946,#11068);
#11068 = DEFINITIONAL_REPRESENTATION('',(#11069),#11072);
#11069 = B_SPLINE_CURVE_WITH_KNOTS('',1,(#11070,#11071),.UNSPECIFIED.,
  .F.,.F.,(2,2),(-4.6000006,6.E-07),.PIECEWISE_BEZIER_KNOTS.);
#11070 = CARTESIAN_POINT('',(-2.846328020495,-4.6000006));
#11071 = CARTESIAN_POINT('',(-2.846328020495,6.E-07));
#11072 = ( GEOMETRIC_REPRESENTATION_CONTEXT(2) 
PARAMETRIC_REPRESENTATION_CONTEXT() REPRESENTATION_CONTEXT('2D SPACE',''
  ) );
#11073 = PCURVE('',#3917,#11074);
#11074 = DEFINITIONAL_REPRESENTATION('',(#11075),#11078);
#11075 = B_SPLINE_CURVE_WITH_KNOTS('',1,(#11076,#11077),.UNSPECIFIED.,
  .F.,.F.,(2,2),(-4.6000006,6.E-07),.PIECEWISE_BEZIER_KNOTS.);
#11076 = CARTESIAN_POINT('',(-4.592238737186,-4.6000006));
#11077 = CARTESIAN_POINT('',(-4.592238737186,6.E-07));
#11078 = ( GEOMETRIC_REPRESENTATION_CONTEXT(2) 
PARAMETRIC_REPRESENTATION_CONTEXT() REPRESENTATION_CONTEXT('2D SPACE',''
  ) );
#11079 = ADVANCED_FACE('',(#11080),#3917,.T.);
#11080 = FACE_BOUND('',#11081,.F.);
#11081 = EDGE_LOOP('',(#11082,#11083,#11102,#11103));
#11082 = ORIENTED_EDGE('',*,*,#3900,.F.);
#11083 = ORIENTED_EDGE('',*,*,#11084,.F.);
#11084 = EDGE_CURVE('',#8632,#3872,#11085,.T.);
#11085 = SURFACE_CURVE('',#11086,(#11090,#11096),.PCURVE_S1.);
#11086 = LINE('',#11087,#11088);
#11087 = CARTESIAN_POINT('',(-5.545121539827,-34.557945933,0.));
#11088 = VECTOR('',#11089,1.);
#11089 = DIRECTION('',(-0.,-0.,-1.));
#11090 = PCURVE('',#3917,#11091);
#11091 = DEFINITIONAL_REPRESENTATION('',(#11092),#11095);
#11092 = B_SPLINE_CURVE_WITH_KNOTS('',1,(#11093,#11094),.UNSPECIFIED.,
  .F.,.F.,(2,2),(-4.6000006,6.E-07),.PIECEWISE_BEZIER_KNOTS.);
#11093 = CARTESIAN_POINT('',(-4.553286543264,-4.6000006));
#11094 = CARTESIAN_POINT('',(-4.553286543264,6.E-07));
#11095 = ( GEOMETRIC_REPRESENTATION_CONTEXT(2) 
PARAMETRIC_REPRESENTATION_CONTEXT() REPRESENTATION_CONTEXT('2D SPACE',''
  ) );
#11096 = PCURVE('',#3888,#11097);
#11097 = DEFINITIONAL_REPRESENTATION('',(#11098),#11101);
#11098 = B_SPLINE_CURVE_WITH_KNOTS('',1,(#11099,#11100),.UNSPECIFIED.,
  .F.,.F.,(2,2),(-4.6000006,6.E-07),.PIECEWISE_BEZIER_KNOTS.);
#11099 = CARTESIAN_POINT('',(-1.601195277579E-02,-4.6000006));
#11100 = CARTESIAN_POINT('',(-1.601195277579E-02,6.E-07));
#11101 = ( GEOMETRIC_REPRESENTATION_CONTEXT(2) 
PARAMETRIC_REPRESENTATION_CONTEXT() REPRESENTATION_CONTEXT('2D SPACE',''
  ) );
#11102 = ORIENTED_EDGE('',*,*,#8655,.T.);
#11103 = ORIENTED_EDGE('',*,*,#11061,.T.);
#11104 = ADVANCED_FACE('',(#11105),#3888,.F.);
#11105 = FACE_BOUND('',#11106,.T.);
#11106 = EDGE_LOOP('',(#11107,#11108,#11109,#11110));
#11107 = ORIENTED_EDGE('',*,*,#3871,.F.);
#11108 = ORIENTED_EDGE('',*,*,#11084,.F.);
#11109 = ORIENTED_EDGE('',*,*,#8631,.T.);
#11110 = ORIENTED_EDGE('',*,*,#11111,.T.);
#11111 = EDGE_CURVE('',#8608,#3843,#11112,.T.);
#11112 = SURFACE_CURVE('',#11113,(#11117,#11123),.PCURVE_S1.);
#11113 = LINE('',#11114,#11115);
#11114 = CARTESIAN_POINT('',(-6.608803828711,-34.37039004657,0.));
#11115 = VECTOR('',#11116,1.);
#11116 = DIRECTION('',(-0.,-0.,-1.));
#11117 = PCURVE('',#3888,#11118);
#11118 = DEFINITIONAL_REPRESENTATION('',(#11119),#11122);
#11119 = B_SPLINE_CURVE_WITH_KNOTS('',1,(#11120,#11121),.UNSPECIFIED.,
  .F.,.F.,(2,2),(-4.6000006,6.E-07),.PIECEWISE_BEZIER_KNOTS.);
#11120 = CARTESIAN_POINT('',(-2.776514850415,-4.6000006));
#11121 = CARTESIAN_POINT('',(-2.776514850415,6.E-07));
#11122 = ( GEOMETRIC_REPRESENTATION_CONTEXT(2) 
PARAMETRIC_REPRESENTATION_CONTEXT() REPRESENTATION_CONTEXT('2D SPACE',''
  ) );
#11123 = PCURVE('',#3859,#11124);
#11124 = DEFINITIONAL_REPRESENTATION('',(#11125),#11128);
#11125 = B_SPLINE_CURVE_WITH_KNOTS('',1,(#11126,#11127),.UNSPECIFIED.,
  .F.,.F.,(2,2),(-4.6000006,6.E-07),.PIECEWISE_BEZIER_KNOTS.);
#11126 = CARTESIAN_POINT('',(-4.522425567106,-4.6000006));
#11127 = CARTESIAN_POINT('',(-4.522425567106,6.E-07));
#11128 = ( GEOMETRIC_REPRESENTATION_CONTEXT(2) 
PARAMETRIC_REPRESENTATION_CONTEXT() REPRESENTATION_CONTEXT('2D SPACE',''
  ) );
#11129 = ADVANCED_FACE('',(#11130),#3859,.T.);
#11130 = FACE_BOUND('',#11131,.F.);
#11131 = EDGE_LOOP('',(#11132,#11133,#11152,#11153));
#11132 = ORIENTED_EDGE('',*,*,#3842,.F.);
#11133 = ORIENTED_EDGE('',*,*,#11134,.F.);
#11134 = EDGE_CURVE('',#8580,#3814,#11135,.T.);
#11135 = SURFACE_CURVE('',#11136,(#11140,#11146),.PCURVE_S1.);
#11136 = LINE('',#11137,#11138);
#11137 = CARTESIAN_POINT('',(-7.942254350579,-34.08695638848,0.));
#11138 = VECTOR('',#11139,1.);
#11139 = DIRECTION('',(-0.,-0.,-1.));
#11140 = PCURVE('',#3859,#11141);
#11141 = DEFINITIONAL_REPRESENTATION('',(#11142),#11145);
#11142 = B_SPLINE_CURVE_WITH_KNOTS('',1,(#11143,#11144),.UNSPECIFIED.,
  .F.,.F.,(2,2),(-4.6000006,6.E-07),.PIECEWISE_BEZIER_KNOTS.);
#11143 = CARTESIAN_POINT('',(-4.483473373185,-4.6000006));
#11144 = CARTESIAN_POINT('',(-4.483473373185,6.E-07));
#11145 = ( GEOMETRIC_REPRESENTATION_CONTEXT(2) 
PARAMETRIC_REPRESENTATION_CONTEXT() REPRESENTATION_CONTEXT('2D SPACE',''
  ) );
#11146 = PCURVE('',#3830,#11147);
#11147 = DEFINITIONAL_REPRESENTATION('',(#11148),#11151);
#11148 = B_SPLINE_CURVE_WITH_KNOTS('',1,(#11149,#11150),.UNSPECIFIED.,
  .F.,.F.,(2,2),(-4.6,0.),.PIECEWISE_BEZIER_KNOTS.);
#11149 = CARTESIAN_POINT('',(-6.229384089876,-4.6));
#11150 = CARTESIAN_POINT('',(-6.229384089876,0.));
#11151 = ( GEOMETRIC_REPRESENTATION_CONTEXT(2) 
PARAMETRIC_REPRESENTATION_CONTEXT() REPRESENTATION_CONTEXT('2D SPACE',''
  ) );
#11152 = ORIENTED_EDGE('',*,*,#8607,.T.);
#11153 = ORIENTED_EDGE('',*,*,#11111,.T.);
#11154 = ADVANCED_FACE('',(#11155),#3830,.F.);
#11155 = FACE_BOUND('',#11156,.T.);
#11156 = EDGE_LOOP('',(#11157,#11158,#11177,#11178));
#11157 = ORIENTED_EDGE('',*,*,#8579,.F.);
#11158 = ORIENTED_EDGE('',*,*,#11159,.T.);
#11159 = EDGE_CURVE('',#8556,#3785,#11160,.T.);
#11160 = SURFACE_CURVE('',#11161,(#11165,#11171),.PCURVE_S1.);
#11161 = LINE('',#11162,#11163);
#11162 = CARTESIAN_POINT('',(-8.990262325601,-33.82565865311,0.));
#11163 = VECTOR('',#11164,1.);
#11164 = DIRECTION('',(-0.,-0.,-1.));
#11165 = PCURVE('',#3830,#11166);
#11166 = DEFINITIONAL_REPRESENTATION('',(#11167),#11170);
#11167 = B_SPLINE_CURVE_WITH_KNOTS('',1,(#11168,#11169),.UNSPECIFIED.,
  .F.,.F.,(2,2),(-4.6,0.),.PIECEWISE_BEZIER_KNOTS.);
#11168 = CARTESIAN_POINT('',(-8.989886987515,-4.6));
#11169 = CARTESIAN_POINT('',(-8.989886987515,0.));
#11170 = ( GEOMETRIC_REPRESENTATION_CONTEXT(2) 
PARAMETRIC_REPRESENTATION_CONTEXT() REPRESENTATION_CONTEXT('2D SPACE',''
  ) );
#11171 = PCURVE('',#3801,#11172);
#11172 = DEFINITIONAL_REPRESENTATION('',(#11173),#11176);
#11173 = B_SPLINE_CURVE_WITH_KNOTS('',1,(#11174,#11175),.UNSPECIFIED.,
  .F.,.F.,(2,2),(-4.6000006,6.E-07),.PIECEWISE_BEZIER_KNOTS.);
#11174 = CARTESIAN_POINT('',(-4.452612397026,-4.6000006));
#11175 = CARTESIAN_POINT('',(-4.452612397026,6.E-07));
#11176 = ( GEOMETRIC_REPRESENTATION_CONTEXT(2) 
PARAMETRIC_REPRESENTATION_CONTEXT() REPRESENTATION_CONTEXT('2D SPACE',''
  ) );
#11177 = ORIENTED_EDGE('',*,*,#3813,.F.);
#11178 = ORIENTED_EDGE('',*,*,#11134,.F.);
#11179 = ADVANCED_FACE('',(#11180),#3801,.T.);
#11180 = FACE_BOUND('',#11181,.F.);
#11181 = EDGE_LOOP('',(#11182,#11183,#11202,#11203));
#11182 = ORIENTED_EDGE('',*,*,#3784,.F.);
#11183 = ORIENTED_EDGE('',*,*,#11184,.F.);
#11184 = EDGE_CURVE('',#8528,#3756,#11185,.T.);
#11185 = SURFACE_CURVE('',#11186,(#11190,#11196),.PCURVE_S1.);
#11186 = LINE('',#11187,#11188);
#11187 = CARTESIAN_POINT('',(-10.30069329648,-33.44989861885,0.));
#11188 = VECTOR('',#11189,1.);
#11189 = DIRECTION('',(-0.,-0.,-1.));
#11190 = PCURVE('',#3801,#11191);
#11191 = DEFINITIONAL_REPRESENTATION('',(#11192),#11195);
#11192 = B_SPLINE_CURVE_WITH_KNOTS('',1,(#11193,#11194),.UNSPECIFIED.,
  .F.,.F.,(2,2),(-4.6000006,6.E-07),.PIECEWISE_BEZIER_KNOTS.);
#11193 = CARTESIAN_POINT('',(-4.413660203105,-4.6000006));
#11194 = CARTESIAN_POINT('',(-4.413660203105,6.E-07));
#11195 = ( GEOMETRIC_REPRESENTATION_CONTEXT(2) 
PARAMETRIC_REPRESENTATION_CONTEXT() REPRESENTATION_CONTEXT('2D SPACE',''
  ) );
#11196 = PCURVE('',#3772,#11197);
#11197 = DEFINITIONAL_REPRESENTATION('',(#11198),#11201);
#11198 = B_SPLINE_CURVE_WITH_KNOTS('',1,(#11199,#11200),.UNSPECIFIED.,
  .F.,.F.,(2,2),(-4.6,0.),.PIECEWISE_BEZIER_KNOTS.);
#11199 = CARTESIAN_POINT('',(-6.159570919796,-4.6));
#11200 = CARTESIAN_POINT('',(-6.159570919796,0.));
#11201 = ( GEOMETRIC_REPRESENTATION_CONTEXT(2) 
PARAMETRIC_REPRESENTATION_CONTEXT() REPRESENTATION_CONTEXT('2D SPACE',''
  ) );
#11202 = ORIENTED_EDGE('',*,*,#8555,.T.);
#11203 = ORIENTED_EDGE('',*,*,#11159,.T.);
#11204 = ADVANCED_FACE('',(#11205),#3772,.F.);
#11205 = FACE_BOUND('',#11206,.T.);
#11206 = EDGE_LOOP('',(#11207,#11208,#11227,#11228));
#11207 = ORIENTED_EDGE('',*,*,#8527,.F.);
#11208 = ORIENTED_EDGE('',*,*,#11209,.T.);
#11209 = EDGE_CURVE('',#8504,#3727,#11210,.T.);
#11210 = SURFACE_CURVE('',#11211,(#11215,#11221),.PCURVE_S1.);
#11211 = LINE('',#11212,#11213);
#11212 = CARTESIAN_POINT('',(-11.32792116813,-33.11613205083,0.));
#11213 = VECTOR('',#11214,1.);
#11214 = DIRECTION('',(-0.,-0.,-1.));
#11215 = PCURVE('',#3772,#11216);
#11216 = DEFINITIONAL_REPRESENTATION('',(#11217),#11220);
#11217 = B_SPLINE_CURVE_WITH_KNOTS('',1,(#11218,#11219),.UNSPECIFIED.,
  .F.,.F.,(2,2),(-4.6,0.),.PIECEWISE_BEZIER_KNOTS.);
#11218 = CARTESIAN_POINT('',(-8.920073817435,-4.6));
#11219 = CARTESIAN_POINT('',(-8.920073817435,0.));
#11220 = ( GEOMETRIC_REPRESENTATION_CONTEXT(2) 
PARAMETRIC_REPRESENTATION_CONTEXT() REPRESENTATION_CONTEXT('2D SPACE',''
  ) );
#11221 = PCURVE('',#3743,#11222);
#11222 = DEFINITIONAL_REPRESENTATION('',(#11223),#11226);
#11223 = B_SPLINE_CURVE_WITH_KNOTS('',1,(#11224,#11225),.UNSPECIFIED.,
  .F.,.F.,(2,2),(-4.6000006,6.E-07),.PIECEWISE_BEZIER_KNOTS.);
#11224 = CARTESIAN_POINT('',(-4.382799226947,-4.6000006));
#11225 = CARTESIAN_POINT('',(-4.382799226947,6.E-07));
#11226 = ( GEOMETRIC_REPRESENTATION_CONTEXT(2) 
PARAMETRIC_REPRESENTATION_CONTEXT() REPRESENTATION_CONTEXT('2D SPACE',''
  ) );
#11227 = ORIENTED_EDGE('',*,*,#3755,.F.);
#11228 = ORIENTED_EDGE('',*,*,#11184,.F.);
#11229 = ADVANCED_FACE('',(#11230),#3743,.T.);
#11230 = FACE_BOUND('',#11231,.F.);
#11231 = EDGE_LOOP('',(#11232,#11233,#11252,#11253));
#11232 = ORIENTED_EDGE('',*,*,#3726,.F.);
#11233 = ORIENTED_EDGE('',*,*,#11234,.F.);
#11234 = EDGE_CURVE('',#8476,#3698,#11235,.T.);
#11235 = SURFACE_CURVE('',#11236,(#11240,#11246),.PCURVE_S1.);
#11236 = LINE('',#11237,#11238);
#11237 = CARTESIAN_POINT('',(-12.60894830007,-32.64987630552,0.));
#11238 = VECTOR('',#11239,1.);
#11239 = DIRECTION('',(-0.,-0.,-1.));
#11240 = PCURVE('',#3743,#11241);
#11241 = DEFINITIONAL_REPRESENTATION('',(#11242),#11245);
#11242 = B_SPLINE_CURVE_WITH_KNOTS('',1,(#11243,#11244),.UNSPECIFIED.,
  .F.,.F.,(2,2),(-4.6000006,6.E-07),.PIECEWISE_BEZIER_KNOTS.);
#11243 = CARTESIAN_POINT('',(-4.343847033025,-4.6000006));
#11244 = CARTESIAN_POINT('',(-4.343847033025,6.E-07));
#11245 = ( GEOMETRIC_REPRESENTATION_CONTEXT(2) 
PARAMETRIC_REPRESENTATION_CONTEXT() REPRESENTATION_CONTEXT('2D SPACE',''
  ) );
#11246 = PCURVE('',#3714,#11247);
#11247 = DEFINITIONAL_REPRESENTATION('',(#11248),#11251);
#11248 = B_SPLINE_CURVE_WITH_KNOTS('',1,(#11249,#11250),.UNSPECIFIED.,
  .F.,.F.,(2,2),(-4.6,0.),.PIECEWISE_BEZIER_KNOTS.);
#11249 = CARTESIAN_POINT('',(-6.089757749716,-4.6));
#11250 = CARTESIAN_POINT('',(-6.089757749716,0.));
#11251 = ( GEOMETRIC_REPRESENTATION_CONTEXT(2) 
PARAMETRIC_REPRESENTATION_CONTEXT() REPRESENTATION_CONTEXT('2D SPACE',''
  ) );
#11252 = ORIENTED_EDGE('',*,*,#8503,.T.);
#11253 = ORIENTED_EDGE('',*,*,#11209,.T.);
#11254 = ADVANCED_FACE('',(#11255),#3714,.F.);
#11255 = FACE_BOUND('',#11256,.T.);
#11256 = EDGE_LOOP('',(#11257,#11258,#11277,#11278));
#11257 = ORIENTED_EDGE('',*,*,#8475,.F.);
#11258 = ORIENTED_EDGE('',*,*,#11259,.T.);
#11259 = EDGE_CURVE('',#8452,#3669,#11260,.T.);
#11260 = SURFACE_CURVE('',#11261,(#11265,#11271),.PCURVE_S1.);
#11261 = LINE('',#11262,#11263);
#11262 = CARTESIAN_POINT('',(-13.61039151742,-32.24526698203,0.));
#11263 = VECTOR('',#11264,1.);
#11264 = DIRECTION('',(-0.,-0.,-1.));
#11265 = PCURVE('',#3714,#11266);
#11266 = DEFINITIONAL_REPRESENTATION('',(#11267),#11270);
#11267 = B_SPLINE_CURVE_WITH_KNOTS('',1,(#11268,#11269),.UNSPECIFIED.,
  .F.,.F.,(2,2),(-4.6,0.),.PIECEWISE_BEZIER_KNOTS.);
#11268 = CARTESIAN_POINT('',(-8.850260647355,-4.6));
#11269 = CARTESIAN_POINT('',(-8.850260647355,0.));
#11270 = ( GEOMETRIC_REPRESENTATION_CONTEXT(2) 
PARAMETRIC_REPRESENTATION_CONTEXT() REPRESENTATION_CONTEXT('2D SPACE',''
  ) );
#11271 = PCURVE('',#3685,#11272);
#11272 = DEFINITIONAL_REPRESENTATION('',(#11273),#11276);
#11273 = B_SPLINE_CURVE_WITH_KNOTS('',1,(#11274,#11275),.UNSPECIFIED.,
  .F.,.F.,(2,2),(-4.6000006,6.E-07),.PIECEWISE_BEZIER_KNOTS.);
#11274 = CARTESIAN_POINT('',(-4.312986056867,-4.6000006));
#11275 = CARTESIAN_POINT('',(-4.312986056867,6.E-07));
#11276 = ( GEOMETRIC_REPRESENTATION_CONTEXT(2) 
PARAMETRIC_REPRESENTATION_CONTEXT() REPRESENTATION_CONTEXT('2D SPACE',''
  ) );
#11277 = ORIENTED_EDGE('',*,*,#3697,.F.);
#11278 = ORIENTED_EDGE('',*,*,#11234,.F.);
#11279 = ADVANCED_FACE('',(#11280),#3685,.T.);
#11280 = FACE_BOUND('',#11281,.F.);
#11281 = EDGE_LOOP('',(#11282,#11283,#11302,#11303));
#11282 = ORIENTED_EDGE('',*,*,#3668,.F.);
#11283 = ORIENTED_EDGE('',*,*,#11284,.F.);
#11284 = EDGE_CURVE('',#8424,#3640,#11285,.T.);
#11285 = SURFACE_CURVE('',#11286,(#11290,#11296),.PCURVE_S1.);
#11286 = LINE('',#11287,#11288);
#11287 = CARTESIAN_POINT('',(-14.85577377499,-31.69078707678,0.));
#11288 = VECTOR('',#11289,1.);
#11289 = DIRECTION('',(-0.,-0.,-1.));
#11290 = PCURVE('',#3685,#11291);
#11291 = DEFINITIONAL_REPRESENTATION('',(#11292),#11295);
#11292 = B_SPLINE_CURVE_WITH_KNOTS('',1,(#11293,#11294),.UNSPECIFIED.,
  .F.,.F.,(2,2),(-4.6000006,6.E-07),.PIECEWISE_BEZIER_KNOTS.);
#11293 = CARTESIAN_POINT('',(-4.274033862945,-4.6000006));
#11294 = CARTESIAN_POINT('',(-4.274033862945,6.E-07));
#11295 = ( GEOMETRIC_REPRESENTATION_CONTEXT(2) 
PARAMETRIC_REPRESENTATION_CONTEXT() REPRESENTATION_CONTEXT('2D SPACE',''
  ) );
#11296 = PCURVE('',#3656,#11297);
#11297 = DEFINITIONAL_REPRESENTATION('',(#11298),#11301);
#11298 = B_SPLINE_CURVE_WITH_KNOTS('',1,(#11299,#11300),.UNSPECIFIED.,
  .F.,.F.,(2,2),(-4.6,0.),.PIECEWISE_BEZIER_KNOTS.);
#11299 = CARTESIAN_POINT('',(-6.019944579636,-4.6));
#11300 = CARTESIAN_POINT('',(-6.019944579636,0.));
#11301 = ( GEOMETRIC_REPRESENTATION_CONTEXT(2) 
PARAMETRIC_REPRESENTATION_CONTEXT() REPRESENTATION_CONTEXT('2D SPACE',''
  ) );
#11302 = ORIENTED_EDGE('',*,*,#8451,.T.);
#11303 = ORIENTED_EDGE('',*,*,#11259,.T.);
#11304 = ADVANCED_FACE('',(#11305),#3656,.F.);
#11305 = FACE_BOUND('',#11306,.T.);
#11306 = EDGE_LOOP('',(#11307,#11308,#11327,#11328));
#11307 = ORIENTED_EDGE('',*,*,#8423,.F.);
#11308 = ORIENTED_EDGE('',*,*,#11309,.T.);
#11309 = EDGE_CURVE('',#8400,#3611,#11310,.T.);
#11310 = SURFACE_CURVE('',#11311,(#11315,#11321),.PCURVE_S1.);
#11311 = LINE('',#11312,#11313);
#11312 = CARTESIAN_POINT('',(-15.82655340734,-31.21730621377,0.));
#11313 = VECTOR('',#11314,1.);
#11314 = DIRECTION('',(-0.,-0.,-1.));
#11315 = PCURVE('',#3656,#11316);
#11316 = DEFINITIONAL_REPRESENTATION('',(#11317),#11320);
#11317 = B_SPLINE_CURVE_WITH_KNOTS('',1,(#11318,#11319),.UNSPECIFIED.,
  .F.,.F.,(2,2),(-4.6,0.),.PIECEWISE_BEZIER_KNOTS.);
#11318 = CARTESIAN_POINT('',(-8.780447477276,-4.6));
#11319 = CARTESIAN_POINT('',(-8.780447477276,0.));
#11320 = ( GEOMETRIC_REPRESENTATION_CONTEXT(2) 
PARAMETRIC_REPRESENTATION_CONTEXT() REPRESENTATION_CONTEXT('2D SPACE',''
  ) );
#11321 = PCURVE('',#3627,#11322);
#11322 = DEFINITIONAL_REPRESENTATION('',(#11323),#11326);
#11323 = B_SPLINE_CURVE_WITH_KNOTS('',1,(#11324,#11325),.UNSPECIFIED.,
  .F.,.F.,(2,2),(-4.6000006,6.E-07),.PIECEWISE_BEZIER_KNOTS.);
#11324 = CARTESIAN_POINT('',(-4.243172886787,-4.6000006));
#11325 = CARTESIAN_POINT('',(-4.243172886787,6.E-07));
#11326 = ( GEOMETRIC_REPRESENTATION_CONTEXT(2) 
PARAMETRIC_REPRESENTATION_CONTEXT() REPRESENTATION_CONTEXT('2D SPACE',''
  ) );
#11327 = ORIENTED_EDGE('',*,*,#3639,.F.);
#11328 = ORIENTED_EDGE('',*,*,#11284,.F.);
#11329 = ADVANCED_FACE('',(#11330),#3627,.T.);
#11330 = FACE_BOUND('',#11331,.F.);
#11331 = EDGE_LOOP('',(#11332,#11333,#11352,#11353));
#11332 = ORIENTED_EDGE('',*,*,#3610,.F.);
#11333 = ORIENTED_EDGE('',*,*,#11334,.F.);
#11334 = EDGE_CURVE('',#8372,#3582,#11335,.T.);
#11335 = SURFACE_CURVE('',#11336,(#11340,#11346),.PCURVE_S1.);
#11336 = LINE('',#11337,#11338);
#11337 = CARTESIAN_POINT('',(-17.03022341338,-30.57730351895,0.));
#11338 = VECTOR('',#11339,1.);
#11339 = DIRECTION('',(-0.,-0.,-1.));
#11340 = PCURVE('',#3627,#11341);
#11341 = DEFINITIONAL_REPRESENTATION('',(#11342),#11345);
#11342 = B_SPLINE_CURVE_WITH_KNOTS('',1,(#11343,#11344),.UNSPECIFIED.,
  .F.,.F.,(2,2),(-4.6000006,6.E-07),.PIECEWISE_BEZIER_KNOTS.);
#11343 = CARTESIAN_POINT('',(-4.204220692865,-4.6000006));
#11344 = CARTESIAN_POINT('',(-4.204220692865,6.E-07));
#11345 = ( GEOMETRIC_REPRESENTATION_CONTEXT(2) 
PARAMETRIC_REPRESENTATION_CONTEXT() REPRESENTATION_CONTEXT('2D SPACE',''
  ) );
#11346 = PCURVE('',#3598,#11347);
#11347 = DEFINITIONAL_REPRESENTATION('',(#11348),#11351);
#11348 = B_SPLINE_CURVE_WITH_KNOTS('',1,(#11349,#11350),.UNSPECIFIED.,
  .F.,.F.,(2,2),(-4.6,0.),.PIECEWISE_BEZIER_KNOTS.);
#11349 = CARTESIAN_POINT('',(-5.950131409556,-4.6));
#11350 = CARTESIAN_POINT('',(-5.950131409556,0.));
#11351 = ( GEOMETRIC_REPRESENTATION_CONTEXT(2) 
PARAMETRIC_REPRESENTATION_CONTEXT() REPRESENTATION_CONTEXT('2D SPACE',''
  ) );
#11352 = ORIENTED_EDGE('',*,*,#8399,.T.);
#11353 = ORIENTED_EDGE('',*,*,#11309,.T.);
#11354 = ADVANCED_FACE('',(#11355),#3598,.F.);
#11355 = FACE_BOUND('',#11356,.T.);
#11356 = EDGE_LOOP('',(#11357,#11358,#11377,#11378));
#11357 = ORIENTED_EDGE('',*,*,#8371,.F.);
#11358 = ORIENTED_EDGE('',*,*,#11359,.T.);
#11359 = EDGE_CURVE('',#8348,#3553,#11360,.T.);
#11360 = SURFACE_CURVE('',#11361,(#11365,#11371),.PCURVE_S1.);
#11361 = LINE('',#11362,#11363);
#11362 = CARTESIAN_POINT('',(-17.96560991995,-30.03725786759,0.));
#11363 = VECTOR('',#11364,1.);
#11364 = DIRECTION('',(-0.,-0.,-1.));
#11365 = PCURVE('',#3598,#11366);
#11366 = DEFINITIONAL_REPRESENTATION('',(#11367),#11370);
#11367 = B_SPLINE_CURVE_WITH_KNOTS('',1,(#11368,#11369),.UNSPECIFIED.,
  .F.,.F.,(2,2),(-4.6,0.),.PIECEWISE_BEZIER_KNOTS.);
#11368 = CARTESIAN_POINT('',(-8.710634307196,-4.6));
#11369 = CARTESIAN_POINT('',(-8.710634307196,0.));
#11370 = ( GEOMETRIC_REPRESENTATION_CONTEXT(2) 
PARAMETRIC_REPRESENTATION_CONTEXT() REPRESENTATION_CONTEXT('2D SPACE',''
  ) );
#11371 = PCURVE('',#3569,#11372);
#11372 = DEFINITIONAL_REPRESENTATION('',(#11373),#11376);
#11373 = B_SPLINE_CURVE_WITH_KNOTS('',1,(#11374,#11375),.UNSPECIFIED.,
  .F.,.F.,(2,2),(-4.6000006,6.E-07),.PIECEWISE_BEZIER_KNOTS.);
#11374 = CARTESIAN_POINT('',(-4.173359716707,-4.6000006));
#11375 = CARTESIAN_POINT('',(-4.173359716707,6.E-07));
#11376 = ( GEOMETRIC_REPRESENTATION_CONTEXT(2) 
PARAMETRIC_REPRESENTATION_CONTEXT() REPRESENTATION_CONTEXT('2D SPACE',''
  ) );
#11377 = ORIENTED_EDGE('',*,*,#3581,.F.);
#11378 = ORIENTED_EDGE('',*,*,#11334,.F.);
#11379 = ADVANCED_FACE('',(#11380),#3569,.T.);
#11380 = FACE_BOUND('',#11381,.F.);
#11381 = EDGE_LOOP('',(#11382,#11383,#11402,#11403));
#11382 = ORIENTED_EDGE('',*,*,#3552,.F.);
#11383 = ORIENTED_EDGE('',*,*,#11384,.F.);
#11384 = EDGE_CURVE('',#8320,#3524,#11385,.T.);
#11385 = SURFACE_CURVE('',#11386,(#11390,#11396),.PCURVE_S1.);
#11386 = LINE('',#11387,#11388);
#11387 = CARTESIAN_POINT('',(-19.12170351517,-29.314850412,0.));
#11388 = VECTOR('',#11389,1.);
#11389 = DIRECTION('',(-0.,-0.,-1.));
#11390 = PCURVE('',#3569,#11391);
#11391 = DEFINITIONAL_REPRESENTATION('',(#11392),#11395);
#11392 = B_SPLINE_CURVE_WITH_KNOTS('',1,(#11393,#11394),.UNSPECIFIED.,
  .F.,.F.,(2,2),(-4.6000006,6.E-07),.PIECEWISE_BEZIER_KNOTS.);
#11393 = CARTESIAN_POINT('',(-4.134407522786,-4.6000006));
#11394 = CARTESIAN_POINT('',(-4.134407522786,6.E-07));
#11395 = ( GEOMETRIC_REPRESENTATION_CONTEXT(2) 
PARAMETRIC_REPRESENTATION_CONTEXT() REPRESENTATION_CONTEXT('2D SPACE',''
  ) );
#11396 = PCURVE('',#3540,#11397);
#11397 = DEFINITIONAL_REPRESENTATION('',(#11398),#11401);
#11398 = B_SPLINE_CURVE_WITH_KNOTS('',1,(#11399,#11400),.UNSPECIFIED.,
  .F.,.F.,(2,2),(-4.6,0.),.PIECEWISE_BEZIER_KNOTS.);
#11399 = CARTESIAN_POINT('',(-5.880318239477,-4.6));
#11400 = CARTESIAN_POINT('',(-5.880318239477,0.));
#11401 = ( GEOMETRIC_REPRESENTATION_CONTEXT(2) 
PARAMETRIC_REPRESENTATION_CONTEXT() REPRESENTATION_CONTEXT('2D SPACE',''
  ) );
#11402 = ORIENTED_EDGE('',*,*,#8347,.T.);
#11403 = ORIENTED_EDGE('',*,*,#11359,.T.);
#11404 = ADVANCED_FACE('',(#11405),#3540,.F.);
#11405 = FACE_BOUND('',#11406,.T.);
#11406 = EDGE_LOOP('',(#11407,#11408,#11427,#11428));
#11407 = ORIENTED_EDGE('',*,*,#8319,.F.);
#11408 = ORIENTED_EDGE('',*,*,#11409,.T.);
#11409 = EDGE_CURVE('',#8296,#3495,#11410,.T.);
#11410 = SURFACE_CURVE('',#11411,(#11415,#11421),.PCURVE_S1.);
#11411 = LINE('',#11412,#11413);
#11412 = CARTESIAN_POINT('',(-20.01713978691,-28.71087102041,0.));
#11413 = VECTOR('',#11414,1.);
#11414 = DIRECTION('',(-0.,-0.,-1.));
#11415 = PCURVE('',#3540,#11416);
#11416 = DEFINITIONAL_REPRESENTATION('',(#11417),#11420);
#11417 = B_SPLINE_CURVE_WITH_KNOTS('',1,(#11418,#11419),.UNSPECIFIED.,
  .F.,.F.,(2,2),(-4.6,0.),.PIECEWISE_BEZIER_KNOTS.);
#11418 = CARTESIAN_POINT('',(-8.640821137116,-4.6));
#11419 = CARTESIAN_POINT('',(-8.640821137116,0.));
#11420 = ( GEOMETRIC_REPRESENTATION_CONTEXT(2) 
PARAMETRIC_REPRESENTATION_CONTEXT() REPRESENTATION_CONTEXT('2D SPACE',''
  ) );
#11421 = PCURVE('',#3511,#11422);
#11422 = DEFINITIONAL_REPRESENTATION('',(#11423),#11426);
#11423 = B_SPLINE_CURVE_WITH_KNOTS('',1,(#11424,#11425),.UNSPECIFIED.,
  .F.,.F.,(2,2),(-4.6000006,6.E-07),.PIECEWISE_BEZIER_KNOTS.);
#11424 = CARTESIAN_POINT('',(-4.103546546628,-4.6000006));
#11425 = CARTESIAN_POINT('',(-4.103546546628,6.E-07));
#11426 = ( GEOMETRIC_REPRESENTATION_CONTEXT(2) 
PARAMETRIC_REPRESENTATION_CONTEXT() REPRESENTATION_CONTEXT('2D SPACE',''
  ) );
#11427 = ORIENTED_EDGE('',*,*,#3523,.F.);
#11428 = ORIENTED_EDGE('',*,*,#11384,.F.);
#11429 = ADVANCED_FACE('',(#11430),#3511,.T.);
#11430 = FACE_BOUND('',#11431,.F.);
#11431 = EDGE_LOOP('',(#11432,#11433,#11452,#11453));
#11432 = ORIENTED_EDGE('',*,*,#3494,.F.);
#11433 = ORIENTED_EDGE('',*,*,#11434,.F.);
#11434 = EDGE_CURVE('',#8268,#3466,#11435,.T.);
#11435 = SURFACE_CURVE('',#11436,(#11440,#11446),.PCURVE_S1.);
#11436 = LINE('',#11437,#11438);
#11437 = CARTESIAN_POINT('',(-21.12002459953,-27.90957830055,0.));
#11438 = VECTOR('',#11439,1.);
#11439 = DIRECTION('',(-0.,-0.,-1.));
#11440 = PCURVE('',#3511,#11441);
#11441 = DEFINITIONAL_REPRESENTATION('',(#11442),#11445);
#11442 = B_SPLINE_CURVE_WITH_KNOTS('',1,(#11443,#11444),.UNSPECIFIED.,
  .F.,.F.,(2,2),(-4.6000006,6.E-07),.PIECEWISE_BEZIER_KNOTS.);
#11443 = CARTESIAN_POINT('',(-4.064594352706,-4.6000006));
#11444 = CARTESIAN_POINT('',(-4.064594352706,6.E-07));
#11445 = ( GEOMETRIC_REPRESENTATION_CONTEXT(2) 
PARAMETRIC_REPRESENTATION_CONTEXT() REPRESENTATION_CONTEXT('2D SPACE',''
  ) );
#11446 = PCURVE('',#3482,#11447);
#11447 = DEFINITIONAL_REPRESENTATION('',(#11448),#11451);
#11448 = B_SPLINE_CURVE_WITH_KNOTS('',1,(#11449,#11450),.UNSPECIFIED.,
  .F.,.F.,(2,2),(-4.6,0.),.PIECEWISE_BEZIER_KNOTS.);
#11449 = CARTESIAN_POINT('',(-5.810505069397,-4.6));
#11450 = CARTESIAN_POINT('',(-5.810505069397,0.));
#11451 = ( GEOMETRIC_REPRESENTATION_CONTEXT(2) 
PARAMETRIC_REPRESENTATION_CONTEXT() REPRESENTATION_CONTEXT('2D SPACE',''
  ) );
#11452 = ORIENTED_EDGE('',*,*,#8295,.T.);
#11453 = ORIENTED_EDGE('',*,*,#11409,.T.);
#11454 = ADVANCED_FACE('',(#11455),#3482,.F.);
#11455 = FACE_BOUND('',#11456,.T.);
#11456 = EDGE_LOOP('',(#11457,#11458,#11477,#11478));
#11457 = ORIENTED_EDGE('',*,*,#8267,.F.);
#11458 = ORIENTED_EDGE('',*,*,#11459,.T.);
#11459 = EDGE_CURVE('',#8244,#3437,#11460,.T.);
#11460 = SURFACE_CURVE('',#11461,(#11465,#11471),.PCURVE_S1.);
#11461 = LINE('',#11462,#11463);
#11462 = CARTESIAN_POINT('',(-21.97114816096,-27.24460769563,0.));
#11463 = VECTOR('',#11464,1.);
#11464 = DIRECTION('',(-0.,-0.,-1.));
#11465 = PCURVE('',#3482,#11466);
#11466 = DEFINITIONAL_REPRESENTATION('',(#11467),#11470);
#11467 = B_SPLINE_CURVE_WITH_KNOTS('',1,(#11468,#11469),.UNSPECIFIED.,
  .F.,.F.,(2,2),(-4.6,0.),.PIECEWISE_BEZIER_KNOTS.);
#11468 = CARTESIAN_POINT('',(-8.571007967036,-4.6));
#11469 = CARTESIAN_POINT('',(-8.571007967036,0.));
#11470 = ( GEOMETRIC_REPRESENTATION_CONTEXT(2) 
PARAMETRIC_REPRESENTATION_CONTEXT() REPRESENTATION_CONTEXT('2D SPACE',''
  ) );
#11471 = PCURVE('',#3453,#11472);
#11472 = DEFINITIONAL_REPRESENTATION('',(#11473),#11476);
#11473 = B_SPLINE_CURVE_WITH_KNOTS('',1,(#11474,#11475),.UNSPECIFIED.,
  .F.,.F.,(2,2),(-4.6000006,6.E-07),.PIECEWISE_BEZIER_KNOTS.);
#11474 = CARTESIAN_POINT('',(-4.033733376548,-4.6000006));
#11475 = CARTESIAN_POINT('',(-4.033733376548,6.E-07));
#11476 = ( GEOMETRIC_REPRESENTATION_CONTEXT(2) 
PARAMETRIC_REPRESENTATION_CONTEXT() REPRESENTATION_CONTEXT('2D SPACE',''
  ) );
#11477 = ORIENTED_EDGE('',*,*,#3465,.F.);
#11478 = ORIENTED_EDGE('',*,*,#11434,.F.);
#11479 = ADVANCED_FACE('',(#11480),#3453,.T.);
#11480 = FACE_BOUND('',#11481,.F.);
#11481 = EDGE_LOOP('',(#11482,#11483,#11502,#11503));
#11482 = ORIENTED_EDGE('',*,*,#3436,.F.);
#11483 = ORIENTED_EDGE('',*,*,#11484,.F.);
#11484 = EDGE_CURVE('',#8216,#3408,#11485,.T.);
#11485 = SURFACE_CURVE('',#11486,(#11490,#11496),.PCURVE_S1.);
#11486 = LINE('',#11487,#11488);
#11487 = CARTESIAN_POINT('',(-23.01545104703,-26.36833352909,0.));
#11488 = VECTOR('',#11489,1.);
#11489 = DIRECTION('',(-0.,-0.,-1.));
#11490 = PCURVE('',#3453,#11491);
#11491 = DEFINITIONAL_REPRESENTATION('',(#11492),#11495);
#11492 = B_SPLINE_CURVE_WITH_KNOTS('',1,(#11493,#11494),.UNSPECIFIED.,
  .F.,.F.,(2,2),(-4.6000006,6.E-07),.PIECEWISE_BEZIER_KNOTS.);
#11493 = CARTESIAN_POINT('',(-3.994781182626,-4.6000006));
#11494 = CARTESIAN_POINT('',(-3.994781182626,6.E-07));
#11495 = ( GEOMETRIC_REPRESENTATION_CONTEXT(2) 
PARAMETRIC_REPRESENTATION_CONTEXT() REPRESENTATION_CONTEXT('2D SPACE',''
  ) );
#11496 = PCURVE('',#3424,#11497);
#11497 = DEFINITIONAL_REPRESENTATION('',(#11498),#11501);
#11498 = B_SPLINE_CURVE_WITH_KNOTS('',1,(#11499,#11500),.UNSPECIFIED.,
  .F.,.F.,(2,2),(-4.6,0.),.PIECEWISE_BEZIER_KNOTS.);
#11499 = CARTESIAN_POINT('',(-5.740691899317,-4.6));
#11500 = CARTESIAN_POINT('',(-5.740691899317,0.));
#11501 = ( GEOMETRIC_REPRESENTATION_CONTEXT(2) 
PARAMETRIC_REPRESENTATION_CONTEXT() REPRESENTATION_CONTEXT('2D SPACE',''
  ) );
#11502 = ORIENTED_EDGE('',*,*,#8243,.T.);
#11503 = ORIENTED_EDGE('',*,*,#11459,.T.);
#11504 = ADVANCED_FACE('',(#11505),#3424,.F.);
#11505 = FACE_BOUND('',#11506,.T.);
#11506 = EDGE_LOOP('',(#11507,#11508,#11527,#11528));
#11507 = ORIENTED_EDGE('',*,*,#8215,.F.);
#11508 = ORIENTED_EDGE('',*,*,#11509,.T.);
#11509 = EDGE_CURVE('',#8192,#3379,#11510,.T.);
#11510 = SURFACE_CURVE('',#11511,(#11515,#11521),.PCURVE_S1.);
#11511 = LINE('',#11512,#11513);
#11512 = CARTESIAN_POINT('',(-23.81811530969,-25.64561138077,0.));
#11513 = VECTOR('',#11514,1.);
#11514 = DIRECTION('',(-0.,-0.,-1.));
#11515 = PCURVE('',#3424,#11516);
#11516 = DEFINITIONAL_REPRESENTATION('',(#11517),#11520);
#11517 = B_SPLINE_CURVE_WITH_KNOTS('',1,(#11518,#11519),.UNSPECIFIED.,
  .F.,.F.,(2,2),(-4.6,0.),.PIECEWISE_BEZIER_KNOTS.);
#11518 = CARTESIAN_POINT('',(-8.501194796957,-4.6));
#11519 = CARTESIAN_POINT('',(-8.501194796957,0.));
#11520 = ( GEOMETRIC_REPRESENTATION_CONTEXT(2) 
PARAMETRIC_REPRESENTATION_CONTEXT() REPRESENTATION_CONTEXT('2D SPACE',''
  ) );
#11521 = PCURVE('',#3395,#11522);
#11522 = DEFINITIONAL_REPRESENTATION('',(#11523),#11526);
#11523 = B_SPLINE_CURVE_WITH_KNOTS('',1,(#11524,#11525),.UNSPECIFIED.,
  .F.,.F.,(2,2),(-4.6000006,6.E-07),.PIECEWISE_BEZIER_KNOTS.);
#11524 = CARTESIAN_POINT('',(-3.963920206468,-4.6000006));
#11525 = CARTESIAN_POINT('',(-3.963920206468,6.E-07));
#11526 = ( GEOMETRIC_REPRESENTATION_CONTEXT(2) 
PARAMETRIC_REPRESENTATION_CONTEXT() REPRESENTATION_CONTEXT('2D SPACE',''
  ) );
#11527 = ORIENTED_EDGE('',*,*,#3407,.F.);
#11528 = ORIENTED_EDGE('',*,*,#11484,.F.);
#11529 = ADVANCED_FACE('',(#11530),#3395,.T.);
#11530 = FACE_BOUND('',#11531,.F.);
#11531 = EDGE_LOOP('',(#11532,#11533,#11552,#11553));
#11532 = ORIENTED_EDGE('',*,*,#3378,.F.);
#11533 = ORIENTED_EDGE('',*,*,#11534,.F.);
#11534 = EDGE_CURVE('',#8164,#3350,#11535,.T.);
#11535 = SURFACE_CURVE('',#11536,(#11540,#11546),.PCURVE_S1.);
#11536 = LINE('',#11537,#11538);
#11537 = CARTESIAN_POINT('',(-24.79874853053,-24.69862488721,0.));
#11538 = VECTOR('',#11539,1.);
#11539 = DIRECTION('',(-0.,-0.,-1.));
#11540 = PCURVE('',#3395,#11541);
#11541 = DEFINITIONAL_REPRESENTATION('',(#11542),#11545);
#11542 = B_SPLINE_CURVE_WITH_KNOTS('',1,(#11543,#11544),.UNSPECIFIED.,
  .F.,.F.,(2,2),(-4.6000006,6.E-07),.PIECEWISE_BEZIER_KNOTS.);
#11543 = CARTESIAN_POINT('',(-3.924968012546,-4.6000006));
#11544 = CARTESIAN_POINT('',(-3.924968012546,6.E-07));
#11545 = ( GEOMETRIC_REPRESENTATION_CONTEXT(2) 
PARAMETRIC_REPRESENTATION_CONTEXT() REPRESENTATION_CONTEXT('2D SPACE',''
  ) );
#11546 = PCURVE('',#3366,#11547);
#11547 = DEFINITIONAL_REPRESENTATION('',(#11548),#11551);
#11548 = B_SPLINE_CURVE_WITH_KNOTS('',1,(#11549,#11550),.UNSPECIFIED.,
  .F.,.F.,(2,2),(-4.6,0.),.PIECEWISE_BEZIER_KNOTS.);
#11549 = CARTESIAN_POINT('',(-5.670878729237,-4.6));
#11550 = CARTESIAN_POINT('',(-5.670878729237,0.));
#11551 = ( GEOMETRIC_REPRESENTATION_CONTEXT(2) 
PARAMETRIC_REPRESENTATION_CONTEXT() REPRESENTATION_CONTEXT('2D SPACE',''
  ) );
#11552 = ORIENTED_EDGE('',*,*,#8191,.T.);
#11553 = ORIENTED_EDGE('',*,*,#11509,.T.);
#11554 = ADVANCED_FACE('',(#11555),#3366,.F.);
#11555 = FACE_BOUND('',#11556,.T.);
#11556 = EDGE_LOOP('',(#11557,#11558,#11577,#11578));
#11557 = ORIENTED_EDGE('',*,*,#8163,.F.);
#11558 = ORIENTED_EDGE('',*,*,#11559,.T.);
#11559 = EDGE_CURVE('',#8140,#3321,#11560,.T.);
#11560 = SURFACE_CURVE('',#11561,(#11565,#11571),.PCURVE_S1.);
#11561 = LINE('',#11562,#11563);
#11562 = CARTESIAN_POINT('',(-25.54904299483,-23.92167222516,0.));
#11563 = VECTOR('',#11564,1.);
#11564 = DIRECTION('',(-0.,-0.,-1.));
#11565 = PCURVE('',#3366,#11566);
#11566 = DEFINITIONAL_REPRESENTATION('',(#11567),#11570);
#11567 = B_SPLINE_CURVE_WITH_KNOTS('',1,(#11568,#11569),.UNSPECIFIED.,
  .F.,.F.,(2,2),(-4.6,0.),.PIECEWISE_BEZIER_KNOTS.);
#11568 = CARTESIAN_POINT('',(-8.431381626877,-4.6));
#11569 = CARTESIAN_POINT('',(-8.431381626877,0.));
#11570 = ( GEOMETRIC_REPRESENTATION_CONTEXT(2) 
PARAMETRIC_REPRESENTATION_CONTEXT() REPRESENTATION_CONTEXT('2D SPACE',''
  ) );
#11571 = PCURVE('',#3337,#11572);
#11572 = DEFINITIONAL_REPRESENTATION('',(#11573),#11576);
#11573 = B_SPLINE_CURVE_WITH_KNOTS('',1,(#11574,#11575),.UNSPECIFIED.,
  .F.,.F.,(2,2),(-4.6000006,6.E-07),.PIECEWISE_BEZIER_KNOTS.);
#11574 = CARTESIAN_POINT('',(-3.894107036388,-4.6000006));
#11575 = CARTESIAN_POINT('',(-3.894107036388,6.E-07));
#11576 = ( GEOMETRIC_REPRESENTATION_CONTEXT(2) 
PARAMETRIC_REPRESENTATION_CONTEXT() REPRESENTATION_CONTEXT('2D SPACE',''
  ) );
#11577 = ORIENTED_EDGE('',*,*,#3349,.F.);
#11578 = ORIENTED_EDGE('',*,*,#11534,.F.);
#11579 = ADVANCED_FACE('',(#11580),#3337,.T.);
#11580 = FACE_BOUND('',#11581,.F.);
#11581 = EDGE_LOOP('',(#11582,#11583,#11602,#11603));
#11582 = ORIENTED_EDGE('',*,*,#3320,.F.);
#11583 = ORIENTED_EDGE('',*,*,#11584,.F.);
#11584 = EDGE_CURVE('',#8112,#3292,#11585,.T.);
#11585 = SURFACE_CURVE('',#11586,(#11590,#11596),.PCURVE_S1.);
#11586 = LINE('',#11587,#11588);
#11587 = CARTESIAN_POINT('',(-26.46122900395,-22.90858702757,0.));
#11588 = VECTOR('',#11589,1.);
#11589 = DIRECTION('',(-0.,-0.,-1.));
#11590 = PCURVE('',#3337,#11591);
#11591 = DEFINITIONAL_REPRESENTATION('',(#11592),#11595);
#11592 = B_SPLINE_CURVE_WITH_KNOTS('',1,(#11593,#11594),.UNSPECIFIED.,
  .F.,.F.,(2,2),(-4.6000006,6.E-07),.PIECEWISE_BEZIER_KNOTS.);
#11593 = CARTESIAN_POINT('',(-3.855154842467,-4.6000006));
#11594 = CARTESIAN_POINT('',(-3.855154842467,6.E-07));
#11595 = ( GEOMETRIC_REPRESENTATION_CONTEXT(2) 
PARAMETRIC_REPRESENTATION_CONTEXT() REPRESENTATION_CONTEXT('2D SPACE',''
  ) );
#11596 = PCURVE('',#3308,#11597);
#11597 = DEFINITIONAL_REPRESENTATION('',(#11598),#11601);
#11598 = B_SPLINE_CURVE_WITH_KNOTS('',1,(#11599,#11600),.UNSPECIFIED.,
  .F.,.F.,(2,2),(-4.6,0.),.PIECEWISE_BEZIER_KNOTS.);
#11599 = CARTESIAN_POINT('',(-5.601065559158,-4.6));
#11600 = CARTESIAN_POINT('',(-5.601065559158,0.));
#11601 = ( GEOMETRIC_REPRESENTATION_CONTEXT(2) 
PARAMETRIC_REPRESENTATION_CONTEXT() REPRESENTATION_CONTEXT('2D SPACE',''
  ) );
#11602 = ORIENTED_EDGE('',*,*,#8139,.T.);
#11603 = ORIENTED_EDGE('',*,*,#11559,.T.);
#11604 = ADVANCED_FACE('',(#11605),#3308,.F.);
#11605 = FACE_BOUND('',#11606,.T.);
#11606 = EDGE_LOOP('',(#11607,#11608,#11627,#11628));
#11607 = ORIENTED_EDGE('',*,*,#8111,.F.);
#11608 = ORIENTED_EDGE('',*,*,#11609,.T.);
#11609 = EDGE_CURVE('',#8088,#3263,#11610,.T.);
#11610 = SURFACE_CURVE('',#11611,(#11615,#11621),.PCURVE_S1.);
#11611 = LINE('',#11612,#11613);
#11612 = CARTESIAN_POINT('',(-27.15549831067,-22.08118908706,0.));
#11613 = VECTOR('',#11614,1.);
#11614 = DIRECTION('',(-0.,-0.,-1.));
#11615 = PCURVE('',#3308,#11616);
#11616 = DEFINITIONAL_REPRESENTATION('',(#11617),#11620);
#11617 = B_SPLINE_CURVE_WITH_KNOTS('',1,(#11618,#11619),.UNSPECIFIED.,
  .F.,.F.,(2,2),(-4.6,0.),.PIECEWISE_BEZIER_KNOTS.);
#11618 = CARTESIAN_POINT('',(-8.361568456797,-4.6));
#11619 = CARTESIAN_POINT('',(-8.361568456797,0.));
#11620 = ( GEOMETRIC_REPRESENTATION_CONTEXT(2) 
PARAMETRIC_REPRESENTATION_CONTEXT() REPRESENTATION_CONTEXT('2D SPACE',''
  ) );
#11621 = PCURVE('',#3279,#11622);
#11622 = DEFINITIONAL_REPRESENTATION('',(#11623),#11626);
#11623 = B_SPLINE_CURVE_WITH_KNOTS('',1,(#11624,#11625),.UNSPECIFIED.,
  .F.,.F.,(2,2),(-4.6000006,6.E-07),.PIECEWISE_BEZIER_KNOTS.);
#11624 = CARTESIAN_POINT('',(-3.824293866308,-4.6000006));
#11625 = CARTESIAN_POINT('',(-3.824293866308,6.E-07));
#11626 = ( GEOMETRIC_REPRESENTATION_CONTEXT(2) 
PARAMETRIC_REPRESENTATION_CONTEXT() REPRESENTATION_CONTEXT('2D SPACE',''
  ) );
#11627 = ORIENTED_EDGE('',*,*,#3291,.F.);
#11628 = ORIENTED_EDGE('',*,*,#11584,.F.);
#11629 = ADVANCED_FACE('',(#11630),#3279,.T.);
#11630 = FACE_BOUND('',#11631,.F.);
#11631 = EDGE_LOOP('',(#11632,#11633,#11652,#11653));
#11632 = ORIENTED_EDGE('',*,*,#3262,.F.);
#11633 = ORIENTED_EDGE('',*,*,#11634,.F.);
#11634 = EDGE_CURVE('',#8060,#3234,#11635,.T.);
#11635 = SURFACE_CURVE('',#11636,(#11640,#11646),.PCURVE_S1.);
#11636 = LINE('',#11637,#11638);
#11637 = CARTESIAN_POINT('',(-27.99479302954,-21.0069408347,0.));
#11638 = VECTOR('',#11639,1.);
#11639 = DIRECTION('',(-0.,-0.,-1.));
#11640 = PCURVE('',#3279,#11641);
#11641 = DEFINITIONAL_REPRESENTATION('',(#11642),#11645);
#11642 = B_SPLINE_CURVE_WITH_KNOTS('',1,(#11643,#11644),.UNSPECIFIED.,
  .F.,.F.,(2,2),(-4.6000006,6.E-07),.PIECEWISE_BEZIER_KNOTS.);
#11643 = CARTESIAN_POINT('',(-3.785341672387,-4.6000006));
#11644 = CARTESIAN_POINT('',(-3.785341672387,6.E-07));
#11645 = ( GEOMETRIC_REPRESENTATION_CONTEXT(2) 
PARAMETRIC_REPRESENTATION_CONTEXT() REPRESENTATION_CONTEXT('2D SPACE',''
  ) );
#11646 = PCURVE('',#3250,#11647);
#11647 = DEFINITIONAL_REPRESENTATION('',(#11648),#11651);
#11648 = B_SPLINE_CURVE_WITH_KNOTS('',1,(#11649,#11650),.UNSPECIFIED.,
  .F.,.F.,(2,2),(-4.6,0.),.PIECEWISE_BEZIER_KNOTS.);
#11649 = CARTESIAN_POINT('',(-5.531252389078,-4.6));
#11650 = CARTESIAN_POINT('',(-5.531252389078,0.));
#11651 = ( GEOMETRIC_REPRESENTATION_CONTEXT(2) 
PARAMETRIC_REPRESENTATION_CONTEXT() REPRESENTATION_CONTEXT('2D SPACE',''
  ) );
#11652 = ORIENTED_EDGE('',*,*,#8087,.T.);
#11653 = ORIENTED_EDGE('',*,*,#11609,.T.);
#11654 = ADVANCED_FACE('',(#11655),#3250,.F.);
#11655 = FACE_BOUND('',#11656,.T.);
#11656 = EDGE_LOOP('',(#11657,#11658,#11677,#11678));
#11657 = ORIENTED_EDGE('',*,*,#8059,.F.);
#11658 = ORIENTED_EDGE('',*,*,#11659,.T.);
#11659 = EDGE_CURVE('',#8036,#3205,#11660,.T.);
#11660 = SURFACE_CURVE('',#11661,(#11665,#11671),.PCURVE_S1.);
#11661 = LINE('',#11662,#11663);
#11662 = CARTESIAN_POINT('',(-28.62965476841,-20.13312861532,0.));
#11663 = VECTOR('',#11664,1.);
#11664 = DIRECTION('',(-0.,-0.,-1.));
#11665 = PCURVE('',#3250,#11666);
#11666 = DEFINITIONAL_REPRESENTATION('',(#11667),#11670);
#11667 = B_SPLINE_CURVE_WITH_KNOTS('',1,(#11668,#11669),.UNSPECIFIED.,
  .F.,.F.,(2,2),(-4.6,0.),.PIECEWISE_BEZIER_KNOTS.);
#11668 = CARTESIAN_POINT('',(-8.291755286717,-4.6));
#11669 = CARTESIAN_POINT('',(-8.291755286717,0.));
#11670 = ( GEOMETRIC_REPRESENTATION_CONTEXT(2) 
PARAMETRIC_REPRESENTATION_CONTEXT() REPRESENTATION_CONTEXT('2D SPACE',''
  ) );
#11671 = PCURVE('',#3221,#11672);
#11672 = DEFINITIONAL_REPRESENTATION('',(#11673),#11676);
#11673 = B_SPLINE_CURVE_WITH_KNOTS('',1,(#11674,#11675),.UNSPECIFIED.,
  .F.,.F.,(2,2),(-4.6000006,6.E-07),.PIECEWISE_BEZIER_KNOTS.);
#11674 = CARTESIAN_POINT('',(-3.754480696229,-4.6000006));
#11675 = CARTESIAN_POINT('',(-3.754480696229,6.E-07));
#11676 = ( GEOMETRIC_REPRESENTATION_CONTEXT(2) 
PARAMETRIC_REPRESENTATION_CONTEXT() REPRESENTATION_CONTEXT('2D SPACE',''
  ) );
#11677 = ORIENTED_EDGE('',*,*,#3233,.F.);
#11678 = ORIENTED_EDGE('',*,*,#11634,.F.);
#11679 = ADVANCED_FACE('',(#11680),#3221,.T.);
#11680 = FACE_BOUND('',#11681,.F.);
#11681 = EDGE_LOOP('',(#11682,#11683,#11702,#11703));
#11682 = ORIENTED_EDGE('',*,*,#3204,.F.);
#11683 = ORIENTED_EDGE('',*,*,#11684,.F.);
#11684 = EDGE_CURVE('',#8008,#3176,#11685,.T.);
#11685 = SURFACE_CURVE('',#11686,(#11690,#11696),.PCURVE_S1.);
#11686 = LINE('',#11687,#11688);
#11687 = CARTESIAN_POINT('',(-29.39196923751,-19.0029509377,0.));
#11688 = VECTOR('',#11689,1.);
#11689 = DIRECTION('',(-0.,-0.,-1.));
#11690 = PCURVE('',#3221,#11691);
#11691 = DEFINITIONAL_REPRESENTATION('',(#11692),#11695);
#11692 = B_SPLINE_CURVE_WITH_KNOTS('',1,(#11693,#11694),.UNSPECIFIED.,
  .F.,.F.,(2,2),(-4.6000006,6.E-07),.PIECEWISE_BEZIER_KNOTS.);
#11693 = CARTESIAN_POINT('',(-3.715528502307,-4.6000006));
#11694 = CARTESIAN_POINT('',(-3.715528502307,6.E-07));
#11695 = ( GEOMETRIC_REPRESENTATION_CONTEXT(2) 
PARAMETRIC_REPRESENTATION_CONTEXT() REPRESENTATION_CONTEXT('2D SPACE',''
  ) );
#11696 = PCURVE('',#3192,#11697);
#11697 = DEFINITIONAL_REPRESENTATION('',(#11698),#11701);
#11698 = B_SPLINE_CURVE_WITH_KNOTS('',1,(#11699,#11700),.UNSPECIFIED.,
  .F.,.F.,(2,2),(-4.6,0.),.PIECEWISE_BEZIER_KNOTS.);
#11699 = CARTESIAN_POINT('',(-5.461439218998,-4.6));
#11700 = CARTESIAN_POINT('',(-5.461439218998,0.));
#11701 = ( GEOMETRIC_REPRESENTATION_CONTEXT(2) 
PARAMETRIC_REPRESENTATION_CONTEXT() REPRESENTATION_CONTEXT('2D SPACE',''
  ) );
#11702 = ORIENTED_EDGE('',*,*,#8035,.T.);
#11703 = ORIENTED_EDGE('',*,*,#11659,.T.);
#11704 = ADVANCED_FACE('',(#11705),#3192,.F.);
#11705 = FACE_BOUND('',#11706,.T.);
#11706 = EDGE_LOOP('',(#11707,#11708,#11727,#11728));
#11707 = ORIENTED_EDGE('',*,*,#8007,.F.);
#11708 = ORIENTED_EDGE('',*,*,#11709,.T.);
#11709 = EDGE_CURVE('',#7984,#3147,#11710,.T.);
#11710 = SURFACE_CURVE('',#11711,(#11715,#11721),.PCURVE_S1.);
#11711 = LINE('',#11712,#11713);
#11712 = CARTESIAN_POINT('',(-29.96433042596,-18.08698156475,0.));
#11713 = VECTOR('',#11714,1.);
#11714 = DIRECTION('',(-0.,-0.,-1.));
#11715 = PCURVE('',#3192,#11716);
#11716 = DEFINITIONAL_REPRESENTATION('',(#11717),#11720);
#11717 = B_SPLINE_CURVE_WITH_KNOTS('',1,(#11718,#11719),.UNSPECIFIED.,
  .F.,.F.,(2,2),(-4.6,0.),.PIECEWISE_BEZIER_KNOTS.);
#11718 = CARTESIAN_POINT('',(-8.221942116637,-4.6));
#11719 = CARTESIAN_POINT('',(-8.221942116637,0.));
#11720 = ( GEOMETRIC_REPRESENTATION_CONTEXT(2) 
PARAMETRIC_REPRESENTATION_CONTEXT() REPRESENTATION_CONTEXT('2D SPACE',''
  ) );
#11721 = PCURVE('',#3163,#11722);
#11722 = DEFINITIONAL_REPRESENTATION('',(#11723),#11726);
#11723 = B_SPLINE_CURVE_WITH_KNOTS('',1,(#11724,#11725),.UNSPECIFIED.,
  .F.,.F.,(2,2),(-4.6000006,6.E-07),.PIECEWISE_BEZIER_KNOTS.);
#11724 = CARTESIAN_POINT('',(-3.684667526149,-4.6000006));
#11725 = CARTESIAN_POINT('',(-3.684667526149,6.E-07));
#11726 = ( GEOMETRIC_REPRESENTATION_CONTEXT(2) 
PARAMETRIC_REPRESENTATION_CONTEXT() REPRESENTATION_CONTEXT('2D SPACE',''
  ) );
#11727 = ORIENTED_EDGE('',*,*,#3175,.F.);
#11728 = ORIENTED_EDGE('',*,*,#11684,.F.);
#11729 = ADVANCED_FACE('',(#11730),#3163,.T.);
#11730 = FACE_BOUND('',#11731,.F.);
#11731 = EDGE_LOOP('',(#11732,#11733,#11752,#11753));
#11732 = ORIENTED_EDGE('',*,*,#3146,.F.);
#11733 = ORIENTED_EDGE('',*,*,#11734,.F.);
#11734 = EDGE_CURVE('',#7956,#3118,#11735,.T.);
#11735 = SURFACE_CURVE('',#11736,(#11740,#11746),.PCURVE_S1.);
#11736 = LINE('',#11737,#11738);
#11737 = CARTESIAN_POINT('',(-30.64595072583,-16.90638057389,0.));
#11738 = VECTOR('',#11739,1.);
#11739 = DIRECTION('',(-0.,-0.,-1.));
#11740 = PCURVE('',#3163,#11741);
#11741 = DEFINITIONAL_REPRESENTATION('',(#11742),#11745);
#11742 = B_SPLINE_CURVE_WITH_KNOTS('',1,(#11743,#11744),.UNSPECIFIED.,
  .F.,.F.,(2,2),(-4.6000006,6.E-07),.PIECEWISE_BEZIER_KNOTS.);
#11743 = CARTESIAN_POINT('',(-3.645715332227,-4.6000006));
#11744 = CARTESIAN_POINT('',(-3.645715332227,6.E-07));
#11745 = ( GEOMETRIC_REPRESENTATION_CONTEXT(2) 
PARAMETRIC_REPRESENTATION_CONTEXT() REPRESENTATION_CONTEXT('2D SPACE',''
  ) );
#11746 = PCURVE('',#3134,#11747);
#11747 = DEFINITIONAL_REPRESENTATION('',(#11748),#11751);
#11748 = B_SPLINE_CURVE_WITH_KNOTS('',1,(#11749,#11750),.UNSPECIFIED.,
  .F.,.F.,(2,2),(-4.6,0.),.PIECEWISE_BEZIER_KNOTS.);
#11749 = CARTESIAN_POINT('',(-5.391626048918,-4.6));
#11750 = CARTESIAN_POINT('',(-5.391626048918,0.));
#11751 = ( GEOMETRIC_REPRESENTATION_CONTEXT(2) 
PARAMETRIC_REPRESENTATION_CONTEXT() REPRESENTATION_CONTEXT('2D SPACE',''
  ) );
#11752 = ORIENTED_EDGE('',*,*,#7983,.T.);
#11753 = ORIENTED_EDGE('',*,*,#11709,.T.);
#11754 = ADVANCED_FACE('',(#11755),#3134,.F.);
#11755 = FACE_BOUND('',#11756,.T.);
#11756 = EDGE_LOOP('',(#11757,#11758,#11777,#11778));
#11757 = ORIENTED_EDGE('',*,*,#7955,.F.);
#11758 = ORIENTED_EDGE('',*,*,#11759,.T.);
#11759 = EDGE_CURVE('',#7932,#3089,#11760,.T.);
#11760 = SURFACE_CURVE('',#11761,(#11765,#11771),.PCURVE_S1.);
#11761 = LINE('',#11762,#11763);
#11762 = CARTESIAN_POINT('',(-31.15302287768,-15.95271655809,0.));
#11763 = VECTOR('',#11764,1.);
#11764 = DIRECTION('',(-0.,-0.,-1.));
#11765 = PCURVE('',#3134,#11766);
#11766 = DEFINITIONAL_REPRESENTATION('',(#11767),#11770);
#11767 = B_SPLINE_CURVE_WITH_KNOTS('',1,(#11768,#11769),.UNSPECIFIED.,
  .F.,.F.,(2,2),(-4.6,0.),.PIECEWISE_BEZIER_KNOTS.);
#11768 = CARTESIAN_POINT('',(-8.152128946558,-4.6));
#11769 = CARTESIAN_POINT('',(-8.152128946558,0.));
#11770 = ( GEOMETRIC_REPRESENTATION_CONTEXT(2) 
PARAMETRIC_REPRESENTATION_CONTEXT() REPRESENTATION_CONTEXT('2D SPACE',''
  ) );
#11771 = PCURVE('',#3105,#11772);
#11772 = DEFINITIONAL_REPRESENTATION('',(#11773),#11776);
#11773 = B_SPLINE_CURVE_WITH_KNOTS('',1,(#11774,#11775),.UNSPECIFIED.,
  .F.,.F.,(2,2),(-4.6000006,6.E-07),.PIECEWISE_BEZIER_KNOTS.);
#11774 = CARTESIAN_POINT('',(-3.614854356069,-4.6000006));
#11775 = CARTESIAN_POINT('',(-3.614854356069,6.E-07));
#11776 = ( GEOMETRIC_REPRESENTATION_CONTEXT(2) 
PARAMETRIC_REPRESENTATION_CONTEXT() REPRESENTATION_CONTEXT('2D SPACE',''
  ) );
#11777 = ORIENTED_EDGE('',*,*,#3117,.F.);
#11778 = ORIENTED_EDGE('',*,*,#11734,.F.);
#11779 = ADVANCED_FACE('',(#11780),#3105,.T.);
#11780 = FACE_BOUND('',#11781,.F.);
#11781 = EDGE_LOOP('',(#11782,#11783,#11802,#11803));
#11782 = ORIENTED_EDGE('',*,*,#3088,.F.);
#11783 = ORIENTED_EDGE('',*,*,#11784,.F.);
#11784 = EDGE_CURVE('',#7904,#3060,#11785,.T.);
#11785 = SURFACE_CURVE('',#11786,(#11790,#11796),.PCURVE_S1.);
#11786 = LINE('',#11787,#11788);
#11787 = CARTESIAN_POINT('',(-31.75062822274,-14.72744402336,0.));
#11788 = VECTOR('',#11789,1.);
#11789 = DIRECTION('',(-0.,-0.,-1.));
#11790 = PCURVE('',#3105,#11791);
#11791 = DEFINITIONAL_REPRESENTATION('',(#11792),#11795);
#11792 = B_SPLINE_CURVE_WITH_KNOTS('',1,(#11793,#11794),.UNSPECIFIED.,
  .F.,.F.,(2,2),(-4.6000006,6.E-07),.PIECEWISE_BEZIER_KNOTS.);
#11793 = CARTESIAN_POINT('',(-3.575902162147,-4.6000006));
#11794 = CARTESIAN_POINT('',(-3.575902162147,6.E-07));
#11795 = ( GEOMETRIC_REPRESENTATION_CONTEXT(2) 
PARAMETRIC_REPRESENTATION_CONTEXT() REPRESENTATION_CONTEXT('2D SPACE',''
  ) );
#11796 = PCURVE('',#3076,#11797);
#11797 = DEFINITIONAL_REPRESENTATION('',(#11798),#11801);
#11798 = B_SPLINE_CURVE_WITH_KNOTS('',1,(#11799,#11800),.UNSPECIFIED.,
  .F.,.F.,(2,2),(-4.6,0.),.PIECEWISE_BEZIER_KNOTS.);
#11799 = CARTESIAN_POINT('',(-5.321812878839,-4.6));
#11800 = CARTESIAN_POINT('',(-5.321812878839,0.));
#11801 = ( GEOMETRIC_REPRESENTATION_CONTEXT(2) 
PARAMETRIC_REPRESENTATION_CONTEXT() REPRESENTATION_CONTEXT('2D SPACE',''
  ) );
#11802 = ORIENTED_EDGE('',*,*,#7931,.T.);
#11803 = ORIENTED_EDGE('',*,*,#11759,.T.);
#11804 = ADVANCED_FACE('',(#11805),#3076,.F.);
#11805 = FACE_BOUND('',#11806,.T.);
#11806 = EDGE_LOOP('',(#11807,#11808,#11827,#11828));
#11807 = ORIENTED_EDGE('',*,*,#7903,.F.);
#11808 = ORIENTED_EDGE('',*,*,#11809,.T.);
#11809 = EDGE_CURVE('',#7880,#3031,#11810,.T.);
#11810 = SURFACE_CURVE('',#11811,(#11815,#11821),.PCURVE_S1.);
#11811 = LINE('',#11812,#11813);
#11812 = CARTESIAN_POINT('',(-32.18994093342,-13.74073151991,0.));
#11813 = VECTOR('',#11814,1.);
#11814 = DIRECTION('',(-0.,-0.,-1.));
#11815 = PCURVE('',#3076,#11816);
#11816 = DEFINITIONAL_REPRESENTATION('',(#11817),#11820);
#11817 = B_SPLINE_CURVE_WITH_KNOTS('',1,(#11818,#11819),.UNSPECIFIED.,
  .F.,.F.,(2,2),(-4.6,0.),.PIECEWISE_BEZIER_KNOTS.);
#11818 = CARTESIAN_POINT('',(-8.082315776478,-4.6));
#11819 = CARTESIAN_POINT('',(-8.082315776478,0.));
#11820 = ( GEOMETRIC_REPRESENTATION_CONTEXT(2) 
PARAMETRIC_REPRESENTATION_CONTEXT() REPRESENTATION_CONTEXT('2D SPACE',''
  ) );
#11821 = PCURVE('',#3047,#11822);
#11822 = DEFINITIONAL_REPRESENTATION('',(#11823),#11826);
#11823 = B_SPLINE_CURVE_WITH_KNOTS('',1,(#11824,#11825),.UNSPECIFIED.,
  .F.,.F.,(2,2),(-4.6000006,6.E-07),.PIECEWISE_BEZIER_KNOTS.);
#11824 = CARTESIAN_POINT('',(-3.545041185989,-4.6000006));
#11825 = CARTESIAN_POINT('',(-3.545041185989,6.E-07));
#11826 = ( GEOMETRIC_REPRESENTATION_CONTEXT(2) 
PARAMETRIC_REPRESENTATION_CONTEXT() REPRESENTATION_CONTEXT('2D SPACE',''
  ) );
#11827 = ORIENTED_EDGE('',*,*,#3059,.F.);
#11828 = ORIENTED_EDGE('',*,*,#11784,.F.);
#11829 = ADVANCED_FACE('',(#11830),#3047,.T.);
#11830 = FACE_BOUND('',#11831,.F.);
#11831 = EDGE_LOOP('',(#11832,#11833,#11852,#11853));
#11832 = ORIENTED_EDGE('',*,*,#3030,.F.);
#11833 = ORIENTED_EDGE('',*,*,#11834,.F.);
#11834 = EDGE_CURVE('',#7852,#3002,#11835,.T.);
#11835 = SURFACE_CURVE('',#11836,(#11840,#11846),.PCURVE_S1.);
#11836 = LINE('',#11837,#11838);
#11837 = CARTESIAN_POINT('',(-32.7006198505,-12.47675684594,0.));
#11838 = VECTOR('',#11839,1.);
#11839 = DIRECTION('',(-0.,-0.,-1.));
#11840 = PCURVE('',#3047,#11841);
#11841 = DEFINITIONAL_REPRESENTATION('',(#11842),#11845);
#11842 = B_SPLINE_CURVE_WITH_KNOTS('',1,(#11843,#11844),.UNSPECIFIED.,
  .F.,.F.,(2,2),(-4.6000006,6.E-07),.PIECEWISE_BEZIER_KNOTS.);
#11843 = CARTESIAN_POINT('',(-3.506088992068,-4.6000006));
#11844 = CARTESIAN_POINT('',(-3.506088992068,6.E-07));
#11845 = ( GEOMETRIC_REPRESENTATION_CONTEXT(2) 
PARAMETRIC_REPRESENTATION_CONTEXT() REPRESENTATION_CONTEXT('2D SPACE',''
  ) );
#11846 = PCURVE('',#3018,#11847);
#11847 = DEFINITIONAL_REPRESENTATION('',(#11848),#11851);
#11848 = B_SPLINE_CURVE_WITH_KNOTS('',1,(#11849,#11850),.UNSPECIFIED.,
  .F.,.F.,(2,2),(-4.6,0.),.PIECEWISE_BEZIER_KNOTS.);
#11849 = CARTESIAN_POINT('',(-5.251999708759,-4.6));
#11850 = CARTESIAN_POINT('',(-5.251999708759,0.));
#11851 = ( GEOMETRIC_REPRESENTATION_CONTEXT(2) 
PARAMETRIC_REPRESENTATION_CONTEXT() REPRESENTATION_CONTEXT('2D SPACE',''
  ) );
#11852 = ORIENTED_EDGE('',*,*,#7879,.T.);
#11853 = ORIENTED_EDGE('',*,*,#11809,.T.);
#11854 = ADVANCED_FACE('',(#11855),#3018,.F.);
#11855 = FACE_BOUND('',#11856,.T.);
#11856 = EDGE_LOOP('',(#11857,#11858,#11877,#11878));
#11857 = ORIENTED_EDGE('',*,*,#7851,.F.);
#11858 = ORIENTED_EDGE('',*,*,#11859,.T.);
#11859 = EDGE_CURVE('',#7828,#2973,#11860,.T.);
#11860 = SURFACE_CURVE('',#11861,(#11865,#11871),.PCURVE_S1.);
#11861 = LINE('',#11862,#11863);
#11862 = CARTESIAN_POINT('',(-33.07003283266,-11.46180301899,0.));
#11863 = VECTOR('',#11864,1.);
#11864 = DIRECTION('',(-0.,-0.,-1.));
#11865 = PCURVE('',#3018,#11866);
#11866 = DEFINITIONAL_REPRESENTATION('',(#11867),#11870);
#11867 = B_SPLINE_CURVE_WITH_KNOTS('',1,(#11868,#11869),.UNSPECIFIED.,
  .F.,.F.,(2,2),(-4.6,0.),.PIECEWISE_BEZIER_KNOTS.);
#11868 = CARTESIAN_POINT('',(-8.012502606398,-4.6));
#11869 = CARTESIAN_POINT('',(-8.012502606398,0.));
#11870 = ( GEOMETRIC_REPRESENTATION_CONTEXT(2) 
PARAMETRIC_REPRESENTATION_CONTEXT() REPRESENTATION_CONTEXT('2D SPACE',''
  ) );
#11871 = PCURVE('',#2989,#11872);
#11872 = DEFINITIONAL_REPRESENTATION('',(#11873),#11876);
#11873 = B_SPLINE_CURVE_WITH_KNOTS('',1,(#11874,#11875),.UNSPECIFIED.,
  .F.,.F.,(2,2),(-4.6000006,6.E-07),.PIECEWISE_BEZIER_KNOTS.);
#11874 = CARTESIAN_POINT('',(-3.47522801591,-4.6000006));
#11875 = CARTESIAN_POINT('',(-3.47522801591,6.E-07));
#11876 = ( GEOMETRIC_REPRESENTATION_CONTEXT(2) 
PARAMETRIC_REPRESENTATION_CONTEXT() REPRESENTATION_CONTEXT('2D SPACE',''
  ) );
#11877 = ORIENTED_EDGE('',*,*,#3001,.F.);
#11878 = ORIENTED_EDGE('',*,*,#11834,.F.);
#11879 = ADVANCED_FACE('',(#11880),#2989,.T.);
#11880 = FACE_BOUND('',#11881,.F.);
#11881 = EDGE_LOOP('',(#11882,#11883,#11902,#11903));
#11882 = ORIENTED_EDGE('',*,*,#2972,.F.);
#11883 = ORIENTED_EDGE('',*,*,#11884,.F.);
#11884 = EDGE_CURVE('',#7800,#2944,#11885,.T.);
#11885 = SURFACE_CURVE('',#11886,(#11890,#11896),.PCURVE_S1.);
#11886 = LINE('',#11887,#11888);
#11887 = CARTESIAN_POINT('',(-33.49129734541,-10.16528416332,0.));
#11888 = VECTOR('',#11889,1.);
#11889 = DIRECTION('',(-0.,-0.,-1.));
#11890 = PCURVE('',#2989,#11891);
#11891 = DEFINITIONAL_REPRESENTATION('',(#11892),#11895);
#11892 = B_SPLINE_CURVE_WITH_KNOTS('',1,(#11893,#11894),.UNSPECIFIED.,
  .F.,.F.,(2,2),(-4.6000006,6.E-07),.PIECEWISE_BEZIER_KNOTS.);
#11893 = CARTESIAN_POINT('',(-3.436275821988,-4.6000006));
#11894 = CARTESIAN_POINT('',(-3.436275821988,6.E-07));
#11895 = ( GEOMETRIC_REPRESENTATION_CONTEXT(2) 
PARAMETRIC_REPRESENTATION_CONTEXT() REPRESENTATION_CONTEXT('2D SPACE',''
  ) );
#11896 = PCURVE('',#2960,#11897);
#11897 = DEFINITIONAL_REPRESENTATION('',(#11898),#11901);
#11898 = B_SPLINE_CURVE_WITH_KNOTS('',1,(#11899,#11900),.UNSPECIFIED.,
  .F.,.F.,(2,2),(-4.6,0.),.PIECEWISE_BEZIER_KNOTS.);
#11899 = CARTESIAN_POINT('',(-5.182186538679,-4.6));
#11900 = CARTESIAN_POINT('',(-5.182186538679,0.));
#11901 = ( GEOMETRIC_REPRESENTATION_CONTEXT(2) 
PARAMETRIC_REPRESENTATION_CONTEXT() REPRESENTATION_CONTEXT('2D SPACE',''
  ) );
#11902 = ORIENTED_EDGE('',*,*,#7827,.T.);
#11903 = ORIENTED_EDGE('',*,*,#11859,.T.);
#11904 = ADVANCED_FACE('',(#11905),#2960,.F.);
#11905 = FACE_BOUND('',#11906,.T.);
#11906 = EDGE_LOOP('',(#11907,#11908,#11927,#11928));
#11907 = ORIENTED_EDGE('',*,*,#7799,.F.);
#11908 = ORIENTED_EDGE('',*,*,#11909,.T.);
#11909 = EDGE_CURVE('',#7776,#2915,#11910,.T.);
#11910 = SURFACE_CURVE('',#11911,(#11915,#11921),.PCURVE_S1.);
#11911 = LINE('',#11912,#11913);
#11912 = CARTESIAN_POINT('',(-33.78901085613,-9.1270337659,0.));
#11913 = VECTOR('',#11914,1.);
#11914 = DIRECTION('',(-0.,-0.,-1.));
#11915 = PCURVE('',#2960,#11916);
#11916 = DEFINITIONAL_REPRESENTATION('',(#11917),#11920);
#11917 = B_SPLINE_CURVE_WITH_KNOTS('',1,(#11918,#11919),.UNSPECIFIED.,
  .F.,.F.,(2,2),(-4.6,0.),.PIECEWISE_BEZIER_KNOTS.);
#11918 = CARTESIAN_POINT('',(-7.942689436318,-4.6));
#11919 = CARTESIAN_POINT('',(-7.942689436318,0.));
#11920 = ( GEOMETRIC_REPRESENTATION_CONTEXT(2) 
PARAMETRIC_REPRESENTATION_CONTEXT() REPRESENTATION_CONTEXT('2D SPACE',''
  ) );
#11921 = PCURVE('',#2931,#11922);
#11922 = DEFINITIONAL_REPRESENTATION('',(#11923),#11926);
#11923 = B_SPLINE_CURVE_WITH_KNOTS('',1,(#11924,#11925),.UNSPECIFIED.,
  .F.,.F.,(2,2),(-4.6000006,6.E-07),.PIECEWISE_BEZIER_KNOTS.);
#11924 = CARTESIAN_POINT('',(-3.40541484583,-4.6000006));
#11925 = CARTESIAN_POINT('',(-3.40541484583,6.E-07));
#11926 = ( GEOMETRIC_REPRESENTATION_CONTEXT(2) 
PARAMETRIC_REPRESENTATION_CONTEXT() REPRESENTATION_CONTEXT('2D SPACE',''
  ) );
#11927 = ORIENTED_EDGE('',*,*,#2943,.F.);
#11928 = ORIENTED_EDGE('',*,*,#11884,.F.);
#11929 = ADVANCED_FACE('',(#11930),#2931,.T.);
#11930 = FACE_BOUND('',#11931,.F.);
#11931 = EDGE_LOOP('',(#11932,#11933,#11952,#11953));
#11932 = ORIENTED_EDGE('',*,*,#2914,.F.);
#11933 = ORIENTED_EDGE('',*,*,#11934,.F.);
#11934 = EDGE_CURVE('',#7748,#2886,#11935,.T.);
#11935 = SURFACE_CURVE('',#11936,(#11940,#11946),.PCURVE_S1.);
#11936 = LINE('',#11937,#11938);
#11937 = CARTESIAN_POINT('',(-34.11880860618,-7.804287238077,0.));
#11938 = VECTOR('',#11939,1.);
#11939 = DIRECTION('',(-0.,-0.,-1.));
#11940 = PCURVE('',#2931,#11941);
#11941 = DEFINITIONAL_REPRESENTATION('',(#11942),#11945);
#11942 = B_SPLINE_CURVE_WITH_KNOTS('',1,(#11943,#11944),.UNSPECIFIED.,
  .F.,.F.,(2,2),(-4.6000006,6.E-07),.PIECEWISE_BEZIER_KNOTS.);
#11943 = CARTESIAN_POINT('',(-3.366462651908,-4.6000006));
#11944 = CARTESIAN_POINT('',(-3.366462651908,6.E-07));
#11945 = ( GEOMETRIC_REPRESENTATION_CONTEXT(2) 
PARAMETRIC_REPRESENTATION_CONTEXT() REPRESENTATION_CONTEXT('2D SPACE',''
  ) );
#11946 = PCURVE('',#2902,#11947);
#11947 = DEFINITIONAL_REPRESENTATION('',(#11948),#11951);
#11948 = B_SPLINE_CURVE_WITH_KNOTS('',1,(#11949,#11950),.UNSPECIFIED.,
  .F.,.F.,(2,2),(-4.6,0.),.PIECEWISE_BEZIER_KNOTS.);
#11949 = CARTESIAN_POINT('',(-5.112373368599,-4.6));
#11950 = CARTESIAN_POINT('',(-5.112373368599,0.));
#11951 = ( GEOMETRIC_REPRESENTATION_CONTEXT(2) 
PARAMETRIC_REPRESENTATION_CONTEXT() REPRESENTATION_CONTEXT('2D SPACE',''
  ) );
#11952 = ORIENTED_EDGE('',*,*,#7775,.T.);
#11953 = ORIENTED_EDGE('',*,*,#11909,.T.);
#11954 = ADVANCED_FACE('',(#11955),#2902,.F.);
#11955 = FACE_BOUND('',#11956,.T.);
#11956 = EDGE_LOOP('',(#11957,#11958,#11977,#11978));
#11957 = ORIENTED_EDGE('',*,*,#7747,.F.);
#11958 = ORIENTED_EDGE('',*,*,#11959,.T.);
#11959 = EDGE_CURVE('',#7724,#2857,#11960,.T.);
#11960 = SURFACE_CURVE('',#11961,(#11965,#11971),.PCURVE_S1.);
#11961 = LINE('',#11962,#11963);
#11962 = CARTESIAN_POINT('',(-34.34337221517,-6.747798521743,0.));
#11963 = VECTOR('',#11964,1.);
#11964 = DIRECTION('',(-0.,-0.,-1.));
#11965 = PCURVE('',#2902,#11966);
#11966 = DEFINITIONAL_REPRESENTATION('',(#11967),#11970);
#11967 = B_SPLINE_CURVE_WITH_KNOTS('',1,(#11968,#11969),.UNSPECIFIED.,
  .F.,.F.,(2,2),(-4.6,0.),.PIECEWISE_BEZIER_KNOTS.);
#11968 = CARTESIAN_POINT('',(-7.872876266239,-4.6));
#11969 = CARTESIAN_POINT('',(-7.872876266239,0.));
#11970 = ( GEOMETRIC_REPRESENTATION_CONTEXT(2) 
PARAMETRIC_REPRESENTATION_CONTEXT() REPRESENTATION_CONTEXT('2D SPACE',''
  ) );
#11971 = PCURVE('',#2873,#11972);
#11972 = DEFINITIONAL_REPRESENTATION('',(#11973),#11976);
#11973 = B_SPLINE_CURVE_WITH_KNOTS('',1,(#11974,#11975),.UNSPECIFIED.,
  .F.,.F.,(2,2),(-4.6000006,6.E-07),.PIECEWISE_BEZIER_KNOTS.);
#11974 = CARTESIAN_POINT('',(-3.33560167575,-4.6000006));
#11975 = CARTESIAN_POINT('',(-3.33560167575,6.E-07));
#11976 = ( GEOMETRIC_REPRESENTATION_CONTEXT(2) 
PARAMETRIC_REPRESENTATION_CONTEXT() REPRESENTATION_CONTEXT('2D SPACE',''
  ) );
#11977 = ORIENTED_EDGE('',*,*,#2885,.F.);
#11978 = ORIENTED_EDGE('',*,*,#11934,.F.);
#11979 = ADVANCED_FACE('',(#11980),#2873,.T.);
#11980 = FACE_BOUND('',#11981,.F.);
#11981 = EDGE_LOOP('',(#11982,#11983,#12002,#12003));
#11982 = ORIENTED_EDGE('',*,*,#2856,.F.);
#11983 = ORIENTED_EDGE('',*,*,#11984,.F.);
#11984 = EDGE_CURVE('',#7696,#2828,#11985,.T.);
#11985 = SURFACE_CURVE('',#11986,(#11990,#11996),.PCURVE_S1.);
#11986 = LINE('',#11987,#11988);
#11987 = CARTESIAN_POINT('',(-34.58009646104,-5.405268609889,0.));
#11988 = VECTOR('',#11989,1.);
#11989 = DIRECTION('',(-0.,-0.,-1.));
#11990 = PCURVE('',#2873,#11991);
#11991 = DEFINITIONAL_REPRESENTATION('',(#11992),#11995);
#11992 = B_SPLINE_CURVE_WITH_KNOTS('',1,(#11993,#11994),.UNSPECIFIED.,
  .F.,.F.,(2,2),(-4.6000006,6.E-07),.PIECEWISE_BEZIER_KNOTS.);
#11993 = CARTESIAN_POINT('',(-3.296649481828,-4.6000006));
#11994 = CARTESIAN_POINT('',(-3.296649481828,6.E-07));
#11995 = ( GEOMETRIC_REPRESENTATION_CONTEXT(2) 
PARAMETRIC_REPRESENTATION_CONTEXT() REPRESENTATION_CONTEXT('2D SPACE',''
  ) );
#11996 = PCURVE('',#2844,#11997);
#11997 = DEFINITIONAL_REPRESENTATION('',(#11998),#12001);
#11998 = B_SPLINE_CURVE_WITH_KNOTS('',1,(#11999,#12000),.UNSPECIFIED.,
  .F.,.F.,(2,2),(-4.6,0.),.PIECEWISE_BEZIER_KNOTS.);
#11999 = CARTESIAN_POINT('',(-5.042560198519,-4.6));
#12000 = CARTESIAN_POINT('',(-5.042560198519,0.));
#12001 = ( GEOMETRIC_REPRESENTATION_CONTEXT(2) 
PARAMETRIC_REPRESENTATION_CONTEXT() REPRESENTATION_CONTEXT('2D SPACE',''
  ) );
#12002 = ORIENTED_EDGE('',*,*,#7723,.T.);
#12003 = ORIENTED_EDGE('',*,*,#11959,.T.);
#12004 = ADVANCED_FACE('',(#12005),#2844,.F.);
#12005 = FACE_BOUND('',#12006,.T.);
#12006 = EDGE_LOOP('',(#12007,#12008,#12027,#12028));
#12007 = ORIENTED_EDGE('',*,*,#7695,.F.);
#12008 = ORIENTED_EDGE('',*,*,#12009,.T.);
#12009 = EDGE_CURVE('',#7672,#2799,#12010,.T.);
#12010 = SURFACE_CURVE('',#12011,(#12015,#12021),.PCURVE_S1.);
#12011 = LINE('',#12012,#12013);
#12012 = CARTESIAN_POINT('',(-34.73041611696,-4.335688681475,0.));
#12013 = VECTOR('',#12014,1.);
#12014 = DIRECTION('',(-0.,-0.,-1.));
#12015 = PCURVE('',#2844,#12016);
#12016 = DEFINITIONAL_REPRESENTATION('',(#12017),#12020);
#12017 = B_SPLINE_CURVE_WITH_KNOTS('',1,(#12018,#12019),.UNSPECIFIED.,
  .F.,.F.,(2,2),(-4.6,0.),.PIECEWISE_BEZIER_KNOTS.);
#12018 = CARTESIAN_POINT('',(-7.803063096159,-4.6));
#12019 = CARTESIAN_POINT('',(-7.803063096159,0.));
#12020 = ( GEOMETRIC_REPRESENTATION_CONTEXT(2) 
PARAMETRIC_REPRESENTATION_CONTEXT() REPRESENTATION_CONTEXT('2D SPACE',''
  ) );
#12021 = PCURVE('',#2815,#12022);
#12022 = DEFINITIONAL_REPRESENTATION('',(#12023),#12026);
#12023 = B_SPLINE_CURVE_WITH_KNOTS('',1,(#12024,#12025),.UNSPECIFIED.,
  .F.,.F.,(2,2),(-4.6000006,6.E-07),.PIECEWISE_BEZIER_KNOTS.);
#12024 = CARTESIAN_POINT('',(-3.26578850567,-4.6000006));
#12025 = CARTESIAN_POINT('',(-3.26578850567,6.E-07));
#12026 = ( GEOMETRIC_REPRESENTATION_CONTEXT(2) 
PARAMETRIC_REPRESENTATION_CONTEXT() REPRESENTATION_CONTEXT('2D SPACE',''
  ) );
#12027 = ORIENTED_EDGE('',*,*,#2827,.F.);
#12028 = ORIENTED_EDGE('',*,*,#11984,.F.);
#12029 = ADVANCED_FACE('',(#12030),#2815,.T.);
#12030 = FACE_BOUND('',#12031,.F.);
#12031 = EDGE_LOOP('',(#12032,#12033,#12052,#12053));
#12032 = ORIENTED_EDGE('',*,*,#2798,.F.);
#12033 = ORIENTED_EDGE('',*,*,#12034,.F.);
#12034 = EDGE_CURVE('',#7644,#2770,#12035,.T.);
#12035 = SURFACE_CURVE('',#12036,(#12040,#12046),.PCURVE_S1.);
#12036 = LINE('',#12037,#12038);
#12037 = CARTESIAN_POINT('',(-34.87291356191,-2.979916056369,0.));
#12038 = VECTOR('',#12039,1.);
#12039 = DIRECTION('',(-0.,-0.,-1.));
#12040 = PCURVE('',#2815,#12041);
#12041 = DEFINITIONAL_REPRESENTATION('',(#12042),#12045);
#12042 = B_SPLINE_CURVE_WITH_KNOTS('',1,(#12043,#12044),.UNSPECIFIED.,
  .F.,.F.,(2,2),(-4.6000006,6.E-07),.PIECEWISE_BEZIER_KNOTS.);
#12043 = CARTESIAN_POINT('',(-3.226836311749,-4.6000006));
#12044 = CARTESIAN_POINT('',(-3.226836311749,6.E-07));
#12045 = ( GEOMETRIC_REPRESENTATION_CONTEXT(2) 
PARAMETRIC_REPRESENTATION_CONTEXT() REPRESENTATION_CONTEXT('2D SPACE',''
  ) );
#12046 = PCURVE('',#2786,#12047);
#12047 = DEFINITIONAL_REPRESENTATION('',(#12048),#12051);
#12048 = B_SPLINE_CURVE_WITH_KNOTS('',1,(#12049,#12050),.UNSPECIFIED.,
  .F.,.F.,(2,2),(-4.6,0.),.PIECEWISE_BEZIER_KNOTS.);
#12049 = CARTESIAN_POINT('',(-4.97274702844,-4.6));
#12050 = CARTESIAN_POINT('',(-4.97274702844,0.));
#12051 = ( GEOMETRIC_REPRESENTATION_CONTEXT(2) 
PARAMETRIC_REPRESENTATION_CONTEXT() REPRESENTATION_CONTEXT('2D SPACE',''
  ) );
#12052 = ORIENTED_EDGE('',*,*,#7671,.T.);
#12053 = ORIENTED_EDGE('',*,*,#12009,.T.);
#12054 = ADVANCED_FACE('',(#12055),#2786,.F.);
#12055 = FACE_BOUND('',#12056,.T.);
#12056 = EDGE_LOOP('',(#12057,#12058,#12077,#12078));
#12057 = ORIENTED_EDGE('',*,*,#7643,.F.);
#12058 = ORIENTED_EDGE('',*,*,#12059,.T.);
#12059 = EDGE_CURVE('',#7620,#2741,#12060,.T.);
#12060 = SURFACE_CURVE('',#12061,(#12065,#12071),.PCURVE_S1.);
#12061 = LINE('',#12062,#12063);
#12062 = CARTESIAN_POINT('',(-34.94825692251,-1.902455801772,0.));
#12063 = VECTOR('',#12064,1.);
#12064 = DIRECTION('',(-0.,-0.,-1.));
#12065 = PCURVE('',#2786,#12066);
#12066 = DEFINITIONAL_REPRESENTATION('',(#12067),#12070);
#12067 = B_SPLINE_CURVE_WITH_KNOTS('',1,(#12068,#12069),.UNSPECIFIED.,
  .F.,.F.,(2,2),(-4.6,-0.),.PIECEWISE_BEZIER_KNOTS.);
#12068 = CARTESIAN_POINT('',(-7.733249926079,-4.6));
#12069 = CARTESIAN_POINT('',(-7.733249926079,0.));
#12070 = ( GEOMETRIC_REPRESENTATION_CONTEXT(2) 
PARAMETRIC_REPRESENTATION_CONTEXT() REPRESENTATION_CONTEXT('2D SPACE',''
  ) );
#12071 = PCURVE('',#2757,#12072);
#12072 = DEFINITIONAL_REPRESENTATION('',(#12073),#12076);
#12073 = B_SPLINE_CURVE_WITH_KNOTS('',1,(#12074,#12075),.UNSPECIFIED.,
  .F.,.F.,(2,2),(-4.6000006,6.E-07),.PIECEWISE_BEZIER_KNOTS.);
#12074 = CARTESIAN_POINT('',(-3.195975335591,-4.6000006));
#12075 = CARTESIAN_POINT('',(-3.195975335591,6.E-07));
#12076 = ( GEOMETRIC_REPRESENTATION_CONTEXT(2) 
PARAMETRIC_REPRESENTATION_CONTEXT() REPRESENTATION_CONTEXT('2D SPACE',''
  ) );
#12077 = ORIENTED_EDGE('',*,*,#2769,.F.);
#12078 = ORIENTED_EDGE('',*,*,#12034,.F.);
#12079 = ADVANCED_FACE('',(#12080),#2757,.T.);
#12080 = FACE_BOUND('',#12081,.F.);
#12081 = EDGE_LOOP('',(#12082,#12083,#12102,#12103));
#12082 = ORIENTED_EDGE('',*,*,#2740,.F.);
#12083 = ORIENTED_EDGE('',*,*,#12084,.F.);
#12084 = EDGE_CURVE('',#7592,#2712,#12085,.T.);
#12085 = SURFACE_CURVE('',#12086,(#12090,#12096),.PCURVE_S1.);
#12086 = LINE('',#12087,#12088);
#12087 = CARTESIAN_POINT('',(-34.99583333333,-0.540045651362,0.));
#12088 = VECTOR('',#12089,1.);
#12089 = DIRECTION('',(-0.,-0.,-1.));
#12090 = PCURVE('',#2757,#12091);
#12091 = DEFINITIONAL_REPRESENTATION('',(#12092),#12095);
#12092 = B_SPLINE_CURVE_WITH_KNOTS('',1,(#12093,#12094),.UNSPECIFIED.,
  .F.,.F.,(2,2),(-4.6000006,6.E-07),.PIECEWISE_BEZIER_KNOTS.);
#12093 = CARTESIAN_POINT('',(-3.157023141669,-4.6000006));
#12094 = CARTESIAN_POINT('',(-3.157023141669,6.E-07));
#12095 = ( GEOMETRIC_REPRESENTATION_CONTEXT(2) 
PARAMETRIC_REPRESENTATION_CONTEXT() REPRESENTATION_CONTEXT('2D SPACE',''
  ) );
#12096 = PCURVE('',#2728,#12097);
#12097 = DEFINITIONAL_REPRESENTATION('',(#12098),#12101);
#12098 = B_SPLINE_CURVE_WITH_KNOTS('',1,(#12099,#12100),.UNSPECIFIED.,
  .F.,.F.,(2,2),(-4.6,0.),.PIECEWISE_BEZIER_KNOTS.);
#12099 = CARTESIAN_POINT('',(-4.90293385836,-4.6));
#12100 = CARTESIAN_POINT('',(-4.90293385836,0.));
#12101 = ( GEOMETRIC_REPRESENTATION_CONTEXT(2) 
PARAMETRIC_REPRESENTATION_CONTEXT() REPRESENTATION_CONTEXT('2D SPACE',''
  ) );
#12102 = ORIENTED_EDGE('',*,*,#7619,.T.);
#12103 = ORIENTED_EDGE('',*,*,#12059,.T.);
#12104 = ADVANCED_FACE('',(#12105),#2728,.F.);
#12105 = FACE_BOUND('',#12106,.T.);
#12106 = EDGE_LOOP('',(#12107,#12108,#12127,#12128));
#12107 = ORIENTED_EDGE('',*,*,#7591,.F.);
#12108 = ORIENTED_EDGE('',*,*,#12109,.T.);
#12109 = EDGE_CURVE('',#7568,#2683,#12110,.T.);
#12110 = SURFACE_CURVE('',#12111,(#12115,#12121),.PCURVE_S1.);
#12111 = LINE('',#12112,#12113);
#12112 = CARTESIAN_POINT('',(-34.99583333333,0.540045651362,0.));
#12113 = VECTOR('',#12114,1.);
#12114 = DIRECTION('',(-0.,-0.,-1.));
#12115 = PCURVE('',#2728,#12116);
#12116 = DEFINITIONAL_REPRESENTATION('',(#12117),#12120);
#12117 = B_SPLINE_CURVE_WITH_KNOTS('',1,(#12118,#12119),.UNSPECIFIED.,
  .F.,.F.,(2,2),(-4.6,0.),.PIECEWISE_BEZIER_KNOTS.);
#12118 = CARTESIAN_POINT('',(-7.663436755999,-4.6));
#12119 = CARTESIAN_POINT('',(-7.663436755999,0.));
#12120 = ( GEOMETRIC_REPRESENTATION_CONTEXT(2) 
PARAMETRIC_REPRESENTATION_CONTEXT() REPRESENTATION_CONTEXT('2D SPACE',''
  ) );
#12121 = PCURVE('',#2699,#12122);
#12122 = DEFINITIONAL_REPRESENTATION('',(#12123),#12126);
#12123 = B_SPLINE_CURVE_WITH_KNOTS('',1,(#12124,#12125),.UNSPECIFIED.,
  .F.,.F.,(2,2),(-4.6000006,6.E-07),.PIECEWISE_BEZIER_KNOTS.);
#12124 = CARTESIAN_POINT('',(-3.126162165511,-4.6000006));
#12125 = CARTESIAN_POINT('',(-3.126162165511,6.E-07));
#12126 = ( GEOMETRIC_REPRESENTATION_CONTEXT(2) 
PARAMETRIC_REPRESENTATION_CONTEXT() REPRESENTATION_CONTEXT('2D SPACE',''
  ) );
#12127 = ORIENTED_EDGE('',*,*,#2711,.F.);
#12128 = ORIENTED_EDGE('',*,*,#12084,.F.);
#12129 = ADVANCED_FACE('',(#12130),#2699,.T.);
#12130 = FACE_BOUND('',#12131,.F.);
#12131 = EDGE_LOOP('',(#12132,#12133,#12152,#12153));
#12132 = ORIENTED_EDGE('',*,*,#2682,.F.);
#12133 = ORIENTED_EDGE('',*,*,#12134,.F.);
#12134 = EDGE_CURVE('',#7540,#2654,#12135,.T.);
#12135 = SURFACE_CURVE('',#12136,(#12140,#12146),.PCURVE_S1.);
#12136 = LINE('',#12137,#12138);
#12137 = CARTESIAN_POINT('',(-34.94825692251,1.902455801772,0.));
#12138 = VECTOR('',#12139,1.);
#12139 = DIRECTION('',(-0.,-0.,-1.));
#12140 = PCURVE('',#2699,#12141);
#12141 = DEFINITIONAL_REPRESENTATION('',(#12142),#12145);
#12142 = B_SPLINE_CURVE_WITH_KNOTS('',1,(#12143,#12144),.UNSPECIFIED.,
  .F.,.F.,(2,2),(-4.6000006,6.E-07),.PIECEWISE_BEZIER_KNOTS.);
#12143 = CARTESIAN_POINT('',(-3.087209971589,-4.6000006));
#12144 = CARTESIAN_POINT('',(-3.087209971589,6.E-07));
#12145 = ( GEOMETRIC_REPRESENTATION_CONTEXT(2) 
PARAMETRIC_REPRESENTATION_CONTEXT() REPRESENTATION_CONTEXT('2D SPACE',''
  ) );
#12146 = PCURVE('',#2670,#12147);
#12147 = DEFINITIONAL_REPRESENTATION('',(#12148),#12151);
#12148 = B_SPLINE_CURVE_WITH_KNOTS('',1,(#12149,#12150),.UNSPECIFIED.,
  .F.,.F.,(2,2),(-4.6,0.),.PIECEWISE_BEZIER_KNOTS.);
#12149 = CARTESIAN_POINT('',(-4.83312068828,-4.6));
#12150 = CARTESIAN_POINT('',(-4.83312068828,0.));
#12151 = ( GEOMETRIC_REPRESENTATION_CONTEXT(2) 
PARAMETRIC_REPRESENTATION_CONTEXT() REPRESENTATION_CONTEXT('2D SPACE',''
  ) );
#12152 = ORIENTED_EDGE('',*,*,#7567,.T.);
#12153 = ORIENTED_EDGE('',*,*,#12109,.T.);
#12154 = ADVANCED_FACE('',(#12155),#2670,.F.);
#12155 = FACE_BOUND('',#12156,.T.);
#12156 = EDGE_LOOP('',(#12157,#12158,#12177,#12178));
#12157 = ORIENTED_EDGE('',*,*,#7539,.F.);
#12158 = ORIENTED_EDGE('',*,*,#12159,.T.);
#12159 = EDGE_CURVE('',#7516,#2625,#12160,.T.);
#12160 = SURFACE_CURVE('',#12161,(#12165,#12171),.PCURVE_S1.);
#12161 = LINE('',#12162,#12163);
#12162 = CARTESIAN_POINT('',(-34.87291356191,2.979916056369,0.));
#12163 = VECTOR('',#12164,1.);
#12164 = DIRECTION('',(-0.,-0.,-1.));
#12165 = PCURVE('',#2670,#12166);
#12166 = DEFINITIONAL_REPRESENTATION('',(#12167),#12170);
#12167 = B_SPLINE_CURVE_WITH_KNOTS('',1,(#12168,#12169),.UNSPECIFIED.,
  .F.,.F.,(2,2),(-4.6,-0.),.PIECEWISE_BEZIER_KNOTS.);
#12168 = CARTESIAN_POINT('',(-7.59362358592,-4.6));
#12169 = CARTESIAN_POINT('',(-7.59362358592,0.));
#12170 = ( GEOMETRIC_REPRESENTATION_CONTEXT(2) 
PARAMETRIC_REPRESENTATION_CONTEXT() REPRESENTATION_CONTEXT('2D SPACE',''
  ) );
#12171 = PCURVE('',#2641,#12172);
#12172 = DEFINITIONAL_REPRESENTATION('',(#12173),#12176);
#12173 = B_SPLINE_CURVE_WITH_KNOTS('',1,(#12174,#12175),.UNSPECIFIED.,
  .F.,.F.,(2,2),(-4.6000006,6.E-07),.PIECEWISE_BEZIER_KNOTS.);
#12174 = CARTESIAN_POINT('',(-3.056348995431,-4.6000006));
#12175 = CARTESIAN_POINT('',(-3.056348995431,6.E-07));
#12176 = ( GEOMETRIC_REPRESENTATION_CONTEXT(2) 
PARAMETRIC_REPRESENTATION_CONTEXT() REPRESENTATION_CONTEXT('2D SPACE',''
  ) );
#12177 = ORIENTED_EDGE('',*,*,#2653,.F.);
#12178 = ORIENTED_EDGE('',*,*,#12134,.F.);
#12179 = ADVANCED_FACE('',(#12180),#2641,.T.);
#12180 = FACE_BOUND('',#12181,.F.);
#12181 = EDGE_LOOP('',(#12182,#12183,#12202,#12203));
#12182 = ORIENTED_EDGE('',*,*,#2624,.F.);
#12183 = ORIENTED_EDGE('',*,*,#12184,.F.);
#12184 = EDGE_CURVE('',#7488,#2596,#12185,.T.);
#12185 = SURFACE_CURVE('',#12186,(#12190,#12196),.PCURVE_S1.);
#12186 = LINE('',#12187,#12188);
#12187 = CARTESIAN_POINT('',(-34.73041611696,4.335688681475,0.));
#12188 = VECTOR('',#12189,1.);
#12189 = DIRECTION('',(-0.,-0.,-1.));
#12190 = PCURVE('',#2641,#12191);
#12191 = DEFINITIONAL_REPRESENTATION('',(#12192),#12195);
#12192 = B_SPLINE_CURVE_WITH_KNOTS('',1,(#12193,#12194),.UNSPECIFIED.,
  .F.,.F.,(2,2),(-4.6000006,6.E-07),.PIECEWISE_BEZIER_KNOTS.);
#12193 = CARTESIAN_POINT('',(-3.017396801509,-4.6000006));
#12194 = CARTESIAN_POINT('',(-3.017396801509,6.E-07));
#12195 = ( GEOMETRIC_REPRESENTATION_CONTEXT(2) 
PARAMETRIC_REPRESENTATION_CONTEXT() REPRESENTATION_CONTEXT('2D SPACE',''
  ) );
#12196 = PCURVE('',#2612,#12197);
#12197 = DEFINITIONAL_REPRESENTATION('',(#12198),#12201);
#12198 = B_SPLINE_CURVE_WITH_KNOTS('',1,(#12199,#12200),.UNSPECIFIED.,
  .F.,.F.,(2,2),(-4.6,0.),.PIECEWISE_BEZIER_KNOTS.);
#12199 = CARTESIAN_POINT('',(-4.7633075182,-4.6));
#12200 = CARTESIAN_POINT('',(-4.7633075182,0.));
#12201 = ( GEOMETRIC_REPRESENTATION_CONTEXT(2) 
PARAMETRIC_REPRESENTATION_CONTEXT() REPRESENTATION_CONTEXT('2D SPACE',''
  ) );
#12202 = ORIENTED_EDGE('',*,*,#7515,.T.);
#12203 = ORIENTED_EDGE('',*,*,#12159,.T.);
#12204 = ADVANCED_FACE('',(#12205),#2612,.F.);
#12205 = FACE_BOUND('',#12206,.T.);
#12206 = EDGE_LOOP('',(#12207,#12208,#12227,#12228));
#12207 = ORIENTED_EDGE('',*,*,#7487,.F.);
#12208 = ORIENTED_EDGE('',*,*,#12209,.T.);
#12209 = EDGE_CURVE('',#7464,#2567,#12210,.T.);
#12210 = SURFACE_CURVE('',#12211,(#12215,#12221),.PCURVE_S1.);
#12211 = LINE('',#12212,#12213);
#12212 = CARTESIAN_POINT('',(-34.58009646104,5.405268609889,0.));
#12213 = VECTOR('',#12214,1.);
#12214 = DIRECTION('',(-0.,-0.,-1.));
#12215 = PCURVE('',#2612,#12216);
#12216 = DEFINITIONAL_REPRESENTATION('',(#12217),#12220);
#12217 = B_SPLINE_CURVE_WITH_KNOTS('',1,(#12218,#12219),.UNSPECIFIED.,
  .F.,.F.,(2,2),(-4.6,-0.),.PIECEWISE_BEZIER_KNOTS.);
#12218 = CARTESIAN_POINT('',(-7.52381041584,-4.6));
#12219 = CARTESIAN_POINT('',(-7.52381041584,0.));
#12220 = ( GEOMETRIC_REPRESENTATION_CONTEXT(2) 
PARAMETRIC_REPRESENTATION_CONTEXT() REPRESENTATION_CONTEXT('2D SPACE',''
  ) );
#12221 = PCURVE('',#2583,#12222);
#12222 = DEFINITIONAL_REPRESENTATION('',(#12223),#12226);
#12223 = B_SPLINE_CURVE_WITH_KNOTS('',1,(#12224,#12225),.UNSPECIFIED.,
  .F.,.F.,(2,2),(-4.6000006,6.E-07),.PIECEWISE_BEZIER_KNOTS.);
#12224 = CARTESIAN_POINT('',(-2.986535825351,-4.6000006));
#12225 = CARTESIAN_POINT('',(-2.986535825351,6.E-07));
#12226 = ( GEOMETRIC_REPRESENTATION_CONTEXT(2) 
PARAMETRIC_REPRESENTATION_CONTEXT() REPRESENTATION_CONTEXT('2D SPACE',''
  ) );
#12227 = ORIENTED_EDGE('',*,*,#2595,.F.);
#12228 = ORIENTED_EDGE('',*,*,#12184,.F.);
#12229 = ADVANCED_FACE('',(#12230),#2583,.T.);
#12230 = FACE_BOUND('',#12231,.F.);
#12231 = EDGE_LOOP('',(#12232,#12233,#12252,#12253));
#12232 = ORIENTED_EDGE('',*,*,#2566,.F.);
#12233 = ORIENTED_EDGE('',*,*,#12234,.F.);
#12234 = EDGE_CURVE('',#7436,#2538,#12235,.T.);
#12235 = SURFACE_CURVE('',#12236,(#12240,#12246),.PCURVE_S1.);
#12236 = LINE('',#12237,#12238);
#12237 = CARTESIAN_POINT('',(-34.34337221517,6.747798521743,0.));
#12238 = VECTOR('',#12239,1.);
#12239 = DIRECTION('',(-0.,-0.,-1.));
#12240 = PCURVE('',#2583,#12241);
#12241 = DEFINITIONAL_REPRESENTATION('',(#12242),#12245);
#12242 = B_SPLINE_CURVE_WITH_KNOTS('',1,(#12243,#12244),.UNSPECIFIED.,
  .F.,.F.,(2,2),(-4.6000006,6.E-07),.PIECEWISE_BEZIER_KNOTS.);
#12243 = CARTESIAN_POINT('',(-2.94758363143,-4.6000006));
#12244 = CARTESIAN_POINT('',(-2.94758363143,6.E-07));
#12245 = ( GEOMETRIC_REPRESENTATION_CONTEXT(2) 
PARAMETRIC_REPRESENTATION_CONTEXT() REPRESENTATION_CONTEXT('2D SPACE',''
  ) );
#12246 = PCURVE('',#2554,#12247);
#12247 = DEFINITIONAL_REPRESENTATION('',(#12248),#12251);
#12248 = B_SPLINE_CURVE_WITH_KNOTS('',1,(#12249,#12250),.UNSPECIFIED.,
  .F.,.F.,(2,2),(-4.6,0.),.PIECEWISE_BEZIER_KNOTS.);
#12249 = CARTESIAN_POINT('',(-4.693494348121,-4.6));
#12250 = CARTESIAN_POINT('',(-4.693494348121,0.));
#12251 = ( GEOMETRIC_REPRESENTATION_CONTEXT(2) 
PARAMETRIC_REPRESENTATION_CONTEXT() REPRESENTATION_CONTEXT('2D SPACE',''
  ) );
#12252 = ORIENTED_EDGE('',*,*,#7463,.T.);
#12253 = ORIENTED_EDGE('',*,*,#12209,.T.);
#12254 = ADVANCED_FACE('',(#12255),#2554,.F.);
#12255 = FACE_BOUND('',#12256,.T.);
#12256 = EDGE_LOOP('',(#12257,#12258,#12277,#12278));
#12257 = ORIENTED_EDGE('',*,*,#7435,.F.);
#12258 = ORIENTED_EDGE('',*,*,#12259,.T.);
#12259 = EDGE_CURVE('',#7412,#2509,#12260,.T.);
#12260 = SURFACE_CURVE('',#12261,(#12265,#12271),.PCURVE_S1.);
#12261 = LINE('',#12262,#12263);
#12262 = CARTESIAN_POINT('',(-34.11880860618,7.804287238077,0.));
#12263 = VECTOR('',#12264,1.);
#12264 = DIRECTION('',(-0.,-0.,-1.));
#12265 = PCURVE('',#2554,#12266);
#12266 = DEFINITIONAL_REPRESENTATION('',(#12267),#12270);
#12267 = B_SPLINE_CURVE_WITH_KNOTS('',1,(#12268,#12269),.UNSPECIFIED.,
  .F.,.F.,(2,2),(-4.6,-0.),.PIECEWISE_BEZIER_KNOTS.);
#12268 = CARTESIAN_POINT('',(-7.45399724576,-4.6));
#12269 = CARTESIAN_POINT('',(-7.45399724576,0.));
#12270 = ( GEOMETRIC_REPRESENTATION_CONTEXT(2) 
PARAMETRIC_REPRESENTATION_CONTEXT() REPRESENTATION_CONTEXT('2D SPACE',''
  ) );
#12271 = PCURVE('',#2525,#12272);
#12272 = DEFINITIONAL_REPRESENTATION('',(#12273),#12276);
#12273 = B_SPLINE_CURVE_WITH_KNOTS('',1,(#12274,#12275),.UNSPECIFIED.,
  .F.,.F.,(2,2),(-4.6000006,6.E-07),.PIECEWISE_BEZIER_KNOTS.);
#12274 = CARTESIAN_POINT('',(-2.916722655271,-4.6000006));
#12275 = CARTESIAN_POINT('',(-2.916722655271,6.E-07));
#12276 = ( GEOMETRIC_REPRESENTATION_CONTEXT(2) 
PARAMETRIC_REPRESENTATION_CONTEXT() REPRESENTATION_CONTEXT('2D SPACE',''
  ) );
#12277 = ORIENTED_EDGE('',*,*,#2537,.F.);
#12278 = ORIENTED_EDGE('',*,*,#12234,.F.);
#12279 = ADVANCED_FACE('',(#12280),#2525,.T.);
#12280 = FACE_BOUND('',#12281,.F.);
#12281 = EDGE_LOOP('',(#12282,#12283,#12302,#12303));
#12282 = ORIENTED_EDGE('',*,*,#2508,.F.);
#12283 = ORIENTED_EDGE('',*,*,#12284,.F.);
#12284 = EDGE_CURVE('',#7384,#2480,#12285,.T.);
#12285 = SURFACE_CURVE('',#12286,(#12290,#12296),.PCURVE_S1.);
#12286 = LINE('',#12287,#12288);
#12287 = CARTESIAN_POINT('',(-33.78901085613,9.1270337659,0.));
#12288 = VECTOR('',#12289,1.);
#12289 = DIRECTION('',(-0.,-0.,-1.));
#12290 = PCURVE('',#2525,#12291);
#12291 = DEFINITIONAL_REPRESENTATION('',(#12292),#12295);
#12292 = B_SPLINE_CURVE_WITH_KNOTS('',1,(#12293,#12294),.UNSPECIFIED.,
  .F.,.F.,(2,2),(-4.6000006,6.E-07),.PIECEWISE_BEZIER_KNOTS.);
#12293 = CARTESIAN_POINT('',(-2.87777046135,-4.6000006));
#12294 = CARTESIAN_POINT('',(-2.87777046135,6.E-07));
#12295 = ( GEOMETRIC_REPRESENTATION_CONTEXT(2) 
PARAMETRIC_REPRESENTATION_CONTEXT() REPRESENTATION_CONTEXT('2D SPACE',''
  ) );
#12296 = PCURVE('',#2496,#12297);
#12297 = DEFINITIONAL_REPRESENTATION('',(#12298),#12301);
#12298 = B_SPLINE_CURVE_WITH_KNOTS('',1,(#12299,#12300),.UNSPECIFIED.,
  .F.,.F.,(2,2),(-4.6,0.),.PIECEWISE_BEZIER_KNOTS.);
#12299 = CARTESIAN_POINT('',(-4.623681178041,-4.6));
#12300 = CARTESIAN_POINT('',(-4.623681178041,0.));
#12301 = ( GEOMETRIC_REPRESENTATION_CONTEXT(2) 
PARAMETRIC_REPRESENTATION_CONTEXT() REPRESENTATION_CONTEXT('2D SPACE',''
  ) );
#12302 = ORIENTED_EDGE('',*,*,#7411,.T.);
#12303 = ORIENTED_EDGE('',*,*,#12259,.T.);
#12304 = ADVANCED_FACE('',(#12305),#2496,.F.);
#12305 = FACE_BOUND('',#12306,.T.);
#12306 = EDGE_LOOP('',(#12307,#12308,#12327,#12328));
#12307 = ORIENTED_EDGE('',*,*,#7383,.F.);
#12308 = ORIENTED_EDGE('',*,*,#12309,.T.);
#12309 = EDGE_CURVE('',#7360,#2451,#12310,.T.);
#12310 = SURFACE_CURVE('',#12311,(#12315,#12321),.PCURVE_S1.);
#12311 = LINE('',#12312,#12313);
#12312 = CARTESIAN_POINT('',(-33.49129734541,10.165284163325,0.));
#12313 = VECTOR('',#12314,1.);
#12314 = DIRECTION('',(-0.,-0.,-1.));
#12315 = PCURVE('',#2496,#12316);
#12316 = DEFINITIONAL_REPRESENTATION('',(#12317),#12320);
#12317 = B_SPLINE_CURVE_WITH_KNOTS('',1,(#12318,#12319),.UNSPECIFIED.,
  .F.,.F.,(2,2),(-4.6,-0.),.PIECEWISE_BEZIER_KNOTS.);
#12318 = CARTESIAN_POINT('',(-7.38418407568,-4.6));
#12319 = CARTESIAN_POINT('',(-7.38418407568,0.));
#12320 = ( GEOMETRIC_REPRESENTATION_CONTEXT(2) 
PARAMETRIC_REPRESENTATION_CONTEXT() REPRESENTATION_CONTEXT('2D SPACE',''
  ) );
#12321 = PCURVE('',#2467,#12322);
#12322 = DEFINITIONAL_REPRESENTATION('',(#12323),#12326);
#12323 = B_SPLINE_CURVE_WITH_KNOTS('',1,(#12324,#12325),.UNSPECIFIED.,
  .F.,.F.,(2,2),(-4.6000006,6.E-07),.PIECEWISE_BEZIER_KNOTS.);
#12324 = CARTESIAN_POINT('',(-2.846909485192,-4.6000006));
#12325 = CARTESIAN_POINT('',(-2.846909485192,6.E-07));
#12326 = ( GEOMETRIC_REPRESENTATION_CONTEXT(2) 
PARAMETRIC_REPRESENTATION_CONTEXT() REPRESENTATION_CONTEXT('2D SPACE',''
  ) );
#12327 = ORIENTED_EDGE('',*,*,#2479,.F.);
#12328 = ORIENTED_EDGE('',*,*,#12284,.F.);
#12329 = ADVANCED_FACE('',(#12330),#2467,.T.);
#12330 = FACE_BOUND('',#12331,.F.);
#12331 = EDGE_LOOP('',(#12332,#12333,#12352,#12353));
#12332 = ORIENTED_EDGE('',*,*,#2450,.F.);
#12333 = ORIENTED_EDGE('',*,*,#12334,.F.);
#12334 = EDGE_CURVE('',#7332,#2422,#12335,.T.);
#12335 = SURFACE_CURVE('',#12336,(#12340,#12346),.PCURVE_S1.);
#12336 = LINE('',#12337,#12338);
#12337 = CARTESIAN_POINT('',(-33.07003283266,11.461803018995,0.));
#12338 = VECTOR('',#12339,1.);
#12339 = DIRECTION('',(-0.,-0.,-1.));
#12340 = PCURVE('',#2467,#12341);
#12341 = DEFINITIONAL_REPRESENTATION('',(#12342),#12345);
#12342 = B_SPLINE_CURVE_WITH_KNOTS('',1,(#12343,#12344),.UNSPECIFIED.,
  .F.,.F.,(2,2),(-4.6000006,6.E-07),.PIECEWISE_BEZIER_KNOTS.);
#12343 = CARTESIAN_POINT('',(-2.80795729127,-4.6000006));
#12344 = CARTESIAN_POINT('',(-2.80795729127,6.E-07));
#12345 = ( GEOMETRIC_REPRESENTATION_CONTEXT(2) 
PARAMETRIC_REPRESENTATION_CONTEXT() REPRESENTATION_CONTEXT('2D SPACE',''
  ) );
#12346 = PCURVE('',#2438,#12347);
#12347 = DEFINITIONAL_REPRESENTATION('',(#12348),#12351);
#12348 = B_SPLINE_CURVE_WITH_KNOTS('',1,(#12349,#12350),.UNSPECIFIED.,
  .F.,.F.,(2,2),(-4.6,0.),.PIECEWISE_BEZIER_KNOTS.);
#12349 = CARTESIAN_POINT('',(-4.553868007961,-4.6));
#12350 = CARTESIAN_POINT('',(-4.553868007961,0.));
#12351 = ( GEOMETRIC_REPRESENTATION_CONTEXT(2) 
PARAMETRIC_REPRESENTATION_CONTEXT() REPRESENTATION_CONTEXT('2D SPACE',''
  ) );
#12352 = ORIENTED_EDGE('',*,*,#7359,.T.);
#12353 = ORIENTED_EDGE('',*,*,#12309,.T.);
#12354 = ADVANCED_FACE('',(#12355),#2438,.F.);
#12355 = FACE_BOUND('',#12356,.T.);
#12356 = EDGE_LOOP('',(#12357,#12358,#12377,#12378));
#12357 = ORIENTED_EDGE('',*,*,#7331,.F.);
#12358 = ORIENTED_EDGE('',*,*,#12359,.T.);
#12359 = EDGE_CURVE('',#7308,#2393,#12360,.T.);
#12360 = SURFACE_CURVE('',#12361,(#12365,#12371),.PCURVE_S1.);
#12361 = LINE('',#12362,#12363);
#12362 = CARTESIAN_POINT('',(-32.7006198505,12.476756845941,0.));
#12363 = VECTOR('',#12364,1.);
#12364 = DIRECTION('',(-0.,-0.,-1.));
#12365 = PCURVE('',#2438,#12366);
#12366 = DEFINITIONAL_REPRESENTATION('',(#12367),#12370);
#12367 = B_SPLINE_CURVE_WITH_KNOTS('',1,(#12368,#12369),.UNSPECIFIED.,
  .F.,.F.,(2,2),(-4.6,-0.),.PIECEWISE_BEZIER_KNOTS.);
#12368 = CARTESIAN_POINT('',(-7.3143709056,-4.6));
#12369 = CARTESIAN_POINT('',(-7.3143709056,0.));
#12370 = ( GEOMETRIC_REPRESENTATION_CONTEXT(2) 
PARAMETRIC_REPRESENTATION_CONTEXT() REPRESENTATION_CONTEXT('2D SPACE',''
  ) );
#12371 = PCURVE('',#2409,#12372);
#12372 = DEFINITIONAL_REPRESENTATION('',(#12373),#12376);
#12373 = B_SPLINE_CURVE_WITH_KNOTS('',1,(#12374,#12375),.UNSPECIFIED.,
  .F.,.F.,(2,2),(-4.6000006,6.E-07),.PIECEWISE_BEZIER_KNOTS.);
#12374 = CARTESIAN_POINT('',(-2.777096315112,-4.6000006));
#12375 = CARTESIAN_POINT('',(-2.777096315112,6.E-07));
#12376 = ( GEOMETRIC_REPRESENTATION_CONTEXT(2) 
PARAMETRIC_REPRESENTATION_CONTEXT() REPRESENTATION_CONTEXT('2D SPACE',''
  ) );
#12377 = ORIENTED_EDGE('',*,*,#2421,.F.);
#12378 = ORIENTED_EDGE('',*,*,#12334,.F.);
#12379 = ADVANCED_FACE('',(#12380),#2409,.T.);
#12380 = FACE_BOUND('',#12381,.F.);
#12381 = EDGE_LOOP('',(#12382,#12383,#12402,#12403));
#12382 = ORIENTED_EDGE('',*,*,#2392,.F.);
#12383 = ORIENTED_EDGE('',*,*,#12384,.F.);
#12384 = EDGE_CURVE('',#7280,#2364,#12385,.T.);
#12385 = SURFACE_CURVE('',#12386,(#12390,#12396),.PCURVE_S1.);
#12386 = LINE('',#12387,#12388);
#12387 = CARTESIAN_POINT('',(-32.18994093342,13.740731519918,0.));
#12388 = VECTOR('',#12389,1.);
#12389 = DIRECTION('',(-0.,-0.,-1.));
#12390 = PCURVE('',#2409,#12391);
#12391 = DEFINITIONAL_REPRESENTATION('',(#12392),#12395);
#12392 = B_SPLINE_CURVE_WITH_KNOTS('',1,(#12393,#12394),.UNSPECIFIED.,
  .F.,.F.,(2,2),(-4.6000006,6.E-07),.PIECEWISE_BEZIER_KNOTS.);
#12393 = CARTESIAN_POINT('',(-2.73814412119,-4.6000006));
#12394 = CARTESIAN_POINT('',(-2.73814412119,6.E-07));
#12395 = ( GEOMETRIC_REPRESENTATION_CONTEXT(2) 
PARAMETRIC_REPRESENTATION_CONTEXT() REPRESENTATION_CONTEXT('2D SPACE',''
  ) );
#12396 = PCURVE('',#2380,#12397);
#12397 = DEFINITIONAL_REPRESENTATION('',(#12398),#12401);
#12398 = B_SPLINE_CURVE_WITH_KNOTS('',1,(#12399,#12400),.UNSPECIFIED.,
  .F.,.F.,(2,2),(-4.6,0.),.PIECEWISE_BEZIER_KNOTS.);
#12399 = CARTESIAN_POINT('',(-4.484054837881,-4.6));
#12400 = CARTESIAN_POINT('',(-4.484054837881,0.));
#12401 = ( GEOMETRIC_REPRESENTATION_CONTEXT(2) 
PARAMETRIC_REPRESENTATION_CONTEXT() REPRESENTATION_CONTEXT('2D SPACE',''
  ) );
#12402 = ORIENTED_EDGE('',*,*,#7307,.T.);
#12403 = ORIENTED_EDGE('',*,*,#12359,.T.);
#12404 = ADVANCED_FACE('',(#12405),#2380,.F.);
#12405 = FACE_BOUND('',#12406,.T.);
#12406 = EDGE_LOOP('',(#12407,#12408,#12427,#12428));
#12407 = ORIENTED_EDGE('',*,*,#7279,.F.);
#12408 = ORIENTED_EDGE('',*,*,#12409,.T.);
#12409 = EDGE_CURVE('',#7256,#2335,#12410,.T.);
#12410 = SURFACE_CURVE('',#12411,(#12415,#12421),.PCURVE_S1.);
#12411 = LINE('',#12412,#12413);
#12412 = CARTESIAN_POINT('',(-31.75062822274,14.727444023362,0.));
#12413 = VECTOR('',#12414,1.);
#12414 = DIRECTION('',(-0.,-0.,-1.));
#12415 = PCURVE('',#2380,#12416);
#12416 = DEFINITIONAL_REPRESENTATION('',(#12417),#12420);
#12417 = B_SPLINE_CURVE_WITH_KNOTS('',1,(#12418,#12419),.UNSPECIFIED.,
  .F.,.F.,(2,2),(-4.6,-0.),.PIECEWISE_BEZIER_KNOTS.);
#12418 = CARTESIAN_POINT('',(-7.244557735521,-4.6));
#12419 = CARTESIAN_POINT('',(-7.244557735521,0.));
#12420 = ( GEOMETRIC_REPRESENTATION_CONTEXT(2) 
PARAMETRIC_REPRESENTATION_CONTEXT() REPRESENTATION_CONTEXT('2D SPACE',''
  ) );
#12421 = PCURVE('',#2351,#12422);
#12422 = DEFINITIONAL_REPRESENTATION('',(#12423),#12426);
#12423 = B_SPLINE_CURVE_WITH_KNOTS('',1,(#12424,#12425),.UNSPECIFIED.,
  .F.,.F.,(2,2),(-4.6000006,6.E-07),.PIECEWISE_BEZIER_KNOTS.);
#12424 = CARTESIAN_POINT('',(-2.707283145032,-4.6000006));
#12425 = CARTESIAN_POINT('',(-2.707283145032,6.E-07));
#12426 = ( GEOMETRIC_REPRESENTATION_CONTEXT(2) 
PARAMETRIC_REPRESENTATION_CONTEXT() REPRESENTATION_CONTEXT('2D SPACE',''
  ) );
#12427 = ORIENTED_EDGE('',*,*,#2363,.F.);
#12428 = ORIENTED_EDGE('',*,*,#12384,.F.);
#12429 = ADVANCED_FACE('',(#12430),#2351,.T.);
#12430 = FACE_BOUND('',#12431,.F.);
#12431 = EDGE_LOOP('',(#12432,#12433,#12452,#12453));
#12432 = ORIENTED_EDGE('',*,*,#2334,.F.);
#12433 = ORIENTED_EDGE('',*,*,#12434,.F.);
#12434 = EDGE_CURVE('',#7228,#2306,#12435,.T.);
#12435 = SURFACE_CURVE('',#12436,(#12440,#12446),.PCURVE_S1.);
#12436 = LINE('',#12437,#12438);
#12437 = CARTESIAN_POINT('',(-31.15302287768,15.95271655809,0.));
#12438 = VECTOR('',#12439,1.);
#12439 = DIRECTION('',(-0.,-0.,-1.));
#12440 = PCURVE('',#2351,#12441);
#12441 = DEFINITIONAL_REPRESENTATION('',(#12442),#12445);
#12442 = B_SPLINE_CURVE_WITH_KNOTS('',1,(#12443,#12444),.UNSPECIFIED.,
  .F.,.F.,(2,2),(-4.6000006,6.E-07),.PIECEWISE_BEZIER_KNOTS.);
#12443 = CARTESIAN_POINT('',(-2.66833095111,-4.6000006));
#12444 = CARTESIAN_POINT('',(-2.66833095111,6.E-07));
#12445 = ( GEOMETRIC_REPRESENTATION_CONTEXT(2) 
PARAMETRIC_REPRESENTATION_CONTEXT() REPRESENTATION_CONTEXT('2D SPACE',''
  ) );
#12446 = PCURVE('',#2322,#12447);
#12447 = DEFINITIONAL_REPRESENTATION('',(#12448),#12451);
#12448 = B_SPLINE_CURVE_WITH_KNOTS('',1,(#12449,#12450),.UNSPECIFIED.,
  .F.,.F.,(2,2),(-4.6,0.),.PIECEWISE_BEZIER_KNOTS.);
#12449 = CARTESIAN_POINT('',(-4.414241667801,-4.6));
#12450 = CARTESIAN_POINT('',(-4.414241667801,0.));
#12451 = ( GEOMETRIC_REPRESENTATION_CONTEXT(2) 
PARAMETRIC_REPRESENTATION_CONTEXT() REPRESENTATION_CONTEXT('2D SPACE',''
  ) );
#12452 = ORIENTED_EDGE('',*,*,#7255,.T.);
#12453 = ORIENTED_EDGE('',*,*,#12409,.T.);
#12454 = ADVANCED_FACE('',(#12455),#2322,.F.);
#12455 = FACE_BOUND('',#12456,.T.);
#12456 = EDGE_LOOP('',(#12457,#12458,#12477,#12478));
#12457 = ORIENTED_EDGE('',*,*,#7227,.F.);
#12458 = ORIENTED_EDGE('',*,*,#12459,.T.);
#12459 = EDGE_CURVE('',#7204,#2277,#12460,.T.);
#12460 = SURFACE_CURVE('',#12461,(#12465,#12471),.PCURVE_S1.);
#12461 = LINE('',#12462,#12463);
#12462 = CARTESIAN_POINT('',(-30.64595072583,16.906380573899,0.));
#12463 = VECTOR('',#12464,1.);
#12464 = DIRECTION('',(-0.,-0.,-1.));
#12465 = PCURVE('',#2322,#12466);
#12466 = DEFINITIONAL_REPRESENTATION('',(#12467),#12470);
#12467 = B_SPLINE_CURVE_WITH_KNOTS('',1,(#12468,#12469),.UNSPECIFIED.,
  .F.,.F.,(2,2),(-4.6,-0.),.PIECEWISE_BEZIER_KNOTS.);
#12468 = CARTESIAN_POINT('',(-7.174744565441,-4.6));
#12469 = CARTESIAN_POINT('',(-7.174744565441,0.));
#12470 = ( GEOMETRIC_REPRESENTATION_CONTEXT(2) 
PARAMETRIC_REPRESENTATION_CONTEXT() REPRESENTATION_CONTEXT('2D SPACE',''
  ) );
#12471 = PCURVE('',#2293,#12472);
#12472 = DEFINITIONAL_REPRESENTATION('',(#12473),#12476);
#12473 = B_SPLINE_CURVE_WITH_KNOTS('',1,(#12474,#12475),.UNSPECIFIED.,
  .F.,.F.,(2,2),(-4.6000006,6.E-07),.PIECEWISE_BEZIER_KNOTS.);
#12474 = CARTESIAN_POINT('',(-2.637469974952,-4.6000006));
#12475 = CARTESIAN_POINT('',(-2.637469974952,6.E-07));
#12476 = ( GEOMETRIC_REPRESENTATION_CONTEXT(2) 
PARAMETRIC_REPRESENTATION_CONTEXT() REPRESENTATION_CONTEXT('2D SPACE',''
  ) );
#12477 = ORIENTED_EDGE('',*,*,#2305,.F.);
#12478 = ORIENTED_EDGE('',*,*,#12434,.F.);
#12479 = ADVANCED_FACE('',(#12480),#2293,.T.);
#12480 = FACE_BOUND('',#12481,.F.);
#12481 = EDGE_LOOP('',(#12482,#12483,#12502,#12503));
#12482 = ORIENTED_EDGE('',*,*,#2276,.F.);
#12483 = ORIENTED_EDGE('',*,*,#12484,.F.);
#12484 = EDGE_CURVE('',#7176,#2248,#12485,.T.);
#12485 = SURFACE_CURVE('',#12486,(#12490,#12496),.PCURVE_S1.);
#12486 = LINE('',#12487,#12488);
#12487 = CARTESIAN_POINT('',(-29.96433042596,18.086981564752,0.));
#12488 = VECTOR('',#12489,1.);
#12489 = DIRECTION('',(-0.,-0.,-1.));
#12490 = PCURVE('',#2293,#12491);
#12491 = DEFINITIONAL_REPRESENTATION('',(#12492),#12495);
#12492 = B_SPLINE_CURVE_WITH_KNOTS('',1,(#12493,#12494),.UNSPECIFIED.,
  .F.,.F.,(2,2),(-4.6000006,6.E-07),.PIECEWISE_BEZIER_KNOTS.);
#12493 = CARTESIAN_POINT('',(-2.598517781031,-4.6000006));
#12494 = CARTESIAN_POINT('',(-2.598517781031,6.E-07));
#12495 = ( GEOMETRIC_REPRESENTATION_CONTEXT(2) 
PARAMETRIC_REPRESENTATION_CONTEXT() REPRESENTATION_CONTEXT('2D SPACE',''
  ) );
#12496 = PCURVE('',#2264,#12497);
#12497 = DEFINITIONAL_REPRESENTATION('',(#12498),#12501);
#12498 = B_SPLINE_CURVE_WITH_KNOTS('',1,(#12499,#12500),.UNSPECIFIED.,
  .F.,.F.,(2,2),(-4.6,0.),.PIECEWISE_BEZIER_KNOTS.);
#12499 = CARTESIAN_POINT('',(-4.344428497722,-4.6));
#12500 = CARTESIAN_POINT('',(-4.344428497722,0.));
#12501 = ( GEOMETRIC_REPRESENTATION_CONTEXT(2) 
PARAMETRIC_REPRESENTATION_CONTEXT() REPRESENTATION_CONTEXT('2D SPACE',''
  ) );
#12502 = ORIENTED_EDGE('',*,*,#7203,.T.);
#12503 = ORIENTED_EDGE('',*,*,#12459,.T.);
#12504 = ADVANCED_FACE('',(#12505),#2264,.F.);
#12505 = FACE_BOUND('',#12506,.T.);
#12506 = EDGE_LOOP('',(#12507,#12508,#12527,#12528));
#12507 = ORIENTED_EDGE('',*,*,#7175,.F.);
#12508 = ORIENTED_EDGE('',*,*,#12509,.T.);
#12509 = EDGE_CURVE('',#7152,#2219,#12510,.T.);
#12510 = SURFACE_CURVE('',#12511,(#12515,#12521),.PCURVE_S1.);
#12511 = LINE('',#12512,#12513);
#12512 = CARTESIAN_POINT('',(-29.39196923751,19.002950937703,0.));
#12513 = VECTOR('',#12514,1.);
#12514 = DIRECTION('',(-0.,-0.,-1.));
#12515 = PCURVE('',#2264,#12516);
#12516 = DEFINITIONAL_REPRESENTATION('',(#12517),#12520);
#12517 = B_SPLINE_CURVE_WITH_KNOTS('',1,(#12518,#12519),.UNSPECIFIED.,
  .F.,.F.,(2,2),(-4.6,-0.),.PIECEWISE_BEZIER_KNOTS.);
#12518 = CARTESIAN_POINT('',(-7.104931395361,-4.6));
#12519 = CARTESIAN_POINT('',(-7.104931395361,0.));
#12520 = ( GEOMETRIC_REPRESENTATION_CONTEXT(2) 
PARAMETRIC_REPRESENTATION_CONTEXT() REPRESENTATION_CONTEXT('2D SPACE',''
  ) );
#12521 = PCURVE('',#2235,#12522);
#12522 = DEFINITIONAL_REPRESENTATION('',(#12523),#12526);
#12523 = B_SPLINE_CURVE_WITH_KNOTS('',1,(#12524,#12525),.UNSPECIFIED.,
  .F.,.F.,(2,2),(-4.6000006,6.E-07),.PIECEWISE_BEZIER_KNOTS.);
#12524 = CARTESIAN_POINT('',(-2.567656804873,-4.6000006));
#12525 = CARTESIAN_POINT('',(-2.567656804873,6.E-07));
#12526 = ( GEOMETRIC_REPRESENTATION_CONTEXT(2) 
PARAMETRIC_REPRESENTATION_CONTEXT() REPRESENTATION_CONTEXT('2D SPACE',''
  ) );
#12527 = ORIENTED_EDGE('',*,*,#2247,.F.);
#12528 = ORIENTED_EDGE('',*,*,#12484,.F.);
#12529 = ADVANCED_FACE('',(#12530),#2235,.T.);
#12530 = FACE_BOUND('',#12531,.F.);
#12531 = EDGE_LOOP('',(#12532,#12533,#12552,#12553));
#12532 = ORIENTED_EDGE('',*,*,#2218,.F.);
#12533 = ORIENTED_EDGE('',*,*,#12534,.F.);
#12534 = EDGE_CURVE('',#7124,#2190,#12535,.T.);
#12535 = SURFACE_CURVE('',#12536,(#12540,#12546),.PCURVE_S1.);
#12536 = LINE('',#12537,#12538);
#12537 = CARTESIAN_POINT('',(-28.62965476841,20.133128615328,0.));
#12538 = VECTOR('',#12539,1.);
#12539 = DIRECTION('',(-0.,-0.,-1.));
#12540 = PCURVE('',#2235,#12541);
#12541 = DEFINITIONAL_REPRESENTATION('',(#12542),#12545);
#12542 = B_SPLINE_CURVE_WITH_KNOTS('',1,(#12543,#12544),.UNSPECIFIED.,
  .F.,.F.,(2,2),(-4.6000006,6.E-07),.PIECEWISE_BEZIER_KNOTS.);
#12543 = CARTESIAN_POINT('',(-2.528704610951,-4.6000006));
#12544 = CARTESIAN_POINT('',(-2.528704610951,6.E-07));
#12545 = ( GEOMETRIC_REPRESENTATION_CONTEXT(2) 
PARAMETRIC_REPRESENTATION_CONTEXT() REPRESENTATION_CONTEXT('2D SPACE',''
  ) );
#12546 = PCURVE('',#2206,#12547);
#12547 = DEFINITIONAL_REPRESENTATION('',(#12548),#12551);
#12548 = B_SPLINE_CURVE_WITH_KNOTS('',1,(#12549,#12550),.UNSPECIFIED.,
  .F.,.F.,(2,2),(-4.6,0.),.PIECEWISE_BEZIER_KNOTS.);
#12549 = CARTESIAN_POINT('',(-4.274615327642,-4.6));
#12550 = CARTESIAN_POINT('',(-4.274615327642,0.));
#12551 = ( GEOMETRIC_REPRESENTATION_CONTEXT(2) 
PARAMETRIC_REPRESENTATION_CONTEXT() REPRESENTATION_CONTEXT('2D SPACE',''
  ) );
#12552 = ORIENTED_EDGE('',*,*,#7151,.T.);
#12553 = ORIENTED_EDGE('',*,*,#12509,.T.);
#12554 = ADVANCED_FACE('',(#12555),#2206,.F.);
#12555 = FACE_BOUND('',#12556,.T.);
#12556 = EDGE_LOOP('',(#12557,#12558,#12577,#12578));
#12557 = ORIENTED_EDGE('',*,*,#7123,.F.);
#12558 = ORIENTED_EDGE('',*,*,#12559,.T.);
#12559 = EDGE_CURVE('',#7100,#2161,#12560,.T.);
#12560 = SURFACE_CURVE('',#12561,(#12565,#12571),.PCURVE_S1.);
#12561 = LINE('',#12562,#12563);
#12562 = CARTESIAN_POINT('',(-27.99479302954,21.006940834709,0.));
#12563 = VECTOR('',#12564,1.);
#12564 = DIRECTION('',(-0.,-0.,-1.));
#12565 = PCURVE('',#2206,#12566);
#12566 = DEFINITIONAL_REPRESENTATION('',(#12567),#12570);
#12567 = B_SPLINE_CURVE_WITH_KNOTS('',1,(#12568,#12569),.UNSPECIFIED.,
  .F.,.F.,(2,2),(-4.6,-0.),.PIECEWISE_BEZIER_KNOTS.);
#12568 = CARTESIAN_POINT('',(-7.035118225281,-4.6));
#12569 = CARTESIAN_POINT('',(-7.035118225281,0.));
#12570 = ( GEOMETRIC_REPRESENTATION_CONTEXT(2) 
PARAMETRIC_REPRESENTATION_CONTEXT() REPRESENTATION_CONTEXT('2D SPACE',''
  ) );
#12571 = PCURVE('',#2177,#12572);
#12572 = DEFINITIONAL_REPRESENTATION('',(#12573),#12576);
#12573 = B_SPLINE_CURVE_WITH_KNOTS('',1,(#12574,#12575),.UNSPECIFIED.,
  .F.,.F.,(2,2),(-4.6000006,6.E-07),.PIECEWISE_BEZIER_KNOTS.);
#12574 = CARTESIAN_POINT('',(-2.497843634793,-4.6000006));
#12575 = CARTESIAN_POINT('',(-2.497843634793,6.E-07));
#12576 = ( GEOMETRIC_REPRESENTATION_CONTEXT(2) 
PARAMETRIC_REPRESENTATION_CONTEXT() REPRESENTATION_CONTEXT('2D SPACE',''
  ) );
#12577 = ORIENTED_EDGE('',*,*,#2189,.F.);
#12578 = ORIENTED_EDGE('',*,*,#12534,.F.);
#12579 = ADVANCED_FACE('',(#12580),#2177,.T.);
#12580 = FACE_BOUND('',#12581,.F.);
#12581 = EDGE_LOOP('',(#12582,#12583,#12602,#12603));
#12582 = ORIENTED_EDGE('',*,*,#2160,.F.);
#12583 = ORIENTED_EDGE('',*,*,#12584,.F.);
#12584 = EDGE_CURVE('',#7072,#2132,#12585,.T.);
#12585 = SURFACE_CURVE('',#12586,(#12590,#12596),.PCURVE_S1.);
#12586 = LINE('',#12587,#12588);
#12587 = CARTESIAN_POINT('',(-27.15549831067,22.081189087065,0.));
#12588 = VECTOR('',#12589,1.);
#12589 = DIRECTION('',(-0.,-0.,-1.));
#12590 = PCURVE('',#2177,#12591);
#12591 = DEFINITIONAL_REPRESENTATION('',(#12592),#12595);
#12592 = B_SPLINE_CURVE_WITH_KNOTS('',1,(#12593,#12594),.UNSPECIFIED.,
  .F.,.F.,(2,2),(-4.6000006,6.E-07),.PIECEWISE_BEZIER_KNOTS.);
#12593 = CARTESIAN_POINT('',(-2.458891440871,-4.6000006));
#12594 = CARTESIAN_POINT('',(-2.458891440871,6.E-07));
#12595 = ( GEOMETRIC_REPRESENTATION_CONTEXT(2) 
PARAMETRIC_REPRESENTATION_CONTEXT() REPRESENTATION_CONTEXT('2D SPACE',''
  ) );
#12596 = PCURVE('',#2148,#12597);
#12597 = DEFINITIONAL_REPRESENTATION('',(#12598),#12601);
#12598 = B_SPLINE_CURVE_WITH_KNOTS('',1,(#12599,#12600),.UNSPECIFIED.,
  .F.,.F.,(2,2),(-4.6,0.),.PIECEWISE_BEZIER_KNOTS.);
#12599 = CARTESIAN_POINT('',(-4.204802157562,-4.6));
#12600 = CARTESIAN_POINT('',(-4.204802157562,0.));
#12601 = ( GEOMETRIC_REPRESENTATION_CONTEXT(2) 
PARAMETRIC_REPRESENTATION_CONTEXT() REPRESENTATION_CONTEXT('2D SPACE',''
  ) );
#12602 = ORIENTED_EDGE('',*,*,#7099,.T.);
#12603 = ORIENTED_EDGE('',*,*,#12559,.T.);
#12604 = ADVANCED_FACE('',(#12605),#2148,.F.);
#12605 = FACE_BOUND('',#12606,.T.);
#12606 = EDGE_LOOP('',(#12607,#12608,#12627,#12628));
#12607 = ORIENTED_EDGE('',*,*,#7071,.F.);
#12608 = ORIENTED_EDGE('',*,*,#12609,.T.);
#12609 = EDGE_CURVE('',#7048,#2103,#12610,.T.);
#12610 = SURFACE_CURVE('',#12611,(#12615,#12621),.PCURVE_S1.);
#12611 = LINE('',#12612,#12613);
#12612 = CARTESIAN_POINT('',(-26.46122900395,22.908587027579,0.));
#12613 = VECTOR('',#12614,1.);
#12614 = DIRECTION('',(-0.,-0.,-1.));
#12615 = PCURVE('',#2148,#12616);
#12616 = DEFINITIONAL_REPRESENTATION('',(#12617),#12620);
#12617 = B_SPLINE_CURVE_WITH_KNOTS('',1,(#12618,#12619),.UNSPECIFIED.,
  .F.,.F.,(2,2),(-4.6,-0.),.PIECEWISE_BEZIER_KNOTS.);
#12618 = CARTESIAN_POINT('',(-6.965305055202,-4.6));
#12619 = CARTESIAN_POINT('',(-6.965305055202,0.));
#12620 = ( GEOMETRIC_REPRESENTATION_CONTEXT(2) 
PARAMETRIC_REPRESENTATION_CONTEXT() REPRESENTATION_CONTEXT('2D SPACE',''
  ) );
#12621 = PCURVE('',#2119,#12622);
#12622 = DEFINITIONAL_REPRESENTATION('',(#12623),#12626);
#12623 = B_SPLINE_CURVE_WITH_KNOTS('',1,(#12624,#12625),.UNSPECIFIED.,
  .F.,.F.,(2,2),(-4.6000006,6.E-07),.PIECEWISE_BEZIER_KNOTS.);
#12624 = CARTESIAN_POINT('',(-2.428030464713,-4.6000006));
#12625 = CARTESIAN_POINT('',(-2.428030464713,6.E-07));
#12626 = ( GEOMETRIC_REPRESENTATION_CONTEXT(2) 
PARAMETRIC_REPRESENTATION_CONTEXT() REPRESENTATION_CONTEXT('2D SPACE',''
  ) );
#12627 = ORIENTED_EDGE('',*,*,#2131,.F.);
#12628 = ORIENTED_EDGE('',*,*,#12584,.F.);
#12629 = ADVANCED_FACE('',(#12630),#2119,.T.);
#12630 = FACE_BOUND('',#12631,.F.);
#12631 = EDGE_LOOP('',(#12632,#12633,#12652,#12653));
#12632 = ORIENTED_EDGE('',*,*,#2102,.F.);
#12633 = ORIENTED_EDGE('',*,*,#12634,.F.);
#12634 = EDGE_CURVE('',#7020,#2074,#12635,.T.);
#12635 = SURFACE_CURVE('',#12636,(#12640,#12646),.PCURVE_S1.);
#12636 = LINE('',#12637,#12638);
#12637 = CARTESIAN_POINT('',(-25.54904299483,23.921672225163,0.));
#12638 = VECTOR('',#12639,1.);
#12639 = DIRECTION('',(-0.,-0.,-1.));
#12640 = PCURVE('',#2119,#12641);
#12641 = DEFINITIONAL_REPRESENTATION('',(#12642),#12645);
#12642 = B_SPLINE_CURVE_WITH_KNOTS('',1,(#12643,#12644),.UNSPECIFIED.,
  .F.,.F.,(2,2),(-4.6000006,6.E-07),.PIECEWISE_BEZIER_KNOTS.);
#12643 = CARTESIAN_POINT('',(-2.389078270791,-4.6000006));
#12644 = CARTESIAN_POINT('',(-2.389078270791,6.E-07));
#12645 = ( GEOMETRIC_REPRESENTATION_CONTEXT(2) 
PARAMETRIC_REPRESENTATION_CONTEXT() REPRESENTATION_CONTEXT('2D SPACE',''
  ) );
#12646 = PCURVE('',#2090,#12647);
#12647 = DEFINITIONAL_REPRESENTATION('',(#12648),#12651);
#12648 = B_SPLINE_CURVE_WITH_KNOTS('',1,(#12649,#12650),.UNSPECIFIED.,
  .F.,.F.,(2,2),(-4.6,0.),.PIECEWISE_BEZIER_KNOTS.);
#12649 = CARTESIAN_POINT('',(-4.134988987482,-4.6));
#12650 = CARTESIAN_POINT('',(-4.134988987482,0.));
#12651 = ( GEOMETRIC_REPRESENTATION_CONTEXT(2) 
PARAMETRIC_REPRESENTATION_CONTEXT() REPRESENTATION_CONTEXT('2D SPACE',''
  ) );
#12652 = ORIENTED_EDGE('',*,*,#7047,.T.);
#12653 = ORIENTED_EDGE('',*,*,#12609,.T.);
#12654 = ADVANCED_FACE('',(#12655),#2090,.F.);
#12655 = FACE_BOUND('',#12656,.T.);
#12656 = EDGE_LOOP('',(#12657,#12658,#12677,#12678));
#12657 = ORIENTED_EDGE('',*,*,#7019,.F.);
#12658 = ORIENTED_EDGE('',*,*,#12659,.T.);
#12659 = EDGE_CURVE('',#6996,#2045,#12660,.T.);
#12660 = SURFACE_CURVE('',#12661,(#12665,#12671),.PCURVE_S1.);
#12661 = LINE('',#12662,#12663);
#12662 = CARTESIAN_POINT('',(-24.79874853053,24.698624887213,0.));
#12663 = VECTOR('',#12664,1.);
#12664 = DIRECTION('',(-0.,-0.,-1.));
#12665 = PCURVE('',#2090,#12666);
#12666 = DEFINITIONAL_REPRESENTATION('',(#12667),#12670);
#12667 = B_SPLINE_CURVE_WITH_KNOTS('',1,(#12668,#12669),.UNSPECIFIED.,
  .F.,.F.,(2,2),(-4.6,-0.),.PIECEWISE_BEZIER_KNOTS.);
#12668 = CARTESIAN_POINT('',(-6.895491885122,-4.6));
#12669 = CARTESIAN_POINT('',(-6.895491885122,0.));
#12670 = ( GEOMETRIC_REPRESENTATION_CONTEXT(2) 
PARAMETRIC_REPRESENTATION_CONTEXT() REPRESENTATION_CONTEXT('2D SPACE',''
  ) );
#12671 = PCURVE('',#2061,#12672);
#12672 = DEFINITIONAL_REPRESENTATION('',(#12673),#12676);
#12673 = B_SPLINE_CURVE_WITH_KNOTS('',1,(#12674,#12675),.UNSPECIFIED.,
  .F.,.F.,(2,2),(-4.6000006,6.E-07),.PIECEWISE_BEZIER_KNOTS.);
#12674 = CARTESIAN_POINT('',(-2.358217294633,-4.6000006));
#12675 = CARTESIAN_POINT('',(-2.358217294633,6.E-07));
#12676 = ( GEOMETRIC_REPRESENTATION_CONTEXT(2) 
PARAMETRIC_REPRESENTATION_CONTEXT() REPRESENTATION_CONTEXT('2D SPACE',''
  ) );
#12677 = ORIENTED_EDGE('',*,*,#2073,.F.);
#12678 = ORIENTED_EDGE('',*,*,#12634,.F.);
#12679 = ADVANCED_FACE('',(#12680),#2061,.T.);
#12680 = FACE_BOUND('',#12681,.F.);
#12681 = EDGE_LOOP('',(#12682,#12683,#12702,#12703));
#12682 = ORIENTED_EDGE('',*,*,#2044,.F.);
#12683 = ORIENTED_EDGE('',*,*,#12684,.F.);
#12684 = EDGE_CURVE('',#6968,#2016,#12685,.T.);
#12685 = SURFACE_CURVE('',#12686,(#12690,#12696),.PCURVE_S1.);
#12686 = LINE('',#12687,#12688);
#12687 = CARTESIAN_POINT('',(-23.81811530969,25.645611380778,0.));
#12688 = VECTOR('',#12689,1.);
#12689 = DIRECTION('',(-0.,-0.,-1.));
#12690 = PCURVE('',#2061,#12691);
#12691 = DEFINITIONAL_REPRESENTATION('',(#12692),#12695);
#12692 = B_SPLINE_CURVE_WITH_KNOTS('',1,(#12693,#12694),.UNSPECIFIED.,
  .F.,.F.,(2,2),(-4.6000006,6.E-07),.PIECEWISE_BEZIER_KNOTS.);
#12693 = CARTESIAN_POINT('',(-2.319265100712,-4.6000006));
#12694 = CARTESIAN_POINT('',(-2.319265100712,6.E-07));
#12695 = ( GEOMETRIC_REPRESENTATION_CONTEXT(2) 
PARAMETRIC_REPRESENTATION_CONTEXT() REPRESENTATION_CONTEXT('2D SPACE',''
  ) );
#12696 = PCURVE('',#2032,#12697);
#12697 = DEFINITIONAL_REPRESENTATION('',(#12698),#12701);
#12698 = B_SPLINE_CURVE_WITH_KNOTS('',1,(#12699,#12700),.UNSPECIFIED.,
  .F.,.F.,(2,2),(-4.6,0.),.PIECEWISE_BEZIER_KNOTS.);
#12699 = CARTESIAN_POINT('',(-4.065175817403,-4.6));
#12700 = CARTESIAN_POINT('',(-4.065175817403,0.));
#12701 = ( GEOMETRIC_REPRESENTATION_CONTEXT(2) 
PARAMETRIC_REPRESENTATION_CONTEXT() REPRESENTATION_CONTEXT('2D SPACE',''
  ) );
#12702 = ORIENTED_EDGE('',*,*,#6995,.T.);
#12703 = ORIENTED_EDGE('',*,*,#12659,.T.);
#12704 = ADVANCED_FACE('',(#12705),#2032,.F.);
#12705 = FACE_BOUND('',#12706,.T.);
#12706 = EDGE_LOOP('',(#12707,#12708,#12727,#12728));
#12707 = ORIENTED_EDGE('',*,*,#6967,.F.);
#12708 = ORIENTED_EDGE('',*,*,#12709,.T.);
#12709 = EDGE_CURVE('',#6944,#1987,#12710,.T.);
#12710 = SURFACE_CURVE('',#12711,(#12715,#12721),.PCURVE_S1.);
#12711 = LINE('',#12712,#12713);
#12712 = CARTESIAN_POINT('',(-23.01545104703,26.368333529094,0.));
#12713 = VECTOR('',#12714,1.);
#12714 = DIRECTION('',(-0.,-0.,-1.));
#12715 = PCURVE('',#2032,#12716);
#12716 = DEFINITIONAL_REPRESENTATION('',(#12717),#12720);
#12717 = B_SPLINE_CURVE_WITH_KNOTS('',1,(#12718,#12719),.UNSPECIFIED.,
  .F.,.F.,(2,2),(-4.6,-0.),.PIECEWISE_BEZIER_KNOTS.);
#12718 = CARTESIAN_POINT('',(-6.825678715042,-4.6));
#12719 = CARTESIAN_POINT('',(-6.825678715042,0.));
#12720 = ( GEOMETRIC_REPRESENTATION_CONTEXT(2) 
PARAMETRIC_REPRESENTATION_CONTEXT() REPRESENTATION_CONTEXT('2D SPACE',''
  ) );
#12721 = PCURVE('',#2003,#12722);
#12722 = DEFINITIONAL_REPRESENTATION('',(#12723),#12726);
#12723 = B_SPLINE_CURVE_WITH_KNOTS('',1,(#12724,#12725),.UNSPECIFIED.,
  .F.,.F.,(2,2),(-4.6000006,6.E-07),.PIECEWISE_BEZIER_KNOTS.);
#12724 = CARTESIAN_POINT('',(-2.288404124553,-4.6000006));
#12725 = CARTESIAN_POINT('',(-2.288404124553,6.E-07));
#12726 = ( GEOMETRIC_REPRESENTATION_CONTEXT(2) 
PARAMETRIC_REPRESENTATION_CONTEXT() REPRESENTATION_CONTEXT('2D SPACE',''
  ) );
#12727 = ORIENTED_EDGE('',*,*,#2015,.F.);
#12728 = ORIENTED_EDGE('',*,*,#12684,.F.);
#12729 = ADVANCED_FACE('',(#12730),#2003,.T.);
#12730 = FACE_BOUND('',#12731,.F.);
#12731 = EDGE_LOOP('',(#12732,#12733,#12752,#12753));
#12732 = ORIENTED_EDGE('',*,*,#1986,.F.);
#12733 = ORIENTED_EDGE('',*,*,#12734,.F.);
#12734 = EDGE_CURVE('',#6916,#1958,#12735,.T.);
#12735 = SURFACE_CURVE('',#12736,(#12740,#12746),.PCURVE_S1.);
#12736 = LINE('',#12737,#12738);
#12737 = CARTESIAN_POINT('',(-21.97114816096,27.244607695634,0.));
#12738 = VECTOR('',#12739,1.);
#12739 = DIRECTION('',(-0.,-0.,-1.));
#12740 = PCURVE('',#2003,#12741);
#12741 = DEFINITIONAL_REPRESENTATION('',(#12742),#12745);
#12742 = B_SPLINE_CURVE_WITH_KNOTS('',1,(#12743,#12744),.UNSPECIFIED.,
  .F.,.F.,(2,2),(-4.6000006,6.E-07),.PIECEWISE_BEZIER_KNOTS.);
#12743 = CARTESIAN_POINT('',(-2.249451930632,-4.6000006));
#12744 = CARTESIAN_POINT('',(-2.249451930632,6.E-07));
#12745 = ( GEOMETRIC_REPRESENTATION_CONTEXT(2) 
PARAMETRIC_REPRESENTATION_CONTEXT() REPRESENTATION_CONTEXT('2D SPACE',''
  ) );
#12746 = PCURVE('',#1974,#12747);
#12747 = DEFINITIONAL_REPRESENTATION('',(#12748),#12751);
#12748 = B_SPLINE_CURVE_WITH_KNOTS('',1,(#12749,#12750),.UNSPECIFIED.,
  .F.,.F.,(2,2),(-4.6,0.),.PIECEWISE_BEZIER_KNOTS.);
#12749 = CARTESIAN_POINT('',(-3.995362647323,-4.6));
#12750 = CARTESIAN_POINT('',(-3.995362647323,0.));
#12751 = ( GEOMETRIC_REPRESENTATION_CONTEXT(2) 
PARAMETRIC_REPRESENTATION_CONTEXT() REPRESENTATION_CONTEXT('2D SPACE',''
  ) );
#12752 = ORIENTED_EDGE('',*,*,#6943,.T.);
#12753 = ORIENTED_EDGE('',*,*,#12709,.T.);
#12754 = ADVANCED_FACE('',(#12755),#1974,.F.);
#12755 = FACE_BOUND('',#12756,.T.);
#12756 = EDGE_LOOP('',(#12757,#12758,#12777,#12778));
#12757 = ORIENTED_EDGE('',*,*,#6915,.F.);
#12758 = ORIENTED_EDGE('',*,*,#12759,.T.);
#12759 = EDGE_CURVE('',#6892,#1929,#12760,.T.);
#12760 = SURFACE_CURVE('',#12761,(#12765,#12771),.PCURVE_S1.);
#12761 = LINE('',#12762,#12763);
#12762 = CARTESIAN_POINT('',(-21.12002459953,27.909578300556,0.));
#12763 = VECTOR('',#12764,1.);
#12764 = DIRECTION('',(-0.,-0.,-1.));
#12765 = PCURVE('',#1974,#12766);
#12766 = DEFINITIONAL_REPRESENTATION('',(#12767),#12770);
#12767 = B_SPLINE_CURVE_WITH_KNOTS('',1,(#12768,#12769),.UNSPECIFIED.,
  .F.,.F.,(2,2),(-4.6,-0.),.PIECEWISE_BEZIER_KNOTS.);
#12768 = CARTESIAN_POINT('',(-6.755865544962,-4.6));
#12769 = CARTESIAN_POINT('',(-6.755865544962,0.));
#12770 = ( GEOMETRIC_REPRESENTATION_CONTEXT(2) 
PARAMETRIC_REPRESENTATION_CONTEXT() REPRESENTATION_CONTEXT('2D SPACE',''
  ) );
#12771 = PCURVE('',#1945,#12772);
#12772 = DEFINITIONAL_REPRESENTATION('',(#12773),#12776);
#12773 = B_SPLINE_CURVE_WITH_KNOTS('',1,(#12774,#12775),.UNSPECIFIED.,
  .F.,.F.,(2,2),(-4.6000006,6.E-07),.PIECEWISE_BEZIER_KNOTS.);
#12774 = CARTESIAN_POINT('',(-2.218590954474,-4.6000006));
#12775 = CARTESIAN_POINT('',(-2.218590954474,6.E-07));
#12776 = ( GEOMETRIC_REPRESENTATION_CONTEXT(2) 
PARAMETRIC_REPRESENTATION_CONTEXT() REPRESENTATION_CONTEXT('2D SPACE',''
  ) );
#12777 = ORIENTED_EDGE('',*,*,#1957,.F.);
#12778 = ORIENTED_EDGE('',*,*,#12734,.F.);
#12779 = ADVANCED_FACE('',(#12780),#1945,.T.);
#12780 = FACE_BOUND('',#12781,.F.);
#12781 = EDGE_LOOP('',(#12782,#12783,#12802,#12803));
#12782 = ORIENTED_EDGE('',*,*,#1928,.F.);
#12783 = ORIENTED_EDGE('',*,*,#12784,.F.);
#12784 = EDGE_CURVE('',#6864,#1900,#12785,.T.);
#12785 = SURFACE_CURVE('',#12786,(#12790,#12796),.PCURVE_S1.);
#12786 = LINE('',#12787,#12788);
#12787 = CARTESIAN_POINT('',(-20.01713978691,28.710871020415,0.));
#12788 = VECTOR('',#12789,1.);
#12789 = DIRECTION('',(-0.,-0.,-1.));
#12790 = PCURVE('',#1945,#12791);
#12791 = DEFINITIONAL_REPRESENTATION('',(#12792),#12795);
#12792 = B_SPLINE_CURVE_WITH_KNOTS('',1,(#12793,#12794),.UNSPECIFIED.,
  .F.,.F.,(2,2),(-4.6000006,6.E-07),.PIECEWISE_BEZIER_KNOTS.);
#12793 = CARTESIAN_POINT('',(-2.179638760552,-4.6000006));
#12794 = CARTESIAN_POINT('',(-2.179638760552,6.E-07));
#12795 = ( GEOMETRIC_REPRESENTATION_CONTEXT(2) 
PARAMETRIC_REPRESENTATION_CONTEXT() REPRESENTATION_CONTEXT('2D SPACE',''
  ) );
#12796 = PCURVE('',#1916,#12797);
#12797 = DEFINITIONAL_REPRESENTATION('',(#12798),#12801);
#12798 = B_SPLINE_CURVE_WITH_KNOTS('',1,(#12799,#12800),.UNSPECIFIED.,
  .F.,.F.,(2,2),(-4.6,0.),.PIECEWISE_BEZIER_KNOTS.);
#12799 = CARTESIAN_POINT('',(-3.925549477243,-4.6));
#12800 = CARTESIAN_POINT('',(-3.925549477243,0.));
#12801 = ( GEOMETRIC_REPRESENTATION_CONTEXT(2) 
PARAMETRIC_REPRESENTATION_CONTEXT() REPRESENTATION_CONTEXT('2D SPACE',''
  ) );
#12802 = ORIENTED_EDGE('',*,*,#6891,.T.);
#12803 = ORIENTED_EDGE('',*,*,#12759,.T.);
#12804 = ADVANCED_FACE('',(#12805),#1916,.F.);
#12805 = FACE_BOUND('',#12806,.T.);
#12806 = EDGE_LOOP('',(#12807,#12808,#12827,#12828));
#12807 = ORIENTED_EDGE('',*,*,#6863,.F.);
#12808 = ORIENTED_EDGE('',*,*,#12809,.T.);
#12809 = EDGE_CURVE('',#6840,#1871,#12810,.T.);
#12810 = SURFACE_CURVE('',#12811,(#12815,#12821),.PCURVE_S1.);
#12811 = LINE('',#12812,#12813);
#12812 = CARTESIAN_POINT('',(-19.12170351517,29.314850412,0.));
#12813 = VECTOR('',#12814,1.);
#12814 = DIRECTION('',(-0.,-0.,-1.));
#12815 = PCURVE('',#1916,#12816);
#12816 = DEFINITIONAL_REPRESENTATION('',(#12817),#12820);
#12817 = B_SPLINE_CURVE_WITH_KNOTS('',1,(#12818,#12819),.UNSPECIFIED.,
  .F.,.F.,(2,2),(-4.6,-0.),.PIECEWISE_BEZIER_KNOTS.);
#12818 = CARTESIAN_POINT('',(-6.686052374882,-4.6));
#12819 = CARTESIAN_POINT('',(-6.686052374882,0.));
#12820 = ( GEOMETRIC_REPRESENTATION_CONTEXT(2) 
PARAMETRIC_REPRESENTATION_CONTEXT() REPRESENTATION_CONTEXT('2D SPACE',''
  ) );
#12821 = PCURVE('',#1887,#12822);
#12822 = DEFINITIONAL_REPRESENTATION('',(#12823),#12826);
#12823 = B_SPLINE_CURVE_WITH_KNOTS('',1,(#12824,#12825),.UNSPECIFIED.,
  .F.,.F.,(2,2),(-4.6000006,6.E-07),.PIECEWISE_BEZIER_KNOTS.);
#12824 = CARTESIAN_POINT('',(-2.148777784394,-4.6000006));
#12825 = CARTESIAN_POINT('',(-2.148777784394,6.E-07));
#12826 = ( GEOMETRIC_REPRESENTATION_CONTEXT(2) 
PARAMETRIC_REPRESENTATION_CONTEXT() REPRESENTATION_CONTEXT('2D SPACE',''
  ) );
#12827 = ORIENTED_EDGE('',*,*,#1899,.F.);
#12828 = ORIENTED_EDGE('',*,*,#12784,.F.);
#12829 = ADVANCED_FACE('',(#12830),#1887,.T.);
#12830 = FACE_BOUND('',#12831,.F.);
#12831 = EDGE_LOOP('',(#12832,#12833,#12852,#12853));
#12832 = ORIENTED_EDGE('',*,*,#1870,.F.);
#12833 = ORIENTED_EDGE('',*,*,#12834,.F.);
#12834 = EDGE_CURVE('',#6812,#1842,#12835,.T.);
#12835 = SURFACE_CURVE('',#12836,(#12840,#12846),.PCURVE_S1.);
#12836 = LINE('',#12837,#12838);
#12837 = CARTESIAN_POINT('',(-17.96560991995,30.037257867592,0.));
#12838 = VECTOR('',#12839,1.);
#12839 = DIRECTION('',(-0.,-0.,-1.));
#12840 = PCURVE('',#1887,#12841);
#12841 = DEFINITIONAL_REPRESENTATION('',(#12842),#12845);
#12842 = B_SPLINE_CURVE_WITH_KNOTS('',1,(#12843,#12844),.UNSPECIFIED.,
  .F.,.F.,(2,2),(-4.6000006,6.E-07),.PIECEWISE_BEZIER_KNOTS.);
#12843 = CARTESIAN_POINT('',(-2.109825590472,-4.6000006));
#12844 = CARTESIAN_POINT('',(-2.109825590472,6.E-07));
#12845 = ( GEOMETRIC_REPRESENTATION_CONTEXT(2) 
PARAMETRIC_REPRESENTATION_CONTEXT() REPRESENTATION_CONTEXT('2D SPACE',''
  ) );
#12846 = PCURVE('',#1858,#12847);
#12847 = DEFINITIONAL_REPRESENTATION('',(#12848),#12851);
#12848 = B_SPLINE_CURVE_WITH_KNOTS('',1,(#12849,#12850),.UNSPECIFIED.,
  .F.,.F.,(2,2),(-4.6,0.),.PIECEWISE_BEZIER_KNOTS.);
#12849 = CARTESIAN_POINT('',(-3.855736307163,-4.6));
#12850 = CARTESIAN_POINT('',(-3.855736307163,0.));
#12851 = ( GEOMETRIC_REPRESENTATION_CONTEXT(2) 
PARAMETRIC_REPRESENTATION_CONTEXT() REPRESENTATION_CONTEXT('2D SPACE',''
  ) );
#12852 = ORIENTED_EDGE('',*,*,#6839,.T.);
#12853 = ORIENTED_EDGE('',*,*,#12809,.T.);
#12854 = ADVANCED_FACE('',(#12855),#1858,.F.);
#12855 = FACE_BOUND('',#12856,.T.);
#12856 = EDGE_LOOP('',(#12857,#12858,#12877,#12878));
#12857 = ORIENTED_EDGE('',*,*,#6811,.F.);
#12858 = ORIENTED_EDGE('',*,*,#12859,.T.);
#12859 = EDGE_CURVE('',#6788,#1813,#12860,.T.);
#12860 = SURFACE_CURVE('',#12861,(#12865,#12871),.PCURVE_S1.);
#12861 = LINE('',#12862,#12863);
#12862 = CARTESIAN_POINT('',(-17.03022341338,30.577303518954,0.));
#12863 = VECTOR('',#12864,1.);
#12864 = DIRECTION('',(-0.,-0.,-1.));
#12865 = PCURVE('',#1858,#12866);
#12866 = DEFINITIONAL_REPRESENTATION('',(#12867),#12870);
#12867 = B_SPLINE_CURVE_WITH_KNOTS('',1,(#12868,#12869),.UNSPECIFIED.,
  .F.,.F.,(2,2),(-4.6,-0.),.PIECEWISE_BEZIER_KNOTS.);
#12868 = CARTESIAN_POINT('',(-6.616239204803,-4.6));
#12869 = CARTESIAN_POINT('',(-6.616239204803,0.));
#12870 = ( GEOMETRIC_REPRESENTATION_CONTEXT(2) 
PARAMETRIC_REPRESENTATION_CONTEXT() REPRESENTATION_CONTEXT('2D SPACE',''
  ) );
#12871 = PCURVE('',#1829,#12872);
#12872 = DEFINITIONAL_REPRESENTATION('',(#12873),#12876);
#12873 = B_SPLINE_CURVE_WITH_KNOTS('',1,(#12874,#12875),.UNSPECIFIED.,
  .F.,.F.,(2,2),(-4.6000006,6.E-07),.PIECEWISE_BEZIER_KNOTS.);
#12874 = CARTESIAN_POINT('',(-2.078964614314,-4.6000006));
#12875 = CARTESIAN_POINT('',(-2.078964614314,6.E-07));
#12876 = ( GEOMETRIC_REPRESENTATION_CONTEXT(2) 
PARAMETRIC_REPRESENTATION_CONTEXT() REPRESENTATION_CONTEXT('2D SPACE',''
  ) );
#12877 = ORIENTED_EDGE('',*,*,#1841,.F.);
#12878 = ORIENTED_EDGE('',*,*,#12834,.F.);
#12879 = ADVANCED_FACE('',(#12880),#1829,.T.);
#12880 = FACE_BOUND('',#12881,.F.);
#12881 = EDGE_LOOP('',(#12882,#12883,#12902,#12903));
#12882 = ORIENTED_EDGE('',*,*,#1812,.F.);
#12883 = ORIENTED_EDGE('',*,*,#12884,.F.);
#12884 = EDGE_CURVE('',#6760,#1784,#12885,.T.);
#12885 = SURFACE_CURVE('',#12886,(#12890,#12896),.PCURVE_S1.);
#12886 = LINE('',#12887,#12888);
#12887 = CARTESIAN_POINT('',(-15.82655340734,31.217306213772,0.));
#12888 = VECTOR('',#12889,1.);
#12889 = DIRECTION('',(-0.,-0.,-1.));
#12890 = PCURVE('',#1829,#12891);
#12891 = DEFINITIONAL_REPRESENTATION('',(#12892),#12895);
#12892 = B_SPLINE_CURVE_WITH_KNOTS('',1,(#12893,#12894),.UNSPECIFIED.,
  .F.,.F.,(2,2),(-4.6000006,6.E-07),.PIECEWISE_BEZIER_KNOTS.);
#12893 = CARTESIAN_POINT('',(-2.040012420392,-4.6000006));
#12894 = CARTESIAN_POINT('',(-2.040012420392,6.E-07));
#12895 = ( GEOMETRIC_REPRESENTATION_CONTEXT(2) 
PARAMETRIC_REPRESENTATION_CONTEXT() REPRESENTATION_CONTEXT('2D SPACE',''
  ) );
#12896 = PCURVE('',#1800,#12897);
#12897 = DEFINITIONAL_REPRESENTATION('',(#12898),#12901);
#12898 = B_SPLINE_CURVE_WITH_KNOTS('',1,(#12899,#12900),.UNSPECIFIED.,
  .F.,.F.,(2,2),(-4.6,0.),.PIECEWISE_BEZIER_KNOTS.);
#12899 = CARTESIAN_POINT('',(-3.785923137084,-4.6));
#12900 = CARTESIAN_POINT('',(-3.785923137084,0.));
#12901 = ( GEOMETRIC_REPRESENTATION_CONTEXT(2) 
PARAMETRIC_REPRESENTATION_CONTEXT() REPRESENTATION_CONTEXT('2D SPACE',''
  ) );
#12902 = ORIENTED_EDGE('',*,*,#6787,.T.);
#12903 = ORIENTED_EDGE('',*,*,#12859,.T.);
#12904 = ADVANCED_FACE('',(#12905),#1800,.F.);
#12905 = FACE_BOUND('',#12906,.T.);
#12906 = EDGE_LOOP('',(#12907,#12908,#12927,#12928));
#12907 = ORIENTED_EDGE('',*,*,#6759,.F.);
#12908 = ORIENTED_EDGE('',*,*,#12909,.T.);
#12909 = EDGE_CURVE('',#6736,#1755,#12910,.T.);
#12910 = SURFACE_CURVE('',#12911,(#12915,#12921),.PCURVE_S1.);
#12911 = LINE('',#12912,#12913);
#12912 = CARTESIAN_POINT('',(-14.85577377499,31.690787076784,0.));
#12913 = VECTOR('',#12914,1.);
#12914 = DIRECTION('',(-0.,-0.,-1.));
#12915 = PCURVE('',#1800,#12916);
#12916 = DEFINITIONAL_REPRESENTATION('',(#12917),#12920);
#12917 = B_SPLINE_CURVE_WITH_KNOTS('',1,(#12918,#12919),.UNSPECIFIED.,
  .F.,.F.,(2,2),(-4.6,-0.),.PIECEWISE_BEZIER_KNOTS.);
#12918 = CARTESIAN_POINT('',(-6.546426034723,-4.6));
#12919 = CARTESIAN_POINT('',(-6.546426034723,0.));
#12920 = ( GEOMETRIC_REPRESENTATION_CONTEXT(2) 
PARAMETRIC_REPRESENTATION_CONTEXT() REPRESENTATION_CONTEXT('2D SPACE',''
  ) );
#12921 = PCURVE('',#1771,#12922);
#12922 = DEFINITIONAL_REPRESENTATION('',(#12923),#12926);
#12923 = B_SPLINE_CURVE_WITH_KNOTS('',1,(#12924,#12925),.UNSPECIFIED.,
  .F.,.F.,(2,2),(-4.6000006,6.E-07),.PIECEWISE_BEZIER_KNOTS.);
#12924 = CARTESIAN_POINT('',(-2.009151444234,-4.6000006));
#12925 = CARTESIAN_POINT('',(-2.009151444234,6.E-07));
#12926 = ( GEOMETRIC_REPRESENTATION_CONTEXT(2) 
PARAMETRIC_REPRESENTATION_CONTEXT() REPRESENTATION_CONTEXT('2D SPACE',''
  ) );
#12927 = ORIENTED_EDGE('',*,*,#1783,.F.);
#12928 = ORIENTED_EDGE('',*,*,#12884,.F.);
#12929 = ADVANCED_FACE('',(#12930),#1771,.T.);
#12930 = FACE_BOUND('',#12931,.F.);
#12931 = EDGE_LOOP('',(#12932,#12933,#12952,#12953));
#12932 = ORIENTED_EDGE('',*,*,#1754,.F.);
#12933 = ORIENTED_EDGE('',*,*,#12934,.F.);
#12934 = EDGE_CURVE('',#6708,#1726,#12935,.T.);
#12935 = SURFACE_CURVE('',#12936,(#12940,#12946),.PCURVE_S1.);
#12936 = LINE('',#12937,#12938);
#12937 = CARTESIAN_POINT('',(-13.61039151742,32.245266982031,0.));
#12938 = VECTOR('',#12939,1.);
#12939 = DIRECTION('',(-0.,-0.,-1.));
#12940 = PCURVE('',#1771,#12941);
#12941 = DEFINITIONAL_REPRESENTATION('',(#12942),#12945);
#12942 = B_SPLINE_CURVE_WITH_KNOTS('',1,(#12943,#12944),.UNSPECIFIED.,
  .F.,.F.,(2,2),(-4.6000006,6.E-07),.PIECEWISE_BEZIER_KNOTS.);
#12943 = CARTESIAN_POINT('',(-1.970199250313,-4.6000006));
#12944 = CARTESIAN_POINT('',(-1.970199250313,6.E-07));
#12945 = ( GEOMETRIC_REPRESENTATION_CONTEXT(2) 
PARAMETRIC_REPRESENTATION_CONTEXT() REPRESENTATION_CONTEXT('2D SPACE',''
  ) );
#12946 = PCURVE('',#1742,#12947);
#12947 = DEFINITIONAL_REPRESENTATION('',(#12948),#12951);
#12948 = B_SPLINE_CURVE_WITH_KNOTS('',1,(#12949,#12950),.UNSPECIFIED.,
  .F.,.F.,(2,2),(-4.6,0.),.PIECEWISE_BEZIER_KNOTS.);
#12949 = CARTESIAN_POINT('',(-3.716109967004,-4.6));
#12950 = CARTESIAN_POINT('',(-3.716109967004,0.));
#12951 = ( GEOMETRIC_REPRESENTATION_CONTEXT(2) 
PARAMETRIC_REPRESENTATION_CONTEXT() REPRESENTATION_CONTEXT('2D SPACE',''
  ) );
#12952 = ORIENTED_EDGE('',*,*,#6735,.T.);
#12953 = ORIENTED_EDGE('',*,*,#12909,.T.);
#12954 = ADVANCED_FACE('',(#12955),#1742,.F.);
#12955 = FACE_BOUND('',#12956,.T.);
#12956 = EDGE_LOOP('',(#12957,#12958,#12977,#12978));
#12957 = ORIENTED_EDGE('',*,*,#6707,.F.);
#12958 = ORIENTED_EDGE('',*,*,#12959,.T.);
#12959 = EDGE_CURVE('',#6684,#1697,#12960,.T.);
#12960 = SURFACE_CURVE('',#12961,(#12965,#12971),.PCURVE_S1.);
#12961 = LINE('',#12962,#12963);
#12962 = CARTESIAN_POINT('',(-12.60894830007,32.649876305523,0.));
#12963 = VECTOR('',#12964,1.);
#12964 = DIRECTION('',(-0.,-0.,-1.));
#12965 = PCURVE('',#1742,#12966);
#12966 = DEFINITIONAL_REPRESENTATION('',(#12967),#12970);
#12967 = B_SPLINE_CURVE_WITH_KNOTS('',1,(#12968,#12969),.UNSPECIFIED.,
  .F.,.F.,(2,2),(-4.6,-0.),.PIECEWISE_BEZIER_KNOTS.);
#12968 = CARTESIAN_POINT('',(-6.476612864643,-4.6));
#12969 = CARTESIAN_POINT('',(-6.476612864643,0.));
#12970 = ( GEOMETRIC_REPRESENTATION_CONTEXT(2) 
PARAMETRIC_REPRESENTATION_CONTEXT() REPRESENTATION_CONTEXT('2D SPACE',''
  ) );
#12971 = PCURVE('',#1713,#12972);
#12972 = DEFINITIONAL_REPRESENTATION('',(#12973),#12976);
#12973 = B_SPLINE_CURVE_WITH_KNOTS('',1,(#12974,#12975),.UNSPECIFIED.,
  .F.,.F.,(2,2),(-4.6000006,6.E-07),.PIECEWISE_BEZIER_KNOTS.);
#12974 = CARTESIAN_POINT('',(-1.939338274155,-4.6000006));
#12975 = CARTESIAN_POINT('',(-1.939338274155,6.E-07));
#12976 = ( GEOMETRIC_REPRESENTATION_CONTEXT(2) 
PARAMETRIC_REPRESENTATION_CONTEXT() REPRESENTATION_CONTEXT('2D SPACE',''
  ) );
#12977 = ORIENTED_EDGE('',*,*,#1725,.F.);
#12978 = ORIENTED_EDGE('',*,*,#12934,.F.);
#12979 = ADVANCED_FACE('',(#12980),#1713,.T.);
#12980 = FACE_BOUND('',#12981,.F.);
#12981 = EDGE_LOOP('',(#12982,#12983,#13002,#13003));
#12982 = ORIENTED_EDGE('',*,*,#1696,.F.);
#12983 = ORIENTED_EDGE('',*,*,#12984,.F.);
#12984 = EDGE_CURVE('',#6656,#1668,#12985,.T.);
#12985 = SURFACE_CURVE('',#12986,(#12990,#12996),.PCURVE_S1.);
#12986 = LINE('',#12987,#12988);
#12987 = CARTESIAN_POINT('',(-11.32792116813,33.116132050837,0.));
#12988 = VECTOR('',#12989,1.);
#12989 = DIRECTION('',(-0.,-0.,-1.));
#12990 = PCURVE('',#1713,#12991);
#12991 = DEFINITIONAL_REPRESENTATION('',(#12992),#12995);
#12992 = B_SPLINE_CURVE_WITH_KNOTS('',1,(#12993,#12994),.UNSPECIFIED.,
  .F.,.F.,(2,2),(-4.6000006,6.E-07),.PIECEWISE_BEZIER_KNOTS.);
#12993 = CARTESIAN_POINT('',(-1.900386080233,-4.6000006));
#12994 = CARTESIAN_POINT('',(-1.900386080233,6.E-07));
#12995 = ( GEOMETRIC_REPRESENTATION_CONTEXT(2) 
PARAMETRIC_REPRESENTATION_CONTEXT() REPRESENTATION_CONTEXT('2D SPACE',''
  ) );
#12996 = PCURVE('',#1684,#12997);
#12997 = DEFINITIONAL_REPRESENTATION('',(#12998),#13001);
#12998 = B_SPLINE_CURVE_WITH_KNOTS('',1,(#12999,#13000),.UNSPECIFIED.,
  .F.,.F.,(2,2),(-4.6,0.),.PIECEWISE_BEZIER_KNOTS.);
#12999 = CARTESIAN_POINT('',(-3.646296796924,-4.6));
#13000 = CARTESIAN_POINT('',(-3.646296796924,0.));
#13001 = ( GEOMETRIC_REPRESENTATION_CONTEXT(2) 
PARAMETRIC_REPRESENTATION_CONTEXT() REPRESENTATION_CONTEXT('2D SPACE',''
  ) );
#13002 = ORIENTED_EDGE('',*,*,#6683,.T.);
#13003 = ORIENTED_EDGE('',*,*,#12959,.T.);
#13004 = ADVANCED_FACE('',(#13005),#1684,.F.);
#13005 = FACE_BOUND('',#13006,.T.);
#13006 = EDGE_LOOP('',(#13007,#13008,#13027,#13028));
#13007 = ORIENTED_EDGE('',*,*,#6655,.F.);
#13008 = ORIENTED_EDGE('',*,*,#13009,.T.);
#13009 = EDGE_CURVE('',#6632,#1639,#13010,.T.);
#13010 = SURFACE_CURVE('',#13011,(#13015,#13021),.PCURVE_S1.);
#13011 = LINE('',#13012,#13013);
#13012 = CARTESIAN_POINT('',(-10.30069329648,33.449898618855,0.));
#13013 = VECTOR('',#13014,1.);
#13014 = DIRECTION('',(-0.,-0.,-1.));
#13015 = PCURVE('',#1684,#13016);
#13016 = DEFINITIONAL_REPRESENTATION('',(#13017),#13020);
#13017 = B_SPLINE_CURVE_WITH_KNOTS('',1,(#13018,#13019),.UNSPECIFIED.,
  .F.,.F.,(2,2),(-4.6,-0.),.PIECEWISE_BEZIER_KNOTS.);
#13018 = CARTESIAN_POINT('',(-6.406799694563,-4.6));
#13019 = CARTESIAN_POINT('',(-6.406799694563,0.));
#13020 = ( GEOMETRIC_REPRESENTATION_CONTEXT(2) 
PARAMETRIC_REPRESENTATION_CONTEXT() REPRESENTATION_CONTEXT('2D SPACE',''
  ) );
#13021 = PCURVE('',#1655,#13022);
#13022 = DEFINITIONAL_REPRESENTATION('',(#13023),#13026);
#13023 = B_SPLINE_CURVE_WITH_KNOTS('',1,(#13024,#13025),.UNSPECIFIED.,
  .F.,.F.,(2,2),(-4.6000006,6.E-07),.PIECEWISE_BEZIER_KNOTS.);
#13024 = CARTESIAN_POINT('',(-1.869525104075,-4.6000006));
#13025 = CARTESIAN_POINT('',(-1.869525104075,6.E-07));
#13026 = ( GEOMETRIC_REPRESENTATION_CONTEXT(2) 
PARAMETRIC_REPRESENTATION_CONTEXT() REPRESENTATION_CONTEXT('2D SPACE',''
  ) );
#13027 = ORIENTED_EDGE('',*,*,#1667,.F.);
#13028 = ORIENTED_EDGE('',*,*,#12984,.F.);
#13029 = ADVANCED_FACE('',(#13030),#1655,.T.);
#13030 = FACE_BOUND('',#13031,.F.);
#13031 = EDGE_LOOP('',(#13032,#13033,#13052,#13053));
#13032 = ORIENTED_EDGE('',*,*,#1638,.F.);
#13033 = ORIENTED_EDGE('',*,*,#13034,.F.);
#13034 = EDGE_CURVE('',#6604,#1610,#13035,.T.);
#13035 = SURFACE_CURVE('',#13036,(#13040,#13046),.PCURVE_S1.);
#13036 = LINE('',#13037,#13038);
#13037 = CARTESIAN_POINT('',(-8.990262325601,33.825658653112,0.));
#13038 = VECTOR('',#13039,1.);
#13039 = DIRECTION('',(-0.,-0.,-1.));
#13040 = PCURVE('',#1655,#13041);
#13041 = DEFINITIONAL_REPRESENTATION('',(#13042),#13045);
#13042 = B_SPLINE_CURVE_WITH_KNOTS('',1,(#13043,#13044),.UNSPECIFIED.,
  .F.,.F.,(2,2),(-4.6000006,6.E-07),.PIECEWISE_BEZIER_KNOTS.);
#13043 = CARTESIAN_POINT('',(-1.830572910153,-4.6000006));
#13044 = CARTESIAN_POINT('',(-1.830572910153,6.E-07));
#13045 = ( GEOMETRIC_REPRESENTATION_CONTEXT(2) 
PARAMETRIC_REPRESENTATION_CONTEXT() REPRESENTATION_CONTEXT('2D SPACE',''
  ) );
#13046 = PCURVE('',#1626,#13047);
#13047 = DEFINITIONAL_REPRESENTATION('',(#13048),#13051);
#13048 = B_SPLINE_CURVE_WITH_KNOTS('',1,(#13049,#13050),.UNSPECIFIED.,
  .F.,.F.,(2,2),(-4.6,0.),.PIECEWISE_BEZIER_KNOTS.);
#13049 = CARTESIAN_POINT('',(-3.576483626844,-4.6));
#13050 = CARTESIAN_POINT('',(-3.576483626844,0.));
#13051 = ( GEOMETRIC_REPRESENTATION_CONTEXT(2) 
PARAMETRIC_REPRESENTATION_CONTEXT() REPRESENTATION_CONTEXT('2D SPACE',''
  ) );
#13052 = ORIENTED_EDGE('',*,*,#6631,.T.);
#13053 = ORIENTED_EDGE('',*,*,#13009,.T.);
#13054 = ADVANCED_FACE('',(#13055),#1626,.F.);
#13055 = FACE_BOUND('',#13056,.T.);
#13056 = EDGE_LOOP('',(#13057,#13058,#13077,#13078));
#13057 = ORIENTED_EDGE('',*,*,#6603,.F.);
#13058 = ORIENTED_EDGE('',*,*,#13059,.T.);
#13059 = EDGE_CURVE('',#6580,#1581,#13060,.T.);
#13060 = SURFACE_CURVE('',#13061,(#13065,#13071),.PCURVE_S1.);
#13061 = LINE('',#13062,#13063);
#13062 = CARTESIAN_POINT('',(-7.942254350579,34.086956388488,0.));
#13063 = VECTOR('',#13064,1.);
#13064 = DIRECTION('',(-0.,-0.,-1.));
#13065 = PCURVE('',#1626,#13066);
#13066 = DEFINITIONAL_REPRESENTATION('',(#13067),#13070);
#13067 = B_SPLINE_CURVE_WITH_KNOTS('',1,(#13068,#13069),.UNSPECIFIED.,
  .F.,.F.,(2,2),(-4.6,-0.),.PIECEWISE_BEZIER_KNOTS.);
#13068 = CARTESIAN_POINT('',(-6.336986524484,-4.6));
#13069 = CARTESIAN_POINT('',(-6.336986524484,0.));
#13070 = ( GEOMETRIC_REPRESENTATION_CONTEXT(2) 
PARAMETRIC_REPRESENTATION_CONTEXT() REPRESENTATION_CONTEXT('2D SPACE',''
  ) );
#13071 = PCURVE('',#1597,#13072);
#13072 = DEFINITIONAL_REPRESENTATION('',(#13073),#13076);
#13073 = B_SPLINE_CURVE_WITH_KNOTS('',1,(#13074,#13075),.UNSPECIFIED.,
  .F.,.F.,(2,2),(-4.6000006,6.E-07),.PIECEWISE_BEZIER_KNOTS.);
#13074 = CARTESIAN_POINT('',(-1.799711933995,-4.6000006));
#13075 = CARTESIAN_POINT('',(-1.799711933995,6.E-07));
#13076 = ( GEOMETRIC_REPRESENTATION_CONTEXT(2) 
PARAMETRIC_REPRESENTATION_CONTEXT() REPRESENTATION_CONTEXT('2D SPACE',''
  ) );
#13077 = ORIENTED_EDGE('',*,*,#1609,.F.);
#13078 = ORIENTED_EDGE('',*,*,#13034,.F.);
#13079 = ADVANCED_FACE('',(#13080),#1597,.T.);
#13080 = FACE_BOUND('',#13081,.F.);
#13081 = EDGE_LOOP('',(#13082,#13083,#13102,#13103));
#13082 = ORIENTED_EDGE('',*,*,#1580,.F.);
#13083 = ORIENTED_EDGE('',*,*,#13084,.F.);
#13084 = EDGE_CURVE('',#6556,#1552,#13085,.T.);
#13085 = SURFACE_CURVE('',#13086,(#13090,#13096),.PCURVE_S1.);
#13086 = LINE('',#13087,#13088);
#13087 = CARTESIAN_POINT('',(-6.608803828711,34.370390046574,0.));
#13088 = VECTOR('',#13089,1.);
#13089 = DIRECTION('',(-0.,-0.,-1.));
#13090 = PCURVE('',#1597,#13091);
#13091 = DEFINITIONAL_REPRESENTATION('',(#13092),#13095);
#13092 = B_SPLINE_CURVE_WITH_KNOTS('',1,(#13093,#13094),.UNSPECIFIED.,
  .F.,.F.,(2,2),(-4.6000006,6.E-07),.PIECEWISE_BEZIER_KNOTS.);
#13093 = CARTESIAN_POINT('',(-1.760759740073,-4.6000006));
#13094 = CARTESIAN_POINT('',(-1.760759740073,6.E-07));
#13095 = ( GEOMETRIC_REPRESENTATION_CONTEXT(2) 
PARAMETRIC_REPRESENTATION_CONTEXT() REPRESENTATION_CONTEXT('2D SPACE',''
  ) );
#13096 = PCURVE('',#1568,#13097);
#13097 = DEFINITIONAL_REPRESENTATION('',(#13098),#13101);
#13098 = B_SPLINE_CURVE_WITH_KNOTS('',1,(#13099,#13100),.UNSPECIFIED.,
  .F.,.F.,(2,2),(-4.6000006,6.E-07),.PIECEWISE_BEZIER_KNOTS.);
#13099 = CARTESIAN_POINT('',(-3.506670456764,-4.6000006));
#13100 = CARTESIAN_POINT('',(-3.506670456764,6.E-07));
#13101 = ( GEOMETRIC_REPRESENTATION_CONTEXT(2) 
PARAMETRIC_REPRESENTATION_CONTEXT() REPRESENTATION_CONTEXT('2D SPACE',''
  ) );
#13102 = ORIENTED_EDGE('',*,*,#6579,.T.);
#13103 = ORIENTED_EDGE('',*,*,#13059,.T.);
#13104 = ADVANCED_FACE('',(#13105),#1568,.F.);
#13105 = FACE_BOUND('',#13106,.T.);
#13106 = EDGE_LOOP('',(#13107,#13108,#13109,#13110));
#13107 = ORIENTED_EDGE('',*,*,#1551,.F.);
#13108 = ORIENTED_EDGE('',*,*,#13084,.F.);
#13109 = ORIENTED_EDGE('',*,*,#6555,.T.);
#13110 = ORIENTED_EDGE('',*,*,#13111,.T.);
#13111 = EDGE_CURVE('',#6532,#1523,#13112,.T.);
#13112 = SURFACE_CURVE('',#13113,(#13117,#13123),.PCURVE_S1.);
#13113 = LINE('',#13114,#13115);
#13114 = CARTESIAN_POINT('',(-5.545121539827,34.557945933006,0.));
#13115 = VECTOR('',#13116,1.);
#13116 = DIRECTION('',(-0.,-0.,-1.));
#13117 = PCURVE('',#1568,#13118);
#13118 = DEFINITIONAL_REPRESENTATION('',(#13119),#13122);
#13119 = B_SPLINE_CURVE_WITH_KNOTS('',1,(#13120,#13121),.UNSPECIFIED.,
  .F.,.F.,(2,2),(-4.6000006,6.E-07),.PIECEWISE_BEZIER_KNOTS.);
#13120 = CARTESIAN_POINT('',(-6.267173354404,-4.6000006));
#13121 = CARTESIAN_POINT('',(-6.267173354404,6.E-07));
#13122 = ( GEOMETRIC_REPRESENTATION_CONTEXT(2) 
PARAMETRIC_REPRESENTATION_CONTEXT() REPRESENTATION_CONTEXT('2D SPACE',''
  ) );
#13123 = PCURVE('',#1539,#13124);
#13124 = DEFINITIONAL_REPRESENTATION('',(#13125),#13128);
#13125 = B_SPLINE_CURVE_WITH_KNOTS('',1,(#13126,#13127),.UNSPECIFIED.,
  .F.,.F.,(2,2),(-4.6000006,6.E-07),.PIECEWISE_BEZIER_KNOTS.);
#13126 = CARTESIAN_POINT('',(-1.729898763915,-4.6000006));
#13127 = CARTESIAN_POINT('',(-1.729898763915,6.E-07));
#13128 = ( GEOMETRIC_REPRESENTATION_CONTEXT(2) 
PARAMETRIC_REPRESENTATION_CONTEXT() REPRESENTATION_CONTEXT('2D SPACE',''
  ) );
#13129 = ADVANCED_FACE('',(#13130),#1539,.T.);
#13130 = FACE_BOUND('',#13131,.F.);
#13131 = EDGE_LOOP('',(#13132,#13133,#13152,#13153));
#13132 = ORIENTED_EDGE('',*,*,#1522,.F.);
#13133 = ORIENTED_EDGE('',*,*,#13134,.F.);
#13134 = EDGE_CURVE('',#6508,#1494,#13135,.T.);
#13135 = SURFACE_CURVE('',#13136,(#13140,#13146),.PCURVE_S1.);
#13136 = LINE('',#13137,#13138);
#13137 = CARTESIAN_POINT('',(-4.195147903883,34.747672354628,0.));
#13138 = VECTOR('',#13139,1.);
#13139 = DIRECTION('',(-0.,-0.,-1.));
#13140 = PCURVE('',#1539,#13141);
#13141 = DEFINITIONAL_REPRESENTATION('',(#13142),#13145);
#13142 = B_SPLINE_CURVE_WITH_KNOTS('',1,(#13143,#13144),.UNSPECIFIED.,
  .F.,.F.,(2,2),(-4.6000006,6.E-07),.PIECEWISE_BEZIER_KNOTS.);
#13143 = CARTESIAN_POINT('',(-1.690946569994,-4.6000006));
#13144 = CARTESIAN_POINT('',(-1.690946569994,6.E-07));
#13145 = ( GEOMETRIC_REPRESENTATION_CONTEXT(2) 
PARAMETRIC_REPRESENTATION_CONTEXT() REPRESENTATION_CONTEXT('2D SPACE',''
  ) );
#13146 = PCURVE('',#1510,#13147);
#13147 = DEFINITIONAL_REPRESENTATION('',(#13148),#13151);
#13148 = B_SPLINE_CURVE_WITH_KNOTS('',1,(#13149,#13150),.UNSPECIFIED.,
  .F.,.F.,(2,2),(-4.6000006,6.E-07),.PIECEWISE_BEZIER_KNOTS.);
#13149 = CARTESIAN_POINT('',(-3.436857286685,-4.6000006));
#13150 = CARTESIAN_POINT('',(-3.436857286685,6.E-07));
#13151 = ( GEOMETRIC_REPRESENTATION_CONTEXT(2) 
PARAMETRIC_REPRESENTATION_CONTEXT() REPRESENTATION_CONTEXT('2D SPACE',''
  ) );
#13152 = ORIENTED_EDGE('',*,*,#6531,.T.);
#13153 = ORIENTED_EDGE('',*,*,#13111,.T.);
#13154 = ADVANCED_FACE('',(#13155),#1510,.F.);
#13155 = FACE_BOUND('',#13156,.T.);
#13156 = EDGE_LOOP('',(#13157,#13158,#13159,#13160));
#13157 = ORIENTED_EDGE('',*,*,#1493,.F.);
#13158 = ORIENTED_EDGE('',*,*,#13134,.F.);
#13159 = ORIENTED_EDGE('',*,*,#6507,.T.);
#13160 = ORIENTED_EDGE('',*,*,#13161,.T.);
#13161 = EDGE_CURVE('',#6484,#1465,#13162,.T.);
#13162 = SURFACE_CURVE('',#13163,(#13167,#13173),.PCURVE_S1.);
#13163 = LINE('',#13164,#13165);
#13164 = CARTESIAN_POINT('',(-3.120973454326,34.86057263869,0.));
#13165 = VECTOR('',#13166,1.);
#13166 = DIRECTION('',(-0.,-0.,-1.));
#13167 = PCURVE('',#1510,#13168);
#13168 = DEFINITIONAL_REPRESENTATION('',(#13169),#13172);
#13169 = B_SPLINE_CURVE_WITH_KNOTS('',1,(#13170,#13171),.UNSPECIFIED.,
  .F.,.F.,(2,2),(-4.6000006,6.E-07),.PIECEWISE_BEZIER_KNOTS.);
#13170 = CARTESIAN_POINT('',(-6.197360184324,-4.6000006));
#13171 = CARTESIAN_POINT('',(-6.197360184324,6.E-07));
#13172 = ( GEOMETRIC_REPRESENTATION_CONTEXT(2) 
PARAMETRIC_REPRESENTATION_CONTEXT() REPRESENTATION_CONTEXT('2D SPACE',''
  ) );
#13173 = PCURVE('',#1481,#13174);
#13174 = DEFINITIONAL_REPRESENTATION('',(#13175),#13178);
#13175 = B_SPLINE_CURVE_WITH_KNOTS('',1,(#13176,#13177),.UNSPECIFIED.,
  .F.,.F.,(2,2),(-4.6000006,6.E-07),.PIECEWISE_BEZIER_KNOTS.);
#13176 = CARTESIAN_POINT('',(-1.660085593836,-4.6000006));
#13177 = CARTESIAN_POINT('',(-1.660085593836,6.E-07));
#13178 = ( GEOMETRIC_REPRESENTATION_CONTEXT(2) 
PARAMETRIC_REPRESENTATION_CONTEXT() REPRESENTATION_CONTEXT('2D SPACE',''
  ) );
#13179 = ADVANCED_FACE('',(#13180),#1481,.T.);
#13180 = FACE_BOUND('',#13181,.F.);
#13181 = EDGE_LOOP('',(#13182,#13183,#13202,#13203));
#13182 = ORIENTED_EDGE('',*,*,#1464,.F.);
#13183 = ORIENTED_EDGE('',*,*,#13184,.F.);
#13184 = EDGE_CURVE('',#6460,#1436,#13185,.T.);
#13185 = SURFACE_CURVE('',#13186,(#13190,#13196),.PCURVE_S1.);
#13186 = LINE('',#13187,#13188);
#13187 = CARTESIAN_POINT('',(-1.761053640161,34.955667495794,0.));
#13188 = VECTOR('',#13189,1.);
#13189 = DIRECTION('',(-0.,-0.,-1.));
#13190 = PCURVE('',#1481,#13191);
#13191 = DEFINITIONAL_REPRESENTATION('',(#13192),#13195);
#13192 = B_SPLINE_CURVE_WITH_KNOTS('',1,(#13193,#13194),.UNSPECIFIED.,
  .F.,.F.,(2,2),(-4.6000006,6.E-07),.PIECEWISE_BEZIER_KNOTS.);
#13193 = CARTESIAN_POINT('',(-1.621133399914,-4.6000006));
#13194 = CARTESIAN_POINT('',(-1.621133399914,6.E-07));
#13195 = ( GEOMETRIC_REPRESENTATION_CONTEXT(2) 
PARAMETRIC_REPRESENTATION_CONTEXT() REPRESENTATION_CONTEXT('2D SPACE',''
  ) );
#13196 = PCURVE('',#1452,#13197);
#13197 = DEFINITIONAL_REPRESENTATION('',(#13198),#13201);
#13198 = B_SPLINE_CURVE_WITH_KNOTS('',1,(#13199,#13200),.UNSPECIFIED.,
  .F.,.F.,(2,2),(-4.6000006,6.E-07),.PIECEWISE_BEZIER_KNOTS.);
#13199 = CARTESIAN_POINT('',(-3.367044116605,-4.6000006));
#13200 = CARTESIAN_POINT('',(-3.367044116605,6.E-07));
#13201 = ( GEOMETRIC_REPRESENTATION_CONTEXT(2) 
PARAMETRIC_REPRESENTATION_CONTEXT() REPRESENTATION_CONTEXT('2D SPACE',''
  ) );
#13202 = ORIENTED_EDGE('',*,*,#6483,.T.);
#13203 = ORIENTED_EDGE('',*,*,#13161,.T.);
#13204 = ADVANCED_FACE('',(#13205),#1452,.F.);
#13205 = FACE_BOUND('',#13206,.T.);
#13206 = EDGE_LOOP('',(#13207,#13208,#13209,#13210));
#13207 = ORIENTED_EDGE('',*,*,#1435,.F.);
#13208 = ORIENTED_EDGE('',*,*,#13184,.F.);
#13209 = ORIENTED_EDGE('',*,*,#6459,.T.);
#13210 = ORIENTED_EDGE('',*,*,#13211,.T.);
#13211 = EDGE_CURVE('',#6436,#1407,#13212,.T.);
#13212 = SURFACE_CURVE('',#13213,(#13217,#13223),.PCURVE_S1.);
#13213 = LINE('',#13214,#13215);
#13214 = CARTESIAN_POINT('',(-0.681620299875,34.993362138651,0.));
#13215 = VECTOR('',#13216,1.);
#13216 = DIRECTION('',(-0.,-0.,-1.));
#13217 = PCURVE('',#1452,#13218);
#13218 = DEFINITIONAL_REPRESENTATION('',(#13219),#13222);
#13219 = B_SPLINE_CURVE_WITH_KNOTS('',1,(#13220,#13221),.UNSPECIFIED.,
  .F.,.F.,(2,2),(-4.6000006,6.E-07),.PIECEWISE_BEZIER_KNOTS.);
#13220 = CARTESIAN_POINT('',(-6.127547014244,-4.6000006));
#13221 = CARTESIAN_POINT('',(-6.127547014244,6.E-07));
#13222 = ( GEOMETRIC_REPRESENTATION_CONTEXT(2) 
PARAMETRIC_REPRESENTATION_CONTEXT() REPRESENTATION_CONTEXT('2D SPACE',''
  ) );
#13223 = PCURVE('',#1423,#13224);
#13224 = DEFINITIONAL_REPRESENTATION('',(#13225),#13228);
#13225 = B_SPLINE_CURVE_WITH_KNOTS('',1,(#13226,#13227),.UNSPECIFIED.,
  .F.,.F.,(2,2),(-4.6000006,6.E-07),.PIECEWISE_BEZIER_KNOTS.);
#13226 = CARTESIAN_POINT('',(-1.590272423756,-4.6000006));
#13227 = CARTESIAN_POINT('',(-1.590272423756,6.E-07));
#13228 = ( GEOMETRIC_REPRESENTATION_CONTEXT(2) 
PARAMETRIC_REPRESENTATION_CONTEXT() REPRESENTATION_CONTEXT('2D SPACE',''
  ) );
#13229 = ADVANCED_FACE('',(#13230),#1423,.T.);
#13230 = FACE_BOUND('',#13231,.F.);
#13231 = EDGE_LOOP('',(#13232,#13233,#13252,#13253));
#13232 = ORIENTED_EDGE('',*,*,#1406,.F.);
#13233 = ORIENTED_EDGE('',*,*,#13234,.F.);
#13234 = EDGE_CURVE('',#6412,#1378,#13235,.T.);
#13235 = SURFACE_CURVE('',#13236,(#13240,#13246),.PCURVE_S1.);
#13236 = LINE('',#13237,#13238);
#13237 = CARTESIAN_POINT('',(0.681620299875,34.993362138651,0.));
#13238 = VECTOR('',#13239,1.);
#13239 = DIRECTION('',(-0.,-0.,-1.));
#13240 = PCURVE('',#1423,#13241);
#13241 = DEFINITIONAL_REPRESENTATION('',(#13242),#13245);
#13242 = B_SPLINE_CURVE_WITH_KNOTS('',1,(#13243,#13244),.UNSPECIFIED.,
  .F.,.F.,(2,2),(-4.6000006,6.E-07),.PIECEWISE_BEZIER_KNOTS.);
#13243 = CARTESIAN_POINT('',(-1.551320229834,-4.6000006));
#13244 = CARTESIAN_POINT('',(-1.551320229834,6.E-07));
#13245 = ( GEOMETRIC_REPRESENTATION_CONTEXT(2) 
PARAMETRIC_REPRESENTATION_CONTEXT() REPRESENTATION_CONTEXT('2D SPACE',''
  ) );
#13246 = PCURVE('',#1394,#13247);
#13247 = DEFINITIONAL_REPRESENTATION('',(#13248),#13251);
#13248 = B_SPLINE_CURVE_WITH_KNOTS('',1,(#13249,#13250),.UNSPECIFIED.,
  .F.,.F.,(2,2),(-4.6000006,6.E-07),.PIECEWISE_BEZIER_KNOTS.);
#13249 = CARTESIAN_POINT('',(-3.297230946525,-4.6000006));
#13250 = CARTESIAN_POINT('',(-3.297230946525,6.E-07));
#13251 = ( GEOMETRIC_REPRESENTATION_CONTEXT(2) 
PARAMETRIC_REPRESENTATION_CONTEXT() REPRESENTATION_CONTEXT('2D SPACE',''
  ) );
#13252 = ORIENTED_EDGE('',*,*,#6435,.T.);
#13253 = ORIENTED_EDGE('',*,*,#13211,.T.);
#13254 = ADVANCED_FACE('',(#13255),#1394,.F.);
#13255 = FACE_BOUND('',#13256,.T.);
#13256 = EDGE_LOOP('',(#13257,#13258,#13259,#13260));
#13257 = ORIENTED_EDGE('',*,*,#1377,.F.);
#13258 = ORIENTED_EDGE('',*,*,#13234,.F.);
#13259 = ORIENTED_EDGE('',*,*,#6411,.T.);
#13260 = ORIENTED_EDGE('',*,*,#13261,.T.);
#13261 = EDGE_CURVE('',#6388,#1349,#13262,.T.);
#13262 = SURFACE_CURVE('',#13263,(#13267,#13273),.PCURVE_S1.);
#13263 = LINE('',#13264,#13265);
#13264 = CARTESIAN_POINT('',(1.761053640161,34.955667495794,0.));
#13265 = VECTOR('',#13266,1.);
#13266 = DIRECTION('',(-0.,-0.,-1.));
#13267 = PCURVE('',#1394,#13268);
#13268 = DEFINITIONAL_REPRESENTATION('',(#13269),#13272);
#13269 = B_SPLINE_CURVE_WITH_KNOTS('',1,(#13270,#13271),.UNSPECIFIED.,
  .F.,.F.,(2,2),(-4.6000006,6.E-07),.PIECEWISE_BEZIER_KNOTS.);
#13270 = CARTESIAN_POINT('',(-6.057733844164,-4.6000006));
#13271 = CARTESIAN_POINT('',(-6.057733844164,6.E-07));
#13272 = ( GEOMETRIC_REPRESENTATION_CONTEXT(2) 
PARAMETRIC_REPRESENTATION_CONTEXT() REPRESENTATION_CONTEXT('2D SPACE',''
  ) );
#13273 = PCURVE('',#1365,#13274);
#13274 = DEFINITIONAL_REPRESENTATION('',(#13275),#13278);
#13275 = B_SPLINE_CURVE_WITH_KNOTS('',1,(#13276,#13277),.UNSPECIFIED.,
  .F.,.F.,(2,2),(-4.6000006,6.E-07),.PIECEWISE_BEZIER_KNOTS.);
#13276 = CARTESIAN_POINT('',(-1.520459253676,-4.6000006));
#13277 = CARTESIAN_POINT('',(-1.520459253676,6.E-07));
#13278 = ( GEOMETRIC_REPRESENTATION_CONTEXT(2) 
PARAMETRIC_REPRESENTATION_CONTEXT() REPRESENTATION_CONTEXT('2D SPACE',''
  ) );
#13279 = ADVANCED_FACE('',(#13280),#1365,.T.);
#13280 = FACE_BOUND('',#13281,.F.);
#13281 = EDGE_LOOP('',(#13282,#13283,#13302,#13303));
#13282 = ORIENTED_EDGE('',*,*,#1348,.F.);
#13283 = ORIENTED_EDGE('',*,*,#13284,.F.);
#13284 = EDGE_CURVE('',#6364,#1320,#13285,.T.);
#13285 = SURFACE_CURVE('',#13286,(#13290,#13296),.PCURVE_S1.);
#13286 = LINE('',#13287,#13288);
#13287 = CARTESIAN_POINT('',(3.120973454326,34.86057263869,0.));
#13288 = VECTOR('',#13289,1.);
#13289 = DIRECTION('',(-0.,-0.,-1.));
#13290 = PCURVE('',#1365,#13291);
#13291 = DEFINITIONAL_REPRESENTATION('',(#13292),#13295);
#13292 = B_SPLINE_CURVE_WITH_KNOTS('',1,(#13293,#13294),.UNSPECIFIED.,
  .F.,.F.,(2,2),(-4.6000006,6.E-07),.PIECEWISE_BEZIER_KNOTS.);
#13293 = CARTESIAN_POINT('',(-1.481507059754,-4.6000006));
#13294 = CARTESIAN_POINT('',(-1.481507059754,6.E-07));
#13295 = ( GEOMETRIC_REPRESENTATION_CONTEXT(2) 
PARAMETRIC_REPRESENTATION_CONTEXT() REPRESENTATION_CONTEXT('2D SPACE',''
  ) );
#13296 = PCURVE('',#1336,#13297);
#13297 = DEFINITIONAL_REPRESENTATION('',(#13298),#13301);
#13298 = B_SPLINE_CURVE_WITH_KNOTS('',1,(#13299,#13300),.UNSPECIFIED.,
  .F.,.F.,(2,2),(-4.6000006,6.E-07),.PIECEWISE_BEZIER_KNOTS.);
#13299 = CARTESIAN_POINT('',(-3.227417776445,-4.6000006));
#13300 = CARTESIAN_POINT('',(-3.227417776445,6.E-07));
#13301 = ( GEOMETRIC_REPRESENTATION_CONTEXT(2) 
PARAMETRIC_REPRESENTATION_CONTEXT() REPRESENTATION_CONTEXT('2D SPACE',''
  ) );
#13302 = ORIENTED_EDGE('',*,*,#6387,.T.);
#13303 = ORIENTED_EDGE('',*,*,#13261,.T.);
#13304 = ADVANCED_FACE('',(#13305),#1336,.F.);
#13305 = FACE_BOUND('',#13306,.T.);
#13306 = EDGE_LOOP('',(#13307,#13308,#13309,#13310));
#13307 = ORIENTED_EDGE('',*,*,#1319,.F.);
#13308 = ORIENTED_EDGE('',*,*,#13284,.F.);
#13309 = ORIENTED_EDGE('',*,*,#6363,.T.);
#13310 = ORIENTED_EDGE('',*,*,#13311,.T.);
#13311 = EDGE_CURVE('',#6340,#1291,#13312,.T.);
#13312 = SURFACE_CURVE('',#13313,(#13317,#13323),.PCURVE_S1.);
#13313 = LINE('',#13314,#13315);
#13314 = CARTESIAN_POINT('',(4.195147903883,34.747672354628,0.));
#13315 = VECTOR('',#13316,1.);
#13316 = DIRECTION('',(-0.,-0.,-1.));
#13317 = PCURVE('',#1336,#13318);
#13318 = DEFINITIONAL_REPRESENTATION('',(#13319),#13322);
#13319 = B_SPLINE_CURVE_WITH_KNOTS('',1,(#13320,#13321),.UNSPECIFIED.,
  .F.,.F.,(2,2),(-4.6000006,6.E-07),.PIECEWISE_BEZIER_KNOTS.);
#13320 = CARTESIAN_POINT('',(-5.987920674085,-4.6000006));
#13321 = CARTESIAN_POINT('',(-5.987920674085,6.E-07));
#13322 = ( GEOMETRIC_REPRESENTATION_CONTEXT(2) 
PARAMETRIC_REPRESENTATION_CONTEXT() REPRESENTATION_CONTEXT('2D SPACE',''
  ) );
#13323 = PCURVE('',#1307,#13324);
#13324 = DEFINITIONAL_REPRESENTATION('',(#13325),#13328);
#13325 = B_SPLINE_CURVE_WITH_KNOTS('',1,(#13326,#13327),.UNSPECIFIED.,
  .F.,.F.,(2,2),(-4.6000006,6.E-07),.PIECEWISE_BEZIER_KNOTS.);
#13326 = CARTESIAN_POINT('',(-1.450646083596,-4.6000006));
#13327 = CARTESIAN_POINT('',(-1.450646083596,6.E-07));
#13328 = ( GEOMETRIC_REPRESENTATION_CONTEXT(2) 
PARAMETRIC_REPRESENTATION_CONTEXT() REPRESENTATION_CONTEXT('2D SPACE',''
  ) );
#13329 = ADVANCED_FACE('',(#13330),#1307,.T.);
#13330 = FACE_BOUND('',#13331,.F.);
#13331 = EDGE_LOOP('',(#13332,#13333,#13352,#13353));
#13332 = ORIENTED_EDGE('',*,*,#1290,.F.);
#13333 = ORIENTED_EDGE('',*,*,#13334,.F.);
#13334 = EDGE_CURVE('',#6316,#1262,#13335,.T.);
#13335 = SURFACE_CURVE('',#13336,(#13340,#13346),.PCURVE_S1.);
#13336 = LINE('',#13337,#13338);
#13337 = CARTESIAN_POINT('',(5.545121539827,34.557945933006,0.));
#13338 = VECTOR('',#13339,1.);
#13339 = DIRECTION('',(-0.,-0.,-1.));
#13340 = PCURVE('',#1307,#13341);
#13341 = DEFINITIONAL_REPRESENTATION('',(#13342),#13345);
#13342 = B_SPLINE_CURVE_WITH_KNOTS('',1,(#13343,#13344),.UNSPECIFIED.,
  .F.,.F.,(2,2),(-4.6000006,6.E-07),.PIECEWISE_BEZIER_KNOTS.);
#13343 = CARTESIAN_POINT('',(-1.411693889674,-4.6000006));
#13344 = CARTESIAN_POINT('',(-1.411693889674,6.E-07));
#13345 = ( GEOMETRIC_REPRESENTATION_CONTEXT(2) 
PARAMETRIC_REPRESENTATION_CONTEXT() REPRESENTATION_CONTEXT('2D SPACE',''
  ) );
#13346 = PCURVE('',#1278,#13347);
#13347 = DEFINITIONAL_REPRESENTATION('',(#13348),#13351);
#13348 = B_SPLINE_CURVE_WITH_KNOTS('',1,(#13349,#13350),.UNSPECIFIED.,
  .F.,.F.,(2,2),(-4.6000006,6.E-07),.PIECEWISE_BEZIER_KNOTS.);
#13349 = CARTESIAN_POINT('',(-3.157604606366,-4.6000006));
#13350 = CARTESIAN_POINT('',(-3.157604606366,6.E-07));
#13351 = ( GEOMETRIC_REPRESENTATION_CONTEXT(2) 
PARAMETRIC_REPRESENTATION_CONTEXT() REPRESENTATION_CONTEXT('2D SPACE',''
  ) );
#13352 = ORIENTED_EDGE('',*,*,#6339,.T.);
#13353 = ORIENTED_EDGE('',*,*,#13311,.T.);
#13354 = ADVANCED_FACE('',(#13355),#1278,.F.);
#13355 = FACE_BOUND('',#13356,.T.);
#13356 = EDGE_LOOP('',(#13357,#13358,#13359,#13360));
#13357 = ORIENTED_EDGE('',*,*,#1261,.F.);
#13358 = ORIENTED_EDGE('',*,*,#13334,.F.);
#13359 = ORIENTED_EDGE('',*,*,#6315,.T.);
#13360 = ORIENTED_EDGE('',*,*,#13361,.T.);
#13361 = EDGE_CURVE('',#6292,#1233,#13362,.T.);
#13362 = SURFACE_CURVE('',#13363,(#13367,#13373),.PCURVE_S1.);
#13363 = LINE('',#13364,#13365);
#13364 = CARTESIAN_POINT('',(6.608803828711,34.370390046574,0.));
#13365 = VECTOR('',#13366,1.);
#13366 = DIRECTION('',(-0.,-0.,-1.));
#13367 = PCURVE('',#1278,#13368);
#13368 = DEFINITIONAL_REPRESENTATION('',(#13369),#13372);
#13369 = B_SPLINE_CURVE_WITH_KNOTS('',1,(#13370,#13371),.UNSPECIFIED.,
  .F.,.F.,(2,2),(-4.6000006,6.E-07),.PIECEWISE_BEZIER_KNOTS.);
#13370 = CARTESIAN_POINT('',(-5.918107504005,-4.6000006));
#13371 = CARTESIAN_POINT('',(-5.918107504005,6.E-07));
#13372 = ( GEOMETRIC_REPRESENTATION_CONTEXT(2) 
PARAMETRIC_REPRESENTATION_CONTEXT() REPRESENTATION_CONTEXT('2D SPACE',''
  ) );
#13373 = PCURVE('',#1249,#13374);
#13374 = DEFINITIONAL_REPRESENTATION('',(#13375),#13378);
#13375 = B_SPLINE_CURVE_WITH_KNOTS('',1,(#13376,#13377),.UNSPECIFIED.,
  .F.,.F.,(2,2),(-4.6000006,6.E-07),.PIECEWISE_BEZIER_KNOTS.);
#13376 = CARTESIAN_POINT('',(-1.380832913516,-4.6000006));
#13377 = CARTESIAN_POINT('',(-1.380832913516,6.E-07));
#13378 = ( GEOMETRIC_REPRESENTATION_CONTEXT(2) 
PARAMETRIC_REPRESENTATION_CONTEXT() REPRESENTATION_CONTEXT('2D SPACE',''
  ) );
#13379 = ADVANCED_FACE('',(#13380),#1249,.T.);
#13380 = FACE_BOUND('',#13381,.F.);
#13381 = EDGE_LOOP('',(#13382,#13383,#13402,#13403));
#13382 = ORIENTED_EDGE('',*,*,#1232,.F.);
#13383 = ORIENTED_EDGE('',*,*,#13384,.F.);
#13384 = EDGE_CURVE('',#6268,#1204,#13385,.T.);
#13385 = SURFACE_CURVE('',#13386,(#13390,#13396),.PCURVE_S1.);
#13386 = LINE('',#13387,#13388);
#13387 = CARTESIAN_POINT('',(7.942254350579,34.086956388488,0.));
#13388 = VECTOR('',#13389,1.);
#13389 = DIRECTION('',(-0.,-0.,-1.));
#13390 = PCURVE('',#1249,#13391);
#13391 = DEFINITIONAL_REPRESENTATION('',(#13392),#13395);
#13392 = B_SPLINE_CURVE_WITH_KNOTS('',1,(#13393,#13394),.UNSPECIFIED.,
  .F.,.F.,(2,2),(-4.6000006,6.E-07),.PIECEWISE_BEZIER_KNOTS.);
#13393 = CARTESIAN_POINT('',(-1.341880719595,-4.6000006));
#13394 = CARTESIAN_POINT('',(-1.341880719595,6.E-07));
#13395 = ( GEOMETRIC_REPRESENTATION_CONTEXT(2) 
PARAMETRIC_REPRESENTATION_CONTEXT() REPRESENTATION_CONTEXT('2D SPACE',''
  ) );
#13396 = PCURVE('',#1220,#13397);
#13397 = DEFINITIONAL_REPRESENTATION('',(#13398),#13401);
#13398 = B_SPLINE_CURVE_WITH_KNOTS('',1,(#13399,#13400),.UNSPECIFIED.,
  .F.,.F.,(2,2),(-4.6000006,6.E-07),.PIECEWISE_BEZIER_KNOTS.);
#13399 = CARTESIAN_POINT('',(-3.087791436286,-4.6000006));
#13400 = CARTESIAN_POINT('',(-3.087791436286,6.E-07));
#13401 = ( GEOMETRIC_REPRESENTATION_CONTEXT(2) 
PARAMETRIC_REPRESENTATION_CONTEXT() REPRESENTATION_CONTEXT('2D SPACE',''
  ) );
#13402 = ORIENTED_EDGE('',*,*,#6291,.T.);
#13403 = ORIENTED_EDGE('',*,*,#13361,.T.);
#13404 = ADVANCED_FACE('',(#13405),#1220,.F.);
#13405 = FACE_BOUND('',#13406,.T.);
#13406 = EDGE_LOOP('',(#13407,#13408,#13409,#13410));
#13407 = ORIENTED_EDGE('',*,*,#1203,.F.);
#13408 = ORIENTED_EDGE('',*,*,#13384,.F.);
#13409 = ORIENTED_EDGE('',*,*,#6267,.T.);
#13410 = ORIENTED_EDGE('',*,*,#13411,.T.);
#13411 = EDGE_CURVE('',#6244,#1175,#13412,.T.);
#13412 = SURFACE_CURVE('',#13413,(#13417,#13423),.PCURVE_S1.);
#13413 = LINE('',#13414,#13415);
#13414 = CARTESIAN_POINT('',(8.990262325601,33.825658653112,0.));
#13415 = VECTOR('',#13416,1.);
#13416 = DIRECTION('',(-0.,-0.,-1.));
#13417 = PCURVE('',#1220,#13418);
#13418 = DEFINITIONAL_REPRESENTATION('',(#13419),#13422);
#13419 = B_SPLINE_CURVE_WITH_KNOTS('',1,(#13420,#13421),.UNSPECIFIED.,
  .F.,.F.,(2,2),(-4.6000006,6.E-07),.PIECEWISE_BEZIER_KNOTS.);
#13420 = CARTESIAN_POINT('',(-5.848294333925,-4.6000006));
#13421 = CARTESIAN_POINT('',(-5.848294333925,6.E-07));
#13422 = ( GEOMETRIC_REPRESENTATION_CONTEXT(2) 
PARAMETRIC_REPRESENTATION_CONTEXT() REPRESENTATION_CONTEXT('2D SPACE',''
  ) );
#13423 = PCURVE('',#1191,#13424);
#13424 = DEFINITIONAL_REPRESENTATION('',(#13425),#13428);
#13425 = B_SPLINE_CURVE_WITH_KNOTS('',1,(#13426,#13427),.UNSPECIFIED.,
  .F.,.F.,(2,2),(-4.6000006,6.E-07),.PIECEWISE_BEZIER_KNOTS.);
#13426 = CARTESIAN_POINT('',(-1.311019743437,-4.6000006));
#13427 = CARTESIAN_POINT('',(-1.311019743437,6.E-07));
#13428 = ( GEOMETRIC_REPRESENTATION_CONTEXT(2) 
PARAMETRIC_REPRESENTATION_CONTEXT() REPRESENTATION_CONTEXT('2D SPACE',''
  ) );
#13429 = ADVANCED_FACE('',(#13430),#1191,.T.);
#13430 = FACE_BOUND('',#13431,.F.);
#13431 = EDGE_LOOP('',(#13432,#13433,#13452,#13453));
#13432 = ORIENTED_EDGE('',*,*,#1174,.F.);
#13433 = ORIENTED_EDGE('',*,*,#13434,.F.);
#13434 = EDGE_CURVE('',#6220,#1146,#13435,.T.);
#13435 = SURFACE_CURVE('',#13436,(#13440,#13446),.PCURVE_S1.);
#13436 = LINE('',#13437,#13438);
#13437 = CARTESIAN_POINT('',(10.300693296488,33.449898618855,0.));
#13438 = VECTOR('',#13439,1.);
#13439 = DIRECTION('',(-0.,-0.,-1.));
#13440 = PCURVE('',#1191,#13441);
#13441 = DEFINITIONAL_REPRESENTATION('',(#13442),#13445);
#13442 = B_SPLINE_CURVE_WITH_KNOTS('',1,(#13443,#13444),.UNSPECIFIED.,
  .F.,.F.,(2,2),(-4.6000006,6.E-07),.PIECEWISE_BEZIER_KNOTS.);
#13443 = CARTESIAN_POINT('',(-1.272067549515,-4.6000006));
#13444 = CARTESIAN_POINT('',(-1.272067549515,6.E-07));
#13445 = ( GEOMETRIC_REPRESENTATION_CONTEXT(2) 
PARAMETRIC_REPRESENTATION_CONTEXT() REPRESENTATION_CONTEXT('2D SPACE',''
  ) );
#13446 = PCURVE('',#1162,#13447);
#13447 = DEFINITIONAL_REPRESENTATION('',(#13448),#13451);
#13448 = B_SPLINE_CURVE_WITH_KNOTS('',1,(#13449,#13450),.UNSPECIFIED.,
  .F.,.F.,(2,2),(-4.6000006,6.E-07),.PIECEWISE_BEZIER_KNOTS.);
#13449 = CARTESIAN_POINT('',(-3.017978266206,-4.6000006));
#13450 = CARTESIAN_POINT('',(-3.017978266206,6.E-07));
#13451 = ( GEOMETRIC_REPRESENTATION_CONTEXT(2) 
PARAMETRIC_REPRESENTATION_CONTEXT() REPRESENTATION_CONTEXT('2D SPACE',''
  ) );
#13452 = ORIENTED_EDGE('',*,*,#6243,.T.);
#13453 = ORIENTED_EDGE('',*,*,#13411,.T.);
#13454 = ADVANCED_FACE('',(#13455),#1162,.F.);
#13455 = FACE_BOUND('',#13456,.T.);
#13456 = EDGE_LOOP('',(#13457,#13458,#13459,#13460));
#13457 = ORIENTED_EDGE('',*,*,#1145,.F.);
#13458 = ORIENTED_EDGE('',*,*,#13434,.F.);
#13459 = ORIENTED_EDGE('',*,*,#6219,.T.);
#13460 = ORIENTED_EDGE('',*,*,#13461,.T.);
#13461 = EDGE_CURVE('',#6196,#1117,#13462,.T.);
#13462 = SURFACE_CURVE('',#13463,(#13467,#13473),.PCURVE_S1.);
#13463 = LINE('',#13464,#13465);
#13464 = CARTESIAN_POINT('',(11.327921168138,33.116132050837,0.));
#13465 = VECTOR('',#13466,1.);
#13466 = DIRECTION('',(-0.,-0.,-1.));
#13467 = PCURVE('',#1162,#13468);
#13468 = DEFINITIONAL_REPRESENTATION('',(#13469),#13472);
#13469 = B_SPLINE_CURVE_WITH_KNOTS('',1,(#13470,#13471),.UNSPECIFIED.,
  .F.,.F.,(2,2),(-4.6000006,6.E-07),.PIECEWISE_BEZIER_KNOTS.);
#13470 = CARTESIAN_POINT('',(-5.778481163845,-4.6000006));
#13471 = CARTESIAN_POINT('',(-5.778481163845,6.E-07));
#13472 = ( GEOMETRIC_REPRESENTATION_CONTEXT(2) 
PARAMETRIC_REPRESENTATION_CONTEXT() REPRESENTATION_CONTEXT('2D SPACE',''
  ) );
#13473 = PCURVE('',#1133,#13474);
#13474 = DEFINITIONAL_REPRESENTATION('',(#13475),#13478);
#13475 = B_SPLINE_CURVE_WITH_KNOTS('',1,(#13476,#13477),.UNSPECIFIED.,
  .F.,.F.,(2,2),(-4.6000006,6.E-07),.PIECEWISE_BEZIER_KNOTS.);
#13476 = CARTESIAN_POINT('',(-1.241206573357,-4.6000006));
#13477 = CARTESIAN_POINT('',(-1.241206573357,6.E-07));
#13478 = ( GEOMETRIC_REPRESENTATION_CONTEXT(2) 
PARAMETRIC_REPRESENTATION_CONTEXT() REPRESENTATION_CONTEXT('2D SPACE',''
  ) );
#13479 = ADVANCED_FACE('',(#13480),#1133,.T.);
#13480 = FACE_BOUND('',#13481,.F.);
#13481 = EDGE_LOOP('',(#13482,#13483,#13502,#13503));
#13482 = ORIENTED_EDGE('',*,*,#1116,.F.);
#13483 = ORIENTED_EDGE('',*,*,#13484,.F.);
#13484 = EDGE_CURVE('',#6172,#1088,#13485,.T.);
#13485 = SURFACE_CURVE('',#13486,(#13490,#13496),.PCURVE_S1.);
#13486 = LINE('',#13487,#13488);
#13487 = CARTESIAN_POINT('',(12.608948300079,32.649876305523,0.));
#13488 = VECTOR('',#13489,1.);
#13489 = DIRECTION('',(-0.,-0.,-1.));
#13490 = PCURVE('',#1133,#13491);
#13491 = DEFINITIONAL_REPRESENTATION('',(#13492),#13495);
#13492 = B_SPLINE_CURVE_WITH_KNOTS('',1,(#13493,#13494),.UNSPECIFIED.,
  .F.,.F.,(2,2),(-4.6000006,6.E-07),.PIECEWISE_BEZIER_KNOTS.);
#13493 = CARTESIAN_POINT('',(-1.202254379435,-4.6000006));
#13494 = CARTESIAN_POINT('',(-1.202254379435,6.E-07));
#13495 = ( GEOMETRIC_REPRESENTATION_CONTEXT(2) 
PARAMETRIC_REPRESENTATION_CONTEXT() REPRESENTATION_CONTEXT('2D SPACE',''
  ) );
#13496 = PCURVE('',#1104,#13497);
#13497 = DEFINITIONAL_REPRESENTATION('',(#13498),#13501);
#13498 = B_SPLINE_CURVE_WITH_KNOTS('',1,(#13499,#13500),.UNSPECIFIED.,
  .F.,.F.,(2,2),(-4.6000006,6.E-07),.PIECEWISE_BEZIER_KNOTS.);
#13499 = CARTESIAN_POINT('',(-2.948165096126,-4.6000006));
#13500 = CARTESIAN_POINT('',(-2.948165096126,6.E-07));
#13501 = ( GEOMETRIC_REPRESENTATION_CONTEXT(2) 
PARAMETRIC_REPRESENTATION_CONTEXT() REPRESENTATION_CONTEXT('2D SPACE',''
  ) );
#13502 = ORIENTED_EDGE('',*,*,#6195,.T.);
#13503 = ORIENTED_EDGE('',*,*,#13461,.T.);
#13504 = ADVANCED_FACE('',(#13505),#1104,.F.);
#13505 = FACE_BOUND('',#13506,.T.);
#13506 = EDGE_LOOP('',(#13507,#13508,#13509,#13510));
#13507 = ORIENTED_EDGE('',*,*,#1087,.F.);
#13508 = ORIENTED_EDGE('',*,*,#13484,.F.);
#13509 = ORIENTED_EDGE('',*,*,#6171,.T.);
#13510 = ORIENTED_EDGE('',*,*,#13511,.T.);
#13511 = EDGE_CURVE('',#6148,#1059,#13512,.T.);
#13512 = SURFACE_CURVE('',#13513,(#13517,#13523),.PCURVE_S1.);
#13513 = LINE('',#13514,#13515);
#13514 = CARTESIAN_POINT('',(13.610391517423,32.245266982031,0.));
#13515 = VECTOR('',#13516,1.);
#13516 = DIRECTION('',(-0.,-0.,-1.));
#13517 = PCURVE('',#1104,#13518);
#13518 = DEFINITIONAL_REPRESENTATION('',(#13519),#13522);
#13519 = B_SPLINE_CURVE_WITH_KNOTS('',1,(#13520,#13521),.UNSPECIFIED.,
  .F.,.F.,(2,2),(-4.6000006,6.E-07),.PIECEWISE_BEZIER_KNOTS.);
#13520 = CARTESIAN_POINT('',(-5.708667993766,-4.6000006));
#13521 = CARTESIAN_POINT('',(-5.708667993766,6.E-07));
#13522 = ( GEOMETRIC_REPRESENTATION_CONTEXT(2) 
PARAMETRIC_REPRESENTATION_CONTEXT() REPRESENTATION_CONTEXT('2D SPACE',''
  ) );
#13523 = PCURVE('',#1075,#13524);
#13524 = DEFINITIONAL_REPRESENTATION('',(#13525),#13528);
#13525 = B_SPLINE_CURVE_WITH_KNOTS('',1,(#13526,#13527),.UNSPECIFIED.,
  .F.,.F.,(2,2),(-4.6000006,6.E-07),.PIECEWISE_BEZIER_KNOTS.);
#13526 = CARTESIAN_POINT('',(-1.171393403277,-4.6000006));
#13527 = CARTESIAN_POINT('',(-1.171393403277,6.E-07));
#13528 = ( GEOMETRIC_REPRESENTATION_CONTEXT(2) 
PARAMETRIC_REPRESENTATION_CONTEXT() REPRESENTATION_CONTEXT('2D SPACE',''
  ) );
#13529 = ADVANCED_FACE('',(#13530),#1075,.T.);
#13530 = FACE_BOUND('',#13531,.F.);
#13531 = EDGE_LOOP('',(#13532,#13533,#13552,#13553));
#13532 = ORIENTED_EDGE('',*,*,#1058,.F.);
#13533 = ORIENTED_EDGE('',*,*,#13534,.F.);
#13534 = EDGE_CURVE('',#6124,#1030,#13535,.T.);
#13535 = SURFACE_CURVE('',#13536,(#13540,#13546),.PCURVE_S1.);
#13536 = LINE('',#13537,#13538);
#13537 = CARTESIAN_POINT('',(14.855773774998,31.690787076784,0.));
#13538 = VECTOR('',#13539,1.);
#13539 = DIRECTION('',(-0.,-0.,-1.));
#13540 = PCURVE('',#1075,#13541);
#13541 = DEFINITIONAL_REPRESENTATION('',(#13542),#13545);
#13542 = B_SPLINE_CURVE_WITH_KNOTS('',1,(#13543,#13544),.UNSPECIFIED.,
  .F.,.F.,(2,2),(-4.6000006,6.E-07),.PIECEWISE_BEZIER_KNOTS.);
#13543 = CARTESIAN_POINT('',(-1.132441209355,-4.6000006));
#13544 = CARTESIAN_POINT('',(-1.132441209355,6.E-07));
#13545 = ( GEOMETRIC_REPRESENTATION_CONTEXT(2) 
PARAMETRIC_REPRESENTATION_CONTEXT() REPRESENTATION_CONTEXT('2D SPACE',''
  ) );
#13546 = PCURVE('',#1046,#13547);
#13547 = DEFINITIONAL_REPRESENTATION('',(#13548),#13551);
#13548 = B_SPLINE_CURVE_WITH_KNOTS('',1,(#13549,#13550),.UNSPECIFIED.,
  .F.,.F.,(2,2),(-4.6000006,6.E-07),.PIECEWISE_BEZIER_KNOTS.);
#13549 = CARTESIAN_POINT('',(-2.878351926046,-4.6000006));
#13550 = CARTESIAN_POINT('',(-2.878351926046,6.E-07));
#13551 = ( GEOMETRIC_REPRESENTATION_CONTEXT(2) 
PARAMETRIC_REPRESENTATION_CONTEXT() REPRESENTATION_CONTEXT('2D SPACE',''
  ) );
#13552 = ORIENTED_EDGE('',*,*,#6147,.T.);
#13553 = ORIENTED_EDGE('',*,*,#13511,.T.);
#13554 = ADVANCED_FACE('',(#13555),#1046,.F.);
#13555 = FACE_BOUND('',#13556,.T.);
#13556 = EDGE_LOOP('',(#13557,#13558,#13559,#13560));
#13557 = ORIENTED_EDGE('',*,*,#1029,.F.);
#13558 = ORIENTED_EDGE('',*,*,#13534,.F.);
#13559 = ORIENTED_EDGE('',*,*,#6123,.T.);
#13560 = ORIENTED_EDGE('',*,*,#13561,.T.);
#13561 = EDGE_CURVE('',#6100,#1001,#13562,.T.);
#13562 = SURFACE_CURVE('',#13563,(#13567,#13573),.PCURVE_S1.);
#13563 = LINE('',#13564,#13565);
#13564 = CARTESIAN_POINT('',(15.826553407347,31.217306213772,0.));
#13565 = VECTOR('',#13566,1.);
#13566 = DIRECTION('',(-0.,-0.,-1.));
#13567 = PCURVE('',#1046,#13568);
#13568 = DEFINITIONAL_REPRESENTATION('',(#13569),#13572);
#13569 = B_SPLINE_CURVE_WITH_KNOTS('',1,(#13570,#13571),.UNSPECIFIED.,
  .F.,.F.,(2,2),(-4.6000006,6.E-07),.PIECEWISE_BEZIER_KNOTS.);
#13570 = CARTESIAN_POINT('',(-5.638854823686,-4.6000006));
#13571 = CARTESIAN_POINT('',(-5.638854823686,6.E-07));
#13572 = ( GEOMETRIC_REPRESENTATION_CONTEXT(2) 
PARAMETRIC_REPRESENTATION_CONTEXT() REPRESENTATION_CONTEXT('2D SPACE',''
  ) );
#13573 = PCURVE('',#1017,#13574);
#13574 = DEFINITIONAL_REPRESENTATION('',(#13575),#13578);
#13575 = B_SPLINE_CURVE_WITH_KNOTS('',1,(#13576,#13577),.UNSPECIFIED.,
  .F.,.F.,(2,2),(-4.6000006,6.E-07),.PIECEWISE_BEZIER_KNOTS.);
#13576 = CARTESIAN_POINT('',(-1.101580233197,-4.6000006));
#13577 = CARTESIAN_POINT('',(-1.101580233197,6.E-07));
#13578 = ( GEOMETRIC_REPRESENTATION_CONTEXT(2) 
PARAMETRIC_REPRESENTATION_CONTEXT() REPRESENTATION_CONTEXT('2D SPACE',''
  ) );
#13579 = ADVANCED_FACE('',(#13580),#1017,.T.);
#13580 = FACE_BOUND('',#13581,.F.);
#13581 = EDGE_LOOP('',(#13582,#13583,#13602,#13603));
#13582 = ORIENTED_EDGE('',*,*,#1000,.F.);
#13583 = ORIENTED_EDGE('',*,*,#13584,.F.);
#13584 = EDGE_CURVE('',#6076,#972,#13585,.T.);
#13585 = SURFACE_CURVE('',#13586,(#13590,#13596),.PCURVE_S1.);
#13586 = LINE('',#13587,#13588);
#13587 = CARTESIAN_POINT('',(17.030223413384,30.577303518954,0.));
#13588 = VECTOR('',#13589,1.);
#13589 = DIRECTION('',(-0.,-0.,-1.));
#13590 = PCURVE('',#1017,#13591);
#13591 = DEFINITIONAL_REPRESENTATION('',(#13592),#13595);
#13592 = B_SPLINE_CURVE_WITH_KNOTS('',1,(#13593,#13594),.UNSPECIFIED.,
  .F.,.F.,(2,2),(-4.6000006,6.E-07),.PIECEWISE_BEZIER_KNOTS.);
#13593 = CARTESIAN_POINT('',(-1.062628039276,-4.6000006));
#13594 = CARTESIAN_POINT('',(-1.062628039276,6.E-07));
#13595 = ( GEOMETRIC_REPRESENTATION_CONTEXT(2) 
PARAMETRIC_REPRESENTATION_CONTEXT() REPRESENTATION_CONTEXT('2D SPACE',''
  ) );
#13596 = PCURVE('',#988,#13597);
#13597 = DEFINITIONAL_REPRESENTATION('',(#13598),#13601);
#13598 = B_SPLINE_CURVE_WITH_KNOTS('',1,(#13599,#13600),.UNSPECIFIED.,
  .F.,.F.,(2,2),(-4.6000006,6.E-07),.PIECEWISE_BEZIER_KNOTS.);
#13599 = CARTESIAN_POINT('',(-2.808538755967,-4.6000006));
#13600 = CARTESIAN_POINT('',(-2.808538755967,6.E-07));
#13601 = ( GEOMETRIC_REPRESENTATION_CONTEXT(2) 
PARAMETRIC_REPRESENTATION_CONTEXT() REPRESENTATION_CONTEXT('2D SPACE',''
  ) );
#13602 = ORIENTED_EDGE('',*,*,#6099,.T.);
#13603 = ORIENTED_EDGE('',*,*,#13561,.T.);
#13604 = ADVANCED_FACE('',(#13605),#988,.F.);
#13605 = FACE_BOUND('',#13606,.T.);
#13606 = EDGE_LOOP('',(#13607,#13608,#13609,#13610));
#13607 = ORIENTED_EDGE('',*,*,#971,.F.);
#13608 = ORIENTED_EDGE('',*,*,#13584,.F.);
#13609 = ORIENTED_EDGE('',*,*,#6075,.T.);
#13610 = ORIENTED_EDGE('',*,*,#13611,.T.);
#13611 = EDGE_CURVE('',#6052,#943,#13612,.T.);
#13612 = SURFACE_CURVE('',#13613,(#13617,#13623),.PCURVE_S1.);
#13613 = LINE('',#13614,#13615);
#13614 = CARTESIAN_POINT('',(17.96560991995,30.037257867592,0.));
#13615 = VECTOR('',#13616,1.);
#13616 = DIRECTION('',(-0.,-0.,-1.));
#13617 = PCURVE('',#988,#13618);
#13618 = DEFINITIONAL_REPRESENTATION('',(#13619),#13622);
#13619 = B_SPLINE_CURVE_WITH_KNOTS('',1,(#13620,#13621),.UNSPECIFIED.,
  .F.,.F.,(2,2),(-4.6000006,6.E-07),.PIECEWISE_BEZIER_KNOTS.);
#13620 = CARTESIAN_POINT('',(-5.569041653606,-4.6000006));
#13621 = CARTESIAN_POINT('',(-5.569041653606,6.E-07));
#13622 = ( GEOMETRIC_REPRESENTATION_CONTEXT(2) 
PARAMETRIC_REPRESENTATION_CONTEXT() REPRESENTATION_CONTEXT('2D SPACE',''
  ) );
#13623 = PCURVE('',#959,#13624);
#13624 = DEFINITIONAL_REPRESENTATION('',(#13625),#13628);
#13625 = B_SPLINE_CURVE_WITH_KNOTS('',1,(#13626,#13627),.UNSPECIFIED.,
  .F.,.F.,(2,2),(-4.6000006,6.E-07),.PIECEWISE_BEZIER_KNOTS.);
#13626 = CARTESIAN_POINT('',(-1.031767063118,-4.6000006));
#13627 = CARTESIAN_POINT('',(-1.031767063118,6.E-07));
#13628 = ( GEOMETRIC_REPRESENTATION_CONTEXT(2) 
PARAMETRIC_REPRESENTATION_CONTEXT() REPRESENTATION_CONTEXT('2D SPACE',''
  ) );
#13629 = ADVANCED_FACE('',(#13630),#959,.T.);
#13630 = FACE_BOUND('',#13631,.F.);
#13631 = EDGE_LOOP('',(#13632,#13633,#13652,#13653));
#13632 = ORIENTED_EDGE('',*,*,#942,.F.);
#13633 = ORIENTED_EDGE('',*,*,#13634,.F.);
#13634 = EDGE_CURVE('',#6028,#914,#13635,.T.);
#13635 = SURFACE_CURVE('',#13636,(#13640,#13646),.PCURVE_S1.);
#13636 = LINE('',#13637,#13638);
#13637 = CARTESIAN_POINT('',(19.121703515171,29.314850412,0.));
#13638 = VECTOR('',#13639,1.);
#13639 = DIRECTION('',(-0.,-0.,-1.));
#13640 = PCURVE('',#959,#13641);
#13641 = DEFINITIONAL_REPRESENTATION('',(#13642),#13645);
#13642 = B_SPLINE_CURVE_WITH_KNOTS('',1,(#13643,#13644),.UNSPECIFIED.,
  .F.,.F.,(2,2),(-4.6000006,6.E-07),.PIECEWISE_BEZIER_KNOTS.);
#13643 = CARTESIAN_POINT('',(-0.992814869196,-4.6000006));
#13644 = CARTESIAN_POINT('',(-0.992814869196,6.E-07));
#13645 = ( GEOMETRIC_REPRESENTATION_CONTEXT(2) 
PARAMETRIC_REPRESENTATION_CONTEXT() REPRESENTATION_CONTEXT('2D SPACE',''
  ) );
#13646 = PCURVE('',#930,#13647);
#13647 = DEFINITIONAL_REPRESENTATION('',(#13648),#13651);
#13648 = B_SPLINE_CURVE_WITH_KNOTS('',1,(#13649,#13650),.UNSPECIFIED.,
  .F.,.F.,(2,2),(-4.6000006,6.E-07),.PIECEWISE_BEZIER_KNOTS.);
#13649 = CARTESIAN_POINT('',(-2.738725585887,-4.6000006));
#13650 = CARTESIAN_POINT('',(-2.738725585887,6.E-07));
#13651 = ( GEOMETRIC_REPRESENTATION_CONTEXT(2) 
PARAMETRIC_REPRESENTATION_CONTEXT() REPRESENTATION_CONTEXT('2D SPACE',''
  ) );
#13652 = ORIENTED_EDGE('',*,*,#6051,.T.);
#13653 = ORIENTED_EDGE('',*,*,#13611,.T.);
#13654 = ADVANCED_FACE('',(#13655),#930,.F.);
#13655 = FACE_BOUND('',#13656,.T.);
#13656 = EDGE_LOOP('',(#13657,#13658,#13659,#13660));
#13657 = ORIENTED_EDGE('',*,*,#913,.F.);
#13658 = ORIENTED_EDGE('',*,*,#13634,.F.);
#13659 = ORIENTED_EDGE('',*,*,#6027,.T.);
#13660 = ORIENTED_EDGE('',*,*,#13661,.T.);
#13661 = EDGE_CURVE('',#6004,#885,#13662,.T.);
#13662 = SURFACE_CURVE('',#13663,(#13667,#13673),.PCURVE_S1.);
#13663 = LINE('',#13664,#13665);
#13664 = CARTESIAN_POINT('',(20.017139786919,28.710871020415,0.));
#13665 = VECTOR('',#13666,1.);
#13666 = DIRECTION('',(-0.,-0.,-1.));
#13667 = PCURVE('',#930,#13668);
#13668 = DEFINITIONAL_REPRESENTATION('',(#13669),#13672);
#13669 = B_SPLINE_CURVE_WITH_KNOTS('',1,(#13670,#13671),.UNSPECIFIED.,
  .F.,.F.,(2,2),(-4.6000006,6.E-07),.PIECEWISE_BEZIER_KNOTS.);
#13670 = CARTESIAN_POINT('',(-5.499228483526,-4.6000006));
#13671 = CARTESIAN_POINT('',(-5.499228483526,6.E-07));
#13672 = ( GEOMETRIC_REPRESENTATION_CONTEXT(2) 
PARAMETRIC_REPRESENTATION_CONTEXT() REPRESENTATION_CONTEXT('2D SPACE',''
  ) );
#13673 = PCURVE('',#901,#13674);
#13674 = DEFINITIONAL_REPRESENTATION('',(#13675),#13678);
#13675 = B_SPLINE_CURVE_WITH_KNOTS('',1,(#13676,#13677),.UNSPECIFIED.,
  .F.,.F.,(2,2),(-4.6000006,6.E-07),.PIECEWISE_BEZIER_KNOTS.);
#13676 = CARTESIAN_POINT('',(-0.961953893038,-4.6000006));
#13677 = CARTESIAN_POINT('',(-0.961953893038,6.E-07));
#13678 = ( GEOMETRIC_REPRESENTATION_CONTEXT(2) 
PARAMETRIC_REPRESENTATION_CONTEXT() REPRESENTATION_CONTEXT('2D SPACE',''
  ) );
#13679 = ADVANCED_FACE('',(#13680),#901,.T.);
#13680 = FACE_BOUND('',#13681,.F.);
#13681 = EDGE_LOOP('',(#13682,#13683,#13702,#13703));
#13682 = ORIENTED_EDGE('',*,*,#884,.F.);
#13683 = ORIENTED_EDGE('',*,*,#13684,.F.);
#13684 = EDGE_CURVE('',#5980,#856,#13685,.T.);
#13685 = SURFACE_CURVE('',#13686,(#13690,#13696),.PCURVE_S1.);
#13686 = LINE('',#13687,#13688);
#13687 = CARTESIAN_POINT('',(21.120024599539,27.909578300556,0.));
#13688 = VECTOR('',#13689,1.);
#13689 = DIRECTION('',(-0.,-0.,-1.));
#13690 = PCURVE('',#901,#13691);
#13691 = DEFINITIONAL_REPRESENTATION('',(#13692),#13695);
#13692 = B_SPLINE_CURVE_WITH_KNOTS('',1,(#13693,#13694),.UNSPECIFIED.,
  .F.,.F.,(2,2),(-4.6000006,6.E-07),.PIECEWISE_BEZIER_KNOTS.);
#13693 = CARTESIAN_POINT('',(-0.923001699116,-4.6000006));
#13694 = CARTESIAN_POINT('',(-0.923001699116,6.E-07));
#13695 = ( GEOMETRIC_REPRESENTATION_CONTEXT(2) 
PARAMETRIC_REPRESENTATION_CONTEXT() REPRESENTATION_CONTEXT('2D SPACE',''
  ) );
#13696 = PCURVE('',#872,#13697);
#13697 = DEFINITIONAL_REPRESENTATION('',(#13698),#13701);
#13698 = B_SPLINE_CURVE_WITH_KNOTS('',1,(#13699,#13700),.UNSPECIFIED.,
  .F.,.F.,(2,2),(-4.6000006,6.E-07),.PIECEWISE_BEZIER_KNOTS.);
#13699 = CARTESIAN_POINT('',(-2.668912415807,-4.6000006));
#13700 = CARTESIAN_POINT('',(-2.668912415807,6.E-07));
#13701 = ( GEOMETRIC_REPRESENTATION_CONTEXT(2) 
PARAMETRIC_REPRESENTATION_CONTEXT() REPRESENTATION_CONTEXT('2D SPACE',''
  ) );
#13702 = ORIENTED_EDGE('',*,*,#6003,.T.);
#13703 = ORIENTED_EDGE('',*,*,#13661,.T.);
#13704 = ADVANCED_FACE('',(#13705),#872,.F.);
#13705 = FACE_BOUND('',#13706,.T.);
#13706 = EDGE_LOOP('',(#13707,#13708,#13709,#13710));
#13707 = ORIENTED_EDGE('',*,*,#855,.F.);
#13708 = ORIENTED_EDGE('',*,*,#13684,.F.);
#13709 = ORIENTED_EDGE('',*,*,#5979,.T.);
#13710 = ORIENTED_EDGE('',*,*,#13711,.T.);
#13711 = EDGE_CURVE('',#5956,#827,#13712,.T.);
#13712 = SURFACE_CURVE('',#13713,(#13717,#13723),.PCURVE_S1.);
#13713 = LINE('',#13714,#13715);
#13714 = CARTESIAN_POINT('',(21.971148160963,27.244607695634,0.));
#13715 = VECTOR('',#13716,1.);
#13716 = DIRECTION('',(-0.,-0.,-1.));
#13717 = PCURVE('',#872,#13718);
#13718 = DEFINITIONAL_REPRESENTATION('',(#13719),#13722);
#13719 = B_SPLINE_CURVE_WITH_KNOTS('',1,(#13720,#13721),.UNSPECIFIED.,
  .F.,.F.,(2,2),(-4.6000006,6.E-07),.PIECEWISE_BEZIER_KNOTS.);
#13720 = CARTESIAN_POINT('',(-5.429415313447,-4.6000006));
#13721 = CARTESIAN_POINT('',(-5.429415313447,6.E-07));
#13722 = ( GEOMETRIC_REPRESENTATION_CONTEXT(2) 
PARAMETRIC_REPRESENTATION_CONTEXT() REPRESENTATION_CONTEXT('2D SPACE',''
  ) );
#13723 = PCURVE('',#843,#13724);
#13724 = DEFINITIONAL_REPRESENTATION('',(#13725),#13728);
#13725 = B_SPLINE_CURVE_WITH_KNOTS('',1,(#13726,#13727),.UNSPECIFIED.,
  .F.,.F.,(2,2),(-4.6000006,6.E-07),.PIECEWISE_BEZIER_KNOTS.);
#13726 = CARTESIAN_POINT('',(-0.892140722958,-4.6000006));
#13727 = CARTESIAN_POINT('',(-0.892140722958,6.E-07));
#13728 = ( GEOMETRIC_REPRESENTATION_CONTEXT(2) 
PARAMETRIC_REPRESENTATION_CONTEXT() REPRESENTATION_CONTEXT('2D SPACE',''
  ) );
#13729 = ADVANCED_FACE('',(#13730),#843,.T.);
#13730 = FACE_BOUND('',#13731,.F.);
#13731 = EDGE_LOOP('',(#13732,#13733,#13752,#13753));
#13732 = ORIENTED_EDGE('',*,*,#826,.F.);
#13733 = ORIENTED_EDGE('',*,*,#13734,.F.);
#13734 = EDGE_CURVE('',#5932,#798,#13735,.T.);
#13735 = SURFACE_CURVE('',#13736,(#13740,#13746),.PCURVE_S1.);
#13736 = LINE('',#13737,#13738);
#13737 = CARTESIAN_POINT('',(23.015451047035,26.368333529094,0.));
#13738 = VECTOR('',#13739,1.);
#13739 = DIRECTION('',(-0.,-0.,-1.));
#13740 = PCURVE('',#843,#13741);
#13741 = DEFINITIONAL_REPRESENTATION('',(#13742),#13745);
#13742 = B_SPLINE_CURVE_WITH_KNOTS('',1,(#13743,#13744),.UNSPECIFIED.,
  .F.,.F.,(2,2),(-4.6000006,6.E-07),.PIECEWISE_BEZIER_KNOTS.);
#13743 = CARTESIAN_POINT('',(-0.853188529036,-4.6000006));
#13744 = CARTESIAN_POINT('',(-0.853188529036,6.E-07));
#13745 = ( GEOMETRIC_REPRESENTATION_CONTEXT(2) 
PARAMETRIC_REPRESENTATION_CONTEXT() REPRESENTATION_CONTEXT('2D SPACE',''
  ) );
#13746 = PCURVE('',#814,#13747);
#13747 = DEFINITIONAL_REPRESENTATION('',(#13748),#13751);
#13748 = B_SPLINE_CURVE_WITH_KNOTS('',1,(#13749,#13750),.UNSPECIFIED.,
  .F.,.F.,(2,2),(-4.6000006,6.E-07),.PIECEWISE_BEZIER_KNOTS.);
#13749 = CARTESIAN_POINT('',(-2.599099245727,-4.6000006));
#13750 = CARTESIAN_POINT('',(-2.599099245727,6.E-07));
#13751 = ( GEOMETRIC_REPRESENTATION_CONTEXT(2) 
PARAMETRIC_REPRESENTATION_CONTEXT() REPRESENTATION_CONTEXT('2D SPACE',''
  ) );
#13752 = ORIENTED_EDGE('',*,*,#5955,.T.);
#13753 = ORIENTED_EDGE('',*,*,#13711,.T.);
#13754 = ADVANCED_FACE('',(#13755),#814,.F.);
#13755 = FACE_BOUND('',#13756,.T.);
#13756 = EDGE_LOOP('',(#13757,#13758,#13759,#13760));
#13757 = ORIENTED_EDGE('',*,*,#797,.F.);
#13758 = ORIENTED_EDGE('',*,*,#13734,.F.);
#13759 = ORIENTED_EDGE('',*,*,#5931,.T.);
#13760 = ORIENTED_EDGE('',*,*,#13761,.T.);
#13761 = EDGE_CURVE('',#5908,#769,#13762,.T.);
#13762 = SURFACE_CURVE('',#13763,(#13767,#13773),.PCURVE_S1.);
#13763 = LINE('',#13764,#13765);
#13764 = CARTESIAN_POINT('',(23.818115309698,25.645611380778,0.));
#13765 = VECTOR('',#13766,1.);
#13766 = DIRECTION('',(-0.,-0.,-1.));
#13767 = PCURVE('',#814,#13768);
#13768 = DEFINITIONAL_REPRESENTATION('',(#13769),#13772);
#13769 = B_SPLINE_CURVE_WITH_KNOTS('',1,(#13770,#13771),.UNSPECIFIED.,
  .F.,.F.,(2,2),(-4.6000006,6.E-07),.PIECEWISE_BEZIER_KNOTS.);
#13770 = CARTESIAN_POINT('',(-5.359602143367,-4.6000006));
#13771 = CARTESIAN_POINT('',(-5.359602143367,6.E-07));
#13772 = ( GEOMETRIC_REPRESENTATION_CONTEXT(2) 
PARAMETRIC_REPRESENTATION_CONTEXT() REPRESENTATION_CONTEXT('2D SPACE',''
  ) );
#13773 = PCURVE('',#785,#13774);
#13774 = DEFINITIONAL_REPRESENTATION('',(#13775),#13778);
#13775 = B_SPLINE_CURVE_WITH_KNOTS('',1,(#13776,#13777),.UNSPECIFIED.,
  .F.,.F.,(2,2),(-4.6000006,6.E-07),.PIECEWISE_BEZIER_KNOTS.);
#13776 = CARTESIAN_POINT('',(-0.822327552878,-4.6000006));
#13777 = CARTESIAN_POINT('',(-0.822327552878,6.E-07));
#13778 = ( GEOMETRIC_REPRESENTATION_CONTEXT(2) 
PARAMETRIC_REPRESENTATION_CONTEXT() REPRESENTATION_CONTEXT('2D SPACE',''
  ) );
#13779 = ADVANCED_FACE('',(#13780),#785,.T.);
#13780 = FACE_BOUND('',#13781,.F.);
#13781 = EDGE_LOOP('',(#13782,#13783,#13802,#13803));
#13782 = ORIENTED_EDGE('',*,*,#768,.F.);
#13783 = ORIENTED_EDGE('',*,*,#13784,.F.);
#13784 = EDGE_CURVE('',#5884,#740,#13785,.T.);
#13785 = SURFACE_CURVE('',#13786,(#13790,#13796),.PCURVE_S1.);
#13786 = LINE('',#13787,#13788);
#13787 = CARTESIAN_POINT('',(24.798748530536,24.698624887213,0.));
#13788 = VECTOR('',#13789,1.);
#13789 = DIRECTION('',(-0.,-0.,-1.));
#13790 = PCURVE('',#785,#13791);
#13791 = DEFINITIONAL_REPRESENTATION('',(#13792),#13795);
#13792 = B_SPLINE_CURVE_WITH_KNOTS('',1,(#13793,#13794),.UNSPECIFIED.,
  .F.,.F.,(2,2),(-4.6000006,6.E-07),.PIECEWISE_BEZIER_KNOTS.);
#13793 = CARTESIAN_POINT('',(-0.783375358957,-4.6000006));
#13794 = CARTESIAN_POINT('',(-0.783375358957,6.E-07));
#13795 = ( GEOMETRIC_REPRESENTATION_CONTEXT(2) 
PARAMETRIC_REPRESENTATION_CONTEXT() REPRESENTATION_CONTEXT('2D SPACE',''
  ) );
#13796 = PCURVE('',#756,#13797);
#13797 = DEFINITIONAL_REPRESENTATION('',(#13798),#13801);
#13798 = B_SPLINE_CURVE_WITH_KNOTS('',1,(#13799,#13800),.UNSPECIFIED.,
  .F.,.F.,(2,2),(-4.6000006,6.E-07),.PIECEWISE_BEZIER_KNOTS.);
#13799 = CARTESIAN_POINT('',(-2.529286075648,-4.6000006));
#13800 = CARTESIAN_POINT('',(-2.529286075648,6.E-07));
#13801 = ( GEOMETRIC_REPRESENTATION_CONTEXT(2) 
PARAMETRIC_REPRESENTATION_CONTEXT() REPRESENTATION_CONTEXT('2D SPACE',''
  ) );
#13802 = ORIENTED_EDGE('',*,*,#5907,.T.);
#13803 = ORIENTED_EDGE('',*,*,#13761,.T.);
#13804 = ADVANCED_FACE('',(#13805),#756,.F.);
#13805 = FACE_BOUND('',#13806,.T.);
#13806 = EDGE_LOOP('',(#13807,#13808,#13809,#13810));
#13807 = ORIENTED_EDGE('',*,*,#739,.F.);
#13808 = ORIENTED_EDGE('',*,*,#13784,.F.);
#13809 = ORIENTED_EDGE('',*,*,#5883,.T.);
#13810 = ORIENTED_EDGE('',*,*,#13811,.T.);
#13811 = EDGE_CURVE('',#5860,#711,#13812,.T.);
#13812 = SURFACE_CURVE('',#13813,(#13817,#13823),.PCURVE_S1.);
#13813 = LINE('',#13814,#13815);
#13814 = CARTESIAN_POINT('',(25.549042994834,23.921672225163,0.));
#13815 = VECTOR('',#13816,1.);
#13816 = DIRECTION('',(-0.,-0.,-1.));
#13817 = PCURVE('',#756,#13818);
#13818 = DEFINITIONAL_REPRESENTATION('',(#13819),#13822);
#13819 = B_SPLINE_CURVE_WITH_KNOTS('',1,(#13820,#13821),.UNSPECIFIED.,
  .F.,.F.,(2,2),(-4.6000006,6.E-07),.PIECEWISE_BEZIER_KNOTS.);
#13820 = CARTESIAN_POINT('',(-5.289788973287,-4.6000006));
#13821 = CARTESIAN_POINT('',(-5.289788973287,6.E-07));
#13822 = ( GEOMETRIC_REPRESENTATION_CONTEXT(2) 
PARAMETRIC_REPRESENTATION_CONTEXT() REPRESENTATION_CONTEXT('2D SPACE',''
  ) );
#13823 = PCURVE('',#727,#13824);
#13824 = DEFINITIONAL_REPRESENTATION('',(#13825),#13828);
#13825 = B_SPLINE_CURVE_WITH_KNOTS('',1,(#13826,#13827),.UNSPECIFIED.,
  .F.,.F.,(2,2),(-4.6000006,6.E-07),.PIECEWISE_BEZIER_KNOTS.);
#13826 = CARTESIAN_POINT('',(-0.752514382798,-4.6000006));
#13827 = CARTESIAN_POINT('',(-0.752514382798,6.E-07));
#13828 = ( GEOMETRIC_REPRESENTATION_CONTEXT(2) 
PARAMETRIC_REPRESENTATION_CONTEXT() REPRESENTATION_CONTEXT('2D SPACE',''
  ) );
#13829 = ADVANCED_FACE('',(#13830),#727,.T.);
#13830 = FACE_BOUND('',#13831,.F.);
#13831 = EDGE_LOOP('',(#13832,#13833,#13852,#13853));
#13832 = ORIENTED_EDGE('',*,*,#710,.F.);
#13833 = ORIENTED_EDGE('',*,*,#13834,.F.);
#13834 = EDGE_CURVE('',#5836,#682,#13835,.T.);
#13835 = SURFACE_CURVE('',#13836,(#13840,#13846),.PCURVE_S1.);
#13836 = LINE('',#13837,#13838);
#13837 = CARTESIAN_POINT('',(26.461229003957,22.908587027579,0.));
#13838 = VECTOR('',#13839,1.);
#13839 = DIRECTION('',(-0.,-0.,-1.));
#13840 = PCURVE('',#727,#13841);
#13841 = DEFINITIONAL_REPRESENTATION('',(#13842),#13845);
#13842 = B_SPLINE_CURVE_WITH_KNOTS('',1,(#13843,#13844),.UNSPECIFIED.,
  .F.,.F.,(2,2),(-4.6000006,6.E-07),.PIECEWISE_BEZIER_KNOTS.);
#13843 = CARTESIAN_POINT('',(-0.713562188877,-4.6000006));
#13844 = CARTESIAN_POINT('',(-0.713562188877,6.E-07));
#13845 = ( GEOMETRIC_REPRESENTATION_CONTEXT(2) 
PARAMETRIC_REPRESENTATION_CONTEXT() REPRESENTATION_CONTEXT('2D SPACE',''
  ) );
#13846 = PCURVE('',#698,#13847);
#13847 = DEFINITIONAL_REPRESENTATION('',(#13848),#13851);
#13848 = B_SPLINE_CURVE_WITH_KNOTS('',1,(#13849,#13850),.UNSPECIFIED.,
  .F.,.F.,(2,2),(-4.6000006,6.E-07),.PIECEWISE_BEZIER_KNOTS.);
#13849 = CARTESIAN_POINT('',(-2.459472905568,-4.6000006));
#13850 = CARTESIAN_POINT('',(-2.459472905568,6.E-07));
#13851 = ( GEOMETRIC_REPRESENTATION_CONTEXT(2) 
PARAMETRIC_REPRESENTATION_CONTEXT() REPRESENTATION_CONTEXT('2D SPACE',''
  ) );
#13852 = ORIENTED_EDGE('',*,*,#5859,.T.);
#13853 = ORIENTED_EDGE('',*,*,#13811,.T.);
#13854 = ADVANCED_FACE('',(#13855),#698,.F.);
#13855 = FACE_BOUND('',#13856,.T.);
#13856 = EDGE_LOOP('',(#13857,#13858,#13859,#13860));
#13857 = ORIENTED_EDGE('',*,*,#681,.F.);
#13858 = ORIENTED_EDGE('',*,*,#13834,.F.);
#13859 = ORIENTED_EDGE('',*,*,#5835,.T.);
#13860 = ORIENTED_EDGE('',*,*,#13861,.T.);
#13861 = EDGE_CURVE('',#5812,#653,#13862,.T.);
#13862 = SURFACE_CURVE('',#13863,(#13867,#13873),.PCURVE_S1.);
#13863 = LINE('',#13864,#13865);
#13864 = CARTESIAN_POINT('',(27.155498310679,22.081189087065,0.));
#13865 = VECTOR('',#13866,1.);
#13866 = DIRECTION('',(-0.,-0.,-1.));
#13867 = PCURVE('',#698,#13868);
#13868 = DEFINITIONAL_REPRESENTATION('',(#13869),#13872);
#13869 = B_SPLINE_CURVE_WITH_KNOTS('',1,(#13870,#13871),.UNSPECIFIED.,
  .F.,.F.,(2,2),(-4.6000006,6.E-07),.PIECEWISE_BEZIER_KNOTS.);
#13870 = CARTESIAN_POINT('',(-5.219975803207,-4.6000006));
#13871 = CARTESIAN_POINT('',(-5.219975803207,6.E-07));
#13872 = ( GEOMETRIC_REPRESENTATION_CONTEXT(2) 
PARAMETRIC_REPRESENTATION_CONTEXT() REPRESENTATION_CONTEXT('2D SPACE',''
  ) );
#13873 = PCURVE('',#669,#13874);
#13874 = DEFINITIONAL_REPRESENTATION('',(#13875),#13878);
#13875 = B_SPLINE_CURVE_WITH_KNOTS('',1,(#13876,#13877),.UNSPECIFIED.,
  .F.,.F.,(2,2),(-4.6000006,6.E-07),.PIECEWISE_BEZIER_KNOTS.);
#13876 = CARTESIAN_POINT('',(-0.682701212719,-4.6000006));
#13877 = CARTESIAN_POINT('',(-0.682701212719,6.E-07));
#13878 = ( GEOMETRIC_REPRESENTATION_CONTEXT(2) 
PARAMETRIC_REPRESENTATION_CONTEXT() REPRESENTATION_CONTEXT('2D SPACE',''
  ) );
#13879 = ADVANCED_FACE('',(#13880),#669,.T.);
#13880 = FACE_BOUND('',#13881,.F.);
#13881 = EDGE_LOOP('',(#13882,#13883,#13902,#13903));
#13882 = ORIENTED_EDGE('',*,*,#652,.F.);
#13883 = ORIENTED_EDGE('',*,*,#13884,.F.);
#13884 = EDGE_CURVE('',#5788,#624,#13885,.T.);
#13885 = SURFACE_CURVE('',#13886,(#13890,#13896),.PCURVE_S1.);
#13886 = LINE('',#13887,#13888);
#13887 = CARTESIAN_POINT('',(27.994793029544,21.006940834709,0.));
#13888 = VECTOR('',#13889,1.);
#13889 = DIRECTION('',(-0.,-0.,-1.));
#13890 = PCURVE('',#669,#13891);
#13891 = DEFINITIONAL_REPRESENTATION('',(#13892),#13895);
#13892 = B_SPLINE_CURVE_WITH_KNOTS('',1,(#13893,#13894),.UNSPECIFIED.,
  .F.,.F.,(2,2),(-4.6000006,6.E-07),.PIECEWISE_BEZIER_KNOTS.);
#13893 = CARTESIAN_POINT('',(-0.643749018797,-4.6000006));
#13894 = CARTESIAN_POINT('',(-0.643749018797,6.E-07));
#13895 = ( GEOMETRIC_REPRESENTATION_CONTEXT(2) 
PARAMETRIC_REPRESENTATION_CONTEXT() REPRESENTATION_CONTEXT('2D SPACE',''
  ) );
#13896 = PCURVE('',#640,#13897);
#13897 = DEFINITIONAL_REPRESENTATION('',(#13898),#13901);
#13898 = B_SPLINE_CURVE_WITH_KNOTS('',1,(#13899,#13900),.UNSPECIFIED.,
  .F.,.F.,(2,2),(-4.6000006,6.E-07),.PIECEWISE_BEZIER_KNOTS.);
#13899 = CARTESIAN_POINT('',(-2.389659735488,-4.6000006));
#13900 = CARTESIAN_POINT('',(-2.389659735488,6.E-07));
#13901 = ( GEOMETRIC_REPRESENTATION_CONTEXT(2) 
PARAMETRIC_REPRESENTATION_CONTEXT() REPRESENTATION_CONTEXT('2D SPACE',''
  ) );
#13902 = ORIENTED_EDGE('',*,*,#5811,.T.);
#13903 = ORIENTED_EDGE('',*,*,#13861,.T.);
#13904 = ADVANCED_FACE('',(#13905),#640,.F.);
#13905 = FACE_BOUND('',#13906,.T.);
#13906 = EDGE_LOOP('',(#13907,#13908,#13909,#13910));
#13907 = ORIENTED_EDGE('',*,*,#623,.F.);
#13908 = ORIENTED_EDGE('',*,*,#13884,.F.);
#13909 = ORIENTED_EDGE('',*,*,#5787,.T.);
#13910 = ORIENTED_EDGE('',*,*,#13911,.T.);
#13911 = EDGE_CURVE('',#5764,#595,#13912,.T.);
#13912 = SURFACE_CURVE('',#13913,(#13917,#13923),.PCURVE_S1.);
#13913 = LINE('',#13914,#13915);
#13914 = CARTESIAN_POINT('',(28.629654768415,20.133128615328,0.));
#13915 = VECTOR('',#13916,1.);
#13916 = DIRECTION('',(-0.,-0.,-1.));
#13917 = PCURVE('',#640,#13918);
#13918 = DEFINITIONAL_REPRESENTATION('',(#13919),#13922);
#13919 = B_SPLINE_CURVE_WITH_KNOTS('',1,(#13920,#13921),.UNSPECIFIED.,
  .F.,.F.,(2,2),(-4.6000006,6.E-07),.PIECEWISE_BEZIER_KNOTS.);
#13920 = CARTESIAN_POINT('',(-5.150162633127,-4.6000006));
#13921 = CARTESIAN_POINT('',(-5.150162633127,6.E-07));
#13922 = ( GEOMETRIC_REPRESENTATION_CONTEXT(2) 
PARAMETRIC_REPRESENTATION_CONTEXT() REPRESENTATION_CONTEXT('2D SPACE',''
  ) );
#13923 = PCURVE('',#611,#13924);
#13924 = DEFINITIONAL_REPRESENTATION('',(#13925),#13928);
#13925 = B_SPLINE_CURVE_WITH_KNOTS('',1,(#13926,#13927),.UNSPECIFIED.,
  .F.,.F.,(2,2),(-4.6000006,6.E-07),.PIECEWISE_BEZIER_KNOTS.);
#13926 = CARTESIAN_POINT('',(-0.612888042639,-4.6000006));
#13927 = CARTESIAN_POINT('',(-0.612888042639,6.E-07));
#13928 = ( GEOMETRIC_REPRESENTATION_CONTEXT(2) 
PARAMETRIC_REPRESENTATION_CONTEXT() REPRESENTATION_CONTEXT('2D SPACE',''
  ) );
#13929 = ADVANCED_FACE('',(#13930),#611,.T.);
#13930 = FACE_BOUND('',#13931,.F.);
#13931 = EDGE_LOOP('',(#13932,#13933,#13952,#13953));
#13932 = ORIENTED_EDGE('',*,*,#594,.F.);
#13933 = ORIENTED_EDGE('',*,*,#13934,.F.);
#13934 = EDGE_CURVE('',#5740,#566,#13935,.T.);
#13935 = SURFACE_CURVE('',#13936,(#13940,#13946),.PCURVE_S1.);
#13936 = LINE('',#13937,#13938);
#13937 = CARTESIAN_POINT('',(29.391969237519,19.002950937703,0.));
#13938 = VECTOR('',#13939,1.);
#13939 = DIRECTION('',(-0.,-0.,-1.));
#13940 = PCURVE('',#611,#13941);
#13941 = DEFINITIONAL_REPRESENTATION('',(#13942),#13945);
#13942 = B_SPLINE_CURVE_WITH_KNOTS('',1,(#13943,#13944),.UNSPECIFIED.,
  .F.,.F.,(2,2),(-4.6000006,6.E-07),.PIECEWISE_BEZIER_KNOTS.);
#13943 = CARTESIAN_POINT('',(-0.573935848717,-4.6000006));
#13944 = CARTESIAN_POINT('',(-0.573935848717,6.E-07));
#13945 = ( GEOMETRIC_REPRESENTATION_CONTEXT(2) 
PARAMETRIC_REPRESENTATION_CONTEXT() REPRESENTATION_CONTEXT('2D SPACE',''
  ) );
#13946 = PCURVE('',#582,#13947);
#13947 = DEFINITIONAL_REPRESENTATION('',(#13948),#13951);
#13948 = B_SPLINE_CURVE_WITH_KNOTS('',1,(#13949,#13950),.UNSPECIFIED.,
  .F.,.F.,(2,2),(-4.6000006,6.E-07),.PIECEWISE_BEZIER_KNOTS.);
#13949 = CARTESIAN_POINT('',(-2.319846565408,-4.6000006));
#13950 = CARTESIAN_POINT('',(-2.319846565408,6.E-07));
#13951 = ( GEOMETRIC_REPRESENTATION_CONTEXT(2) 
PARAMETRIC_REPRESENTATION_CONTEXT() REPRESENTATION_CONTEXT('2D SPACE',''
  ) );
#13952 = ORIENTED_EDGE('',*,*,#5763,.T.);
#13953 = ORIENTED_EDGE('',*,*,#13911,.T.);
#13954 = ADVANCED_FACE('',(#13955),#582,.F.);
#13955 = FACE_BOUND('',#13956,.T.);
#13956 = EDGE_LOOP('',(#13957,#13958,#13959,#13960));
#13957 = ORIENTED_EDGE('',*,*,#565,.F.);
#13958 = ORIENTED_EDGE('',*,*,#13934,.F.);
#13959 = ORIENTED_EDGE('',*,*,#5739,.T.);
#13960 = ORIENTED_EDGE('',*,*,#13961,.T.);
#13961 = EDGE_CURVE('',#5716,#537,#13962,.T.);
#13962 = SURFACE_CURVE('',#13963,(#13967,#13973),.PCURVE_S1.);
#13963 = LINE('',#13964,#13965);
#13964 = CARTESIAN_POINT('',(29.964330425963,18.086981564752,0.));
#13965 = VECTOR('',#13966,1.);
#13966 = DIRECTION('',(-0.,-0.,-1.));
#13967 = PCURVE('',#582,#13968);
#13968 = DEFINITIONAL_REPRESENTATION('',(#13969),#13972);
#13969 = B_SPLINE_CURVE_WITH_KNOTS('',1,(#13970,#13971),.UNSPECIFIED.,
  .F.,.F.,(2,2),(-4.6000006,6.E-07),.PIECEWISE_BEZIER_KNOTS.);
#13970 = CARTESIAN_POINT('',(-5.080349463048,-4.6000006));
#13971 = CARTESIAN_POINT('',(-5.080349463048,6.E-07));
#13972 = ( GEOMETRIC_REPRESENTATION_CONTEXT(2) 
PARAMETRIC_REPRESENTATION_CONTEXT() REPRESENTATION_CONTEXT('2D SPACE',''
  ) );
#13973 = PCURVE('',#553,#13974);
#13974 = DEFINITIONAL_REPRESENTATION('',(#13975),#13978);
#13975 = B_SPLINE_CURVE_WITH_KNOTS('',1,(#13976,#13977),.UNSPECIFIED.,
  .F.,.F.,(2,2),(-4.6000006,6.E-07),.PIECEWISE_BEZIER_KNOTS.);
#13976 = CARTESIAN_POINT('',(-0.543074872559,-4.6000006));
#13977 = CARTESIAN_POINT('',(-0.543074872559,6.E-07));
#13978 = ( GEOMETRIC_REPRESENTATION_CONTEXT(2) 
PARAMETRIC_REPRESENTATION_CONTEXT() REPRESENTATION_CONTEXT('2D SPACE',''
  ) );
#13979 = ADVANCED_FACE('',(#13980),#553,.T.);
#13980 = FACE_BOUND('',#13981,.F.);
#13981 = EDGE_LOOP('',(#13982,#13983,#14002,#14003));
#13982 = ORIENTED_EDGE('',*,*,#536,.F.);
#13983 = ORIENTED_EDGE('',*,*,#13984,.F.);
#13984 = EDGE_CURVE('',#5692,#508,#13985,.T.);
#13985 = SURFACE_CURVE('',#13986,(#13990,#13996),.PCURVE_S1.);
#13986 = LINE('',#13987,#13988);
#13987 = CARTESIAN_POINT('',(30.645950725838,16.906380573899,0.));
#13988 = VECTOR('',#13989,1.);
#13989 = DIRECTION('',(-0.,-0.,-1.));
#13990 = PCURVE('',#553,#13991);
#13991 = DEFINITIONAL_REPRESENTATION('',(#13992),#13995);
#13992 = B_SPLINE_CURVE_WITH_KNOTS('',1,(#13993,#13994),.UNSPECIFIED.,
  .F.,.F.,(2,2),(-4.6000006,6.E-07),.PIECEWISE_BEZIER_KNOTS.);
#13993 = CARTESIAN_POINT('',(-0.504122678637,-4.6000006));
#13994 = CARTESIAN_POINT('',(-0.504122678637,6.E-07));
#13995 = ( GEOMETRIC_REPRESENTATION_CONTEXT(2) 
PARAMETRIC_REPRESENTATION_CONTEXT() REPRESENTATION_CONTEXT('2D SPACE',''
  ) );
#13996 = PCURVE('',#524,#13997);
#13997 = DEFINITIONAL_REPRESENTATION('',(#13998),#14001);
#13998 = B_SPLINE_CURVE_WITH_KNOTS('',1,(#13999,#14000),.UNSPECIFIED.,
  .F.,.F.,(2,2),(-4.6000006,6.E-07),.PIECEWISE_BEZIER_KNOTS.);
#13999 = CARTESIAN_POINT('',(-2.250033395329,-4.6000006));
#14000 = CARTESIAN_POINT('',(-2.250033395329,6.E-07));
#14001 = ( GEOMETRIC_REPRESENTATION_CONTEXT(2) 
PARAMETRIC_REPRESENTATION_CONTEXT() REPRESENTATION_CONTEXT('2D SPACE',''
  ) );
#14002 = ORIENTED_EDGE('',*,*,#5715,.T.);
#14003 = ORIENTED_EDGE('',*,*,#13961,.T.);
#14004 = ADVANCED_FACE('',(#14005),#524,.F.);
#14005 = FACE_BOUND('',#14006,.T.);
#14006 = EDGE_LOOP('',(#14007,#14008,#14009,#14010));
#14007 = ORIENTED_EDGE('',*,*,#507,.F.);
#14008 = ORIENTED_EDGE('',*,*,#13984,.F.);
#14009 = ORIENTED_EDGE('',*,*,#5691,.T.);
#14010 = ORIENTED_EDGE('',*,*,#14011,.T.);
#14011 = EDGE_CURVE('',#5668,#479,#14012,.T.);
#14012 = SURFACE_CURVE('',#14013,(#14017,#14023),.PCURVE_S1.);
#14013 = LINE('',#14014,#14015);
#14014 = CARTESIAN_POINT('',(31.15302287768,15.95271655809,0.));
#14015 = VECTOR('',#14016,1.);
#14016 = DIRECTION('',(-0.,-0.,-1.));
#14017 = PCURVE('',#524,#14018);
#14018 = DEFINITIONAL_REPRESENTATION('',(#14019),#14022);
#14019 = B_SPLINE_CURVE_WITH_KNOTS('',1,(#14020,#14021),.UNSPECIFIED.,
  .F.,.F.,(2,2),(-4.6000006,6.E-07),.PIECEWISE_BEZIER_KNOTS.);
#14020 = CARTESIAN_POINT('',(-5.010536292968,-4.6000006));
#14021 = CARTESIAN_POINT('',(-5.010536292968,6.E-07));
#14022 = ( GEOMETRIC_REPRESENTATION_CONTEXT(2) 
PARAMETRIC_REPRESENTATION_CONTEXT() REPRESENTATION_CONTEXT('2D SPACE',''
  ) );
#14023 = PCURVE('',#495,#14024);
#14024 = DEFINITIONAL_REPRESENTATION('',(#14025),#14028);
#14025 = B_SPLINE_CURVE_WITH_KNOTS('',1,(#14026,#14027),.UNSPECIFIED.,
  .F.,.F.,(2,2),(-4.6000006,6.E-07),.PIECEWISE_BEZIER_KNOTS.);
#14026 = CARTESIAN_POINT('',(-0.473261702479,-4.6000006));
#14027 = CARTESIAN_POINT('',(-0.473261702479,6.E-07));
#14028 = ( GEOMETRIC_REPRESENTATION_CONTEXT(2) 
PARAMETRIC_REPRESENTATION_CONTEXT() REPRESENTATION_CONTEXT('2D SPACE',''
  ) );
#14029 = ADVANCED_FACE('',(#14030),#495,.T.);
#14030 = FACE_BOUND('',#14031,.F.);
#14031 = EDGE_LOOP('',(#14032,#14033,#14052,#14053));
#14032 = ORIENTED_EDGE('',*,*,#478,.F.);
#14033 = ORIENTED_EDGE('',*,*,#14034,.F.);
#14034 = EDGE_CURVE('',#5644,#450,#14035,.T.);
#14035 = SURFACE_CURVE('',#14036,(#14040,#14046),.PCURVE_S1.);
#14036 = LINE('',#14037,#14038);
#14037 = CARTESIAN_POINT('',(31.750628222741,14.727444023362,0.));
#14038 = VECTOR('',#14039,1.);
#14039 = DIRECTION('',(-0.,-0.,-1.));
#14040 = PCURVE('',#495,#14041);
#14041 = DEFINITIONAL_REPRESENTATION('',(#14042),#14045);
#14042 = B_SPLINE_CURVE_WITH_KNOTS('',1,(#14043,#14044),.UNSPECIFIED.,
  .F.,.F.,(2,2),(-4.6000006,6.E-07),.PIECEWISE_BEZIER_KNOTS.);
#14043 = CARTESIAN_POINT('',(-0.434309508558,-4.6000006));
#14044 = CARTESIAN_POINT('',(-0.434309508558,6.E-07));
#14045 = ( GEOMETRIC_REPRESENTATION_CONTEXT(2) 
PARAMETRIC_REPRESENTATION_CONTEXT() REPRESENTATION_CONTEXT('2D SPACE',''
  ) );
#14046 = PCURVE('',#466,#14047);
#14047 = DEFINITIONAL_REPRESENTATION('',(#14048),#14051);
#14048 = B_SPLINE_CURVE_WITH_KNOTS('',1,(#14049,#14050),.UNSPECIFIED.,
  .F.,.F.,(2,2),(-4.6000006,6.E-07),.PIECEWISE_BEZIER_KNOTS.);
#14049 = CARTESIAN_POINT('',(-2.180220225249,-4.6000006));
#14050 = CARTESIAN_POINT('',(-2.180220225249,6.E-07));
#14051 = ( GEOMETRIC_REPRESENTATION_CONTEXT(2) 
PARAMETRIC_REPRESENTATION_CONTEXT() REPRESENTATION_CONTEXT('2D SPACE',''
  ) );
#14052 = ORIENTED_EDGE('',*,*,#5667,.T.);
#14053 = ORIENTED_EDGE('',*,*,#14011,.T.);
#14054 = ADVANCED_FACE('',(#14055),#466,.F.);
#14055 = FACE_BOUND('',#14056,.T.);
#14056 = EDGE_LOOP('',(#14057,#14058,#14059,#14060));
#14057 = ORIENTED_EDGE('',*,*,#449,.F.);
#14058 = ORIENTED_EDGE('',*,*,#14034,.F.);
#14059 = ORIENTED_EDGE('',*,*,#5643,.T.);
#14060 = ORIENTED_EDGE('',*,*,#14061,.T.);
#14061 = EDGE_CURVE('',#5620,#421,#14062,.T.);
#14062 = SURFACE_CURVE('',#14063,(#14067,#14073),.PCURVE_S1.);
#14063 = LINE('',#14064,#14065);
#14064 = CARTESIAN_POINT('',(32.189940933427,13.740731519918,0.));
#14065 = VECTOR('',#14066,1.);
#14066 = DIRECTION('',(-0.,-0.,-1.));
#14067 = PCURVE('',#466,#14068);
#14068 = DEFINITIONAL_REPRESENTATION('',(#14069),#14072);
#14069 = B_SPLINE_CURVE_WITH_KNOTS('',1,(#14070,#14071),.UNSPECIFIED.,
  .F.,.F.,(2,2),(-4.6000006,6.E-07),.PIECEWISE_BEZIER_KNOTS.);
#14070 = CARTESIAN_POINT('',(-4.940723122888,-4.6000006));
#14071 = CARTESIAN_POINT('',(-4.940723122888,6.E-07));
#14072 = ( GEOMETRIC_REPRESENTATION_CONTEXT(2) 
PARAMETRIC_REPRESENTATION_CONTEXT() REPRESENTATION_CONTEXT('2D SPACE',''
  ) );
#14073 = PCURVE('',#437,#14074);
#14074 = DEFINITIONAL_REPRESENTATION('',(#14075),#14078);
#14075 = B_SPLINE_CURVE_WITH_KNOTS('',1,(#14076,#14077),.UNSPECIFIED.,
  .F.,.F.,(2,2),(-4.6000006,6.E-07),.PIECEWISE_BEZIER_KNOTS.);
#14076 = CARTESIAN_POINT('',(-0.4034485324,-4.6000006));
#14077 = CARTESIAN_POINT('',(-0.4034485324,6.E-07));
#14078 = ( GEOMETRIC_REPRESENTATION_CONTEXT(2) 
PARAMETRIC_REPRESENTATION_CONTEXT() REPRESENTATION_CONTEXT('2D SPACE',''
  ) );
#14079 = ADVANCED_FACE('',(#14080),#437,.T.);
#14080 = FACE_BOUND('',#14081,.F.);
#14081 = EDGE_LOOP('',(#14082,#14083,#14102,#14103));
#14082 = ORIENTED_EDGE('',*,*,#420,.F.);
#14083 = ORIENTED_EDGE('',*,*,#14084,.F.);
#14084 = EDGE_CURVE('',#5596,#392,#14085,.T.);
#14085 = SURFACE_CURVE('',#14086,(#14090,#14096),.PCURVE_S1.);
#14086 = LINE('',#14087,#14088);
#14087 = CARTESIAN_POINT('',(32.700619850505,12.476756845941,0.));
#14088 = VECTOR('',#14089,1.);
#14089 = DIRECTION('',(-0.,-0.,-1.));
#14090 = PCURVE('',#437,#14091);
#14091 = DEFINITIONAL_REPRESENTATION('',(#14092),#14095);
#14092 = B_SPLINE_CURVE_WITH_KNOTS('',1,(#14093,#14094),.UNSPECIFIED.,
  .F.,.F.,(2,2),(-4.6000006,6.E-07),.PIECEWISE_BEZIER_KNOTS.);
#14093 = CARTESIAN_POINT('',(-0.364496338478,-4.6000006));
#14094 = CARTESIAN_POINT('',(-0.364496338478,6.E-07));
#14095 = ( GEOMETRIC_REPRESENTATION_CONTEXT(2) 
PARAMETRIC_REPRESENTATION_CONTEXT() REPRESENTATION_CONTEXT('2D SPACE',''
  ) );
#14096 = PCURVE('',#408,#14097);
#14097 = DEFINITIONAL_REPRESENTATION('',(#14098),#14101);
#14098 = B_SPLINE_CURVE_WITH_KNOTS('',1,(#14099,#14100),.UNSPECIFIED.,
  .F.,.F.,(2,2),(-4.6000006,6.E-07),.PIECEWISE_BEZIER_KNOTS.);
#14099 = CARTESIAN_POINT('',(-2.110407055169,-4.6000006));
#14100 = CARTESIAN_POINT('',(-2.110407055169,6.E-07));
#14101 = ( GEOMETRIC_REPRESENTATION_CONTEXT(2) 
PARAMETRIC_REPRESENTATION_CONTEXT() REPRESENTATION_CONTEXT('2D SPACE',''
  ) );
#14102 = ORIENTED_EDGE('',*,*,#5619,.T.);
#14103 = ORIENTED_EDGE('',*,*,#14061,.T.);
#14104 = ADVANCED_FACE('',(#14105),#408,.F.);
#14105 = FACE_BOUND('',#14106,.T.);
#14106 = EDGE_LOOP('',(#14107,#14108,#14109,#14110));
#14107 = ORIENTED_EDGE('',*,*,#391,.F.);
#14108 = ORIENTED_EDGE('',*,*,#14084,.F.);
#14109 = ORIENTED_EDGE('',*,*,#5595,.T.);
#14110 = ORIENTED_EDGE('',*,*,#14111,.T.);
#14111 = EDGE_CURVE('',#5572,#363,#14112,.T.);
#14112 = SURFACE_CURVE('',#14113,(#14117,#14123),.PCURVE_S1.);
#14113 = LINE('',#14114,#14115);
#14114 = CARTESIAN_POINT('',(33.070032832668,11.461803018995,0.));
#14115 = VECTOR('',#14116,1.);
#14116 = DIRECTION('',(-0.,-0.,-1.));
#14117 = PCURVE('',#408,#14118);
#14118 = DEFINITIONAL_REPRESENTATION('',(#14119),#14122);
#14119 = B_SPLINE_CURVE_WITH_KNOTS('',1,(#14120,#14121),.UNSPECIFIED.,
  .F.,.F.,(2,2),(-4.6000006,6.E-07),.PIECEWISE_BEZIER_KNOTS.);
#14120 = CARTESIAN_POINT('',(-4.870909952808,-4.6000006));
#14121 = CARTESIAN_POINT('',(-4.870909952808,6.E-07));
#14122 = ( GEOMETRIC_REPRESENTATION_CONTEXT(2) 
PARAMETRIC_REPRESENTATION_CONTEXT() REPRESENTATION_CONTEXT('2D SPACE',''
  ) );
#14123 = PCURVE('',#379,#14124);
#14124 = DEFINITIONAL_REPRESENTATION('',(#14125),#14128);
#14125 = B_SPLINE_CURVE_WITH_KNOTS('',1,(#14126,#14127),.UNSPECIFIED.,
  .F.,.F.,(2,2),(-4.6000006,6.E-07),.PIECEWISE_BEZIER_KNOTS.);
#14126 = CARTESIAN_POINT('',(-0.33363536232,-4.6000006));
#14127 = CARTESIAN_POINT('',(-0.33363536232,6.E-07));
#14128 = ( GEOMETRIC_REPRESENTATION_CONTEXT(2) 
PARAMETRIC_REPRESENTATION_CONTEXT() REPRESENTATION_CONTEXT('2D SPACE',''
  ) );
#14129 = ADVANCED_FACE('',(#14130),#379,.T.);
#14130 = FACE_BOUND('',#14131,.F.);
#14131 = EDGE_LOOP('',(#14132,#14133,#14152,#14153));
#14132 = ORIENTED_EDGE('',*,*,#362,.F.);
#14133 = ORIENTED_EDGE('',*,*,#14134,.F.);
#14134 = EDGE_CURVE('',#5548,#334,#14135,.T.);
#14135 = SURFACE_CURVE('',#14136,(#14140,#14146),.PCURVE_S1.);
#14136 = LINE('',#14137,#14138);
#14137 = CARTESIAN_POINT('',(33.491297345413,10.165284163325,0.));
#14138 = VECTOR('',#14139,1.);
#14139 = DIRECTION('',(-0.,-0.,-1.));
#14140 = PCURVE('',#379,#14141);
#14141 = DEFINITIONAL_REPRESENTATION('',(#14142),#14145);
#14142 = B_SPLINE_CURVE_WITH_KNOTS('',1,(#14143,#14144),.UNSPECIFIED.,
  .F.,.F.,(2,2),(-4.6000006,6.E-07),.PIECEWISE_BEZIER_KNOTS.);
#14143 = CARTESIAN_POINT('',(-0.294683168398,-4.6000006));
#14144 = CARTESIAN_POINT('',(-0.294683168398,6.E-07));
#14145 = ( GEOMETRIC_REPRESENTATION_CONTEXT(2) 
PARAMETRIC_REPRESENTATION_CONTEXT() REPRESENTATION_CONTEXT('2D SPACE',''
  ) );
#14146 = PCURVE('',#350,#14147);
#14147 = DEFINITIONAL_REPRESENTATION('',(#14148),#14151);
#14148 = B_SPLINE_CURVE_WITH_KNOTS('',1,(#14149,#14150),.UNSPECIFIED.,
  .F.,.F.,(2,2),(-4.6000006,6.E-07),.PIECEWISE_BEZIER_KNOTS.);
#14149 = CARTESIAN_POINT('',(-2.040593885089,-4.6000006));
#14150 = CARTESIAN_POINT('',(-2.040593885089,6.E-07));
#14151 = ( GEOMETRIC_REPRESENTATION_CONTEXT(2) 
PARAMETRIC_REPRESENTATION_CONTEXT() REPRESENTATION_CONTEXT('2D SPACE',''
  ) );
#14152 = ORIENTED_EDGE('',*,*,#5571,.T.);
#14153 = ORIENTED_EDGE('',*,*,#14111,.T.);
#14154 = ADVANCED_FACE('',(#14155),#350,.F.);
#14155 = FACE_BOUND('',#14156,.T.);
#14156 = EDGE_LOOP('',(#14157,#14158,#14159,#14160));
#14157 = ORIENTED_EDGE('',*,*,#333,.F.);
#14158 = ORIENTED_EDGE('',*,*,#14134,.F.);
#14159 = ORIENTED_EDGE('',*,*,#5547,.T.);
#14160 = ORIENTED_EDGE('',*,*,#14161,.T.);
#14161 = EDGE_CURVE('',#5524,#305,#14162,.T.);
#14162 = SURFACE_CURVE('',#14163,(#14167,#14173),.PCURVE_S1.);
#14163 = LINE('',#14164,#14165);
#14164 = CARTESIAN_POINT('',(33.789010856137,9.1270337659,0.));
#14165 = VECTOR('',#14166,1.);
#14166 = DIRECTION('',(-0.,-0.,-1.));
#14167 = PCURVE('',#350,#14168);
#14168 = DEFINITIONAL_REPRESENTATION('',(#14169),#14172);
#14169 = B_SPLINE_CURVE_WITH_KNOTS('',1,(#14170,#14171),.UNSPECIFIED.,
  .F.,.F.,(2,2),(-4.6000006,6.E-07),.PIECEWISE_BEZIER_KNOTS.);
#14170 = CARTESIAN_POINT('',(-4.801096782729,-4.6000006));
#14171 = CARTESIAN_POINT('',(-4.801096782729,6.E-07));
#14172 = ( GEOMETRIC_REPRESENTATION_CONTEXT(2) 
PARAMETRIC_REPRESENTATION_CONTEXT() REPRESENTATION_CONTEXT('2D SPACE',''
  ) );
#14173 = PCURVE('',#321,#14174);
#14174 = DEFINITIONAL_REPRESENTATION('',(#14175),#14178);
#14175 = B_SPLINE_CURVE_WITH_KNOTS('',1,(#14176,#14177),.UNSPECIFIED.,
  .F.,.F.,(2,2),(-4.6000006,6.E-07),.PIECEWISE_BEZIER_KNOTS.);
#14176 = CARTESIAN_POINT('',(-0.26382219224,-4.6000006));
#14177 = CARTESIAN_POINT('',(-0.26382219224,6.E-07));
#14178 = ( GEOMETRIC_REPRESENTATION_CONTEXT(2) 
PARAMETRIC_REPRESENTATION_CONTEXT() REPRESENTATION_CONTEXT('2D SPACE',''
  ) );
#14179 = ADVANCED_FACE('',(#14180),#321,.T.);
#14180 = FACE_BOUND('',#14181,.F.);
#14181 = EDGE_LOOP('',(#14182,#14183,#14202,#14203));
#14182 = ORIENTED_EDGE('',*,*,#304,.F.);
#14183 = ORIENTED_EDGE('',*,*,#14184,.F.);
#14184 = EDGE_CURVE('',#5500,#276,#14185,.T.);
#14185 = SURFACE_CURVE('',#14186,(#14190,#14196),.PCURVE_S1.);
#14186 = LINE('',#14187,#14188);
#14187 = CARTESIAN_POINT('',(34.118808606187,7.804287238077,0.));
#14188 = VECTOR('',#14189,1.);
#14189 = DIRECTION('',(-0.,-0.,-1.));
#14190 = PCURVE('',#321,#14191);
#14191 = DEFINITIONAL_REPRESENTATION('',(#14192),#14195);
#14192 = B_SPLINE_CURVE_WITH_KNOTS('',1,(#14193,#14194),.UNSPECIFIED.,
  .F.,.F.,(2,2),(-4.6000006,6.E-07),.PIECEWISE_BEZIER_KNOTS.);
#14193 = CARTESIAN_POINT('',(-0.224869998318,-4.6000006));
#14194 = CARTESIAN_POINT('',(-0.224869998318,6.E-07));
#14195 = ( GEOMETRIC_REPRESENTATION_CONTEXT(2) 
PARAMETRIC_REPRESENTATION_CONTEXT() REPRESENTATION_CONTEXT('2D SPACE',''
  ) );
#14196 = PCURVE('',#292,#14197);
#14197 = DEFINITIONAL_REPRESENTATION('',(#14198),#14201);
#14198 = B_SPLINE_CURVE_WITH_KNOTS('',1,(#14199,#14200),.UNSPECIFIED.,
  .F.,.F.,(2,2),(-4.6000006,6.E-07),.PIECEWISE_BEZIER_KNOTS.);
#14199 = CARTESIAN_POINT('',(-1.970780715009,-4.6000006));
#14200 = CARTESIAN_POINT('',(-1.970780715009,6.E-07));
#14201 = ( GEOMETRIC_REPRESENTATION_CONTEXT(2) 
PARAMETRIC_REPRESENTATION_CONTEXT() REPRESENTATION_CONTEXT('2D SPACE',''
  ) );
#14202 = ORIENTED_EDGE('',*,*,#5523,.T.);
#14203 = ORIENTED_EDGE('',*,*,#14161,.T.);
#14204 = ADVANCED_FACE('',(#14205),#292,.F.);
#14205 = FACE_BOUND('',#14206,.T.);
#14206 = EDGE_LOOP('',(#14207,#14208,#14209,#14210));
#14207 = ORIENTED_EDGE('',*,*,#275,.F.);
#14208 = ORIENTED_EDGE('',*,*,#14184,.F.);
#14209 = ORIENTED_EDGE('',*,*,#5499,.T.);
#14210 = ORIENTED_EDGE('',*,*,#14211,.T.);
#14211 = EDGE_CURVE('',#5476,#247,#14212,.T.);
#14212 = SURFACE_CURVE('',#14213,(#14217,#14223),.PCURVE_S1.);
#14213 = LINE('',#14214,#14215);
#14214 = CARTESIAN_POINT('',(34.343372215174,6.747798521743,0.));
#14215 = VECTOR('',#14216,1.);
#14216 = DIRECTION('',(-0.,-0.,-1.));
#14217 = PCURVE('',#292,#14218);
#14218 = DEFINITIONAL_REPRESENTATION('',(#14219),#14222);
#14219 = B_SPLINE_CURVE_WITH_KNOTS('',1,(#14220,#14221),.UNSPECIFIED.,
  .F.,.F.,(2,2),(-4.6000006,6.E-07),.PIECEWISE_BEZIER_KNOTS.);
#14220 = CARTESIAN_POINT('',(-4.731283612649,-4.6000006));
#14221 = CARTESIAN_POINT('',(-4.731283612649,6.E-07));
#14222 = ( GEOMETRIC_REPRESENTATION_CONTEXT(2) 
PARAMETRIC_REPRESENTATION_CONTEXT() REPRESENTATION_CONTEXT('2D SPACE',''
  ) );
#14223 = PCURVE('',#263,#14224);
#14224 = DEFINITIONAL_REPRESENTATION('',(#14225),#14228);
#14225 = B_SPLINE_CURVE_WITH_KNOTS('',1,(#14226,#14227),.UNSPECIFIED.,
  .F.,.F.,(2,2),(-4.6000006,6.E-07),.PIECEWISE_BEZIER_KNOTS.);
#14226 = CARTESIAN_POINT('',(-0.19400902216,-4.6000006));
#14227 = CARTESIAN_POINT('',(-0.19400902216,6.E-07));
#14228 = ( GEOMETRIC_REPRESENTATION_CONTEXT(2) 
PARAMETRIC_REPRESENTATION_CONTEXT() REPRESENTATION_CONTEXT('2D SPACE',''
  ) );
#14229 = ADVANCED_FACE('',(#14230),#263,.T.);
#14230 = FACE_BOUND('',#14231,.F.);
#14231 = EDGE_LOOP('',(#14232,#14233,#14252,#14253));
#14232 = ORIENTED_EDGE('',*,*,#246,.F.);
#14233 = ORIENTED_EDGE('',*,*,#14234,.F.);
#14234 = EDGE_CURVE('',#5452,#218,#14235,.T.);
#14235 = SURFACE_CURVE('',#14236,(#14240,#14246),.PCURVE_S1.);
#14236 = LINE('',#14237,#14238);
#14237 = CARTESIAN_POINT('',(34.580096461042,5.405268609889,0.));
#14238 = VECTOR('',#14239,1.);
#14239 = DIRECTION('',(-0.,-0.,-1.));
#14240 = PCURVE('',#263,#14241);
#14241 = DEFINITIONAL_REPRESENTATION('',(#14242),#14245);
#14242 = B_SPLINE_CURVE_WITH_KNOTS('',1,(#14243,#14244),.UNSPECIFIED.,
  .F.,.F.,(2,2),(-4.6000006,6.E-07),.PIECEWISE_BEZIER_KNOTS.);
#14243 = CARTESIAN_POINT('',(-0.155056828239,-4.6000006));
#14244 = CARTESIAN_POINT('',(-0.155056828239,6.E-07));
#14245 = ( GEOMETRIC_REPRESENTATION_CONTEXT(2) 
PARAMETRIC_REPRESENTATION_CONTEXT() REPRESENTATION_CONTEXT('2D SPACE',''
  ) );
#14246 = PCURVE('',#234,#14247);
#14247 = DEFINITIONAL_REPRESENTATION('',(#14248),#14251);
#14248 = B_SPLINE_CURVE_WITH_KNOTS('',1,(#14249,#14250),.UNSPECIFIED.,
  .F.,.F.,(2,2),(-4.6000006,6.E-07),.PIECEWISE_BEZIER_KNOTS.);
#14249 = CARTESIAN_POINT('',(-1.90096754493,-4.6000006));
#14250 = CARTESIAN_POINT('',(-1.90096754493,6.E-07));
#14251 = ( GEOMETRIC_REPRESENTATION_CONTEXT(2) 
PARAMETRIC_REPRESENTATION_CONTEXT() REPRESENTATION_CONTEXT('2D SPACE',''
  ) );
#14252 = ORIENTED_EDGE('',*,*,#5475,.T.);
#14253 = ORIENTED_EDGE('',*,*,#14211,.T.);
#14254 = ADVANCED_FACE('',(#14255),#234,.F.);
#14255 = FACE_BOUND('',#14256,.T.);
#14256 = EDGE_LOOP('',(#14257,#14258,#14259,#14260));
#14257 = ORIENTED_EDGE('',*,*,#217,.F.);
#14258 = ORIENTED_EDGE('',*,*,#14234,.F.);
#14259 = ORIENTED_EDGE('',*,*,#5451,.T.);
#14260 = ORIENTED_EDGE('',*,*,#14261,.T.);
#14261 = EDGE_CURVE('',#5428,#189,#14262,.T.);
#14262 = SURFACE_CURVE('',#14263,(#14267,#14273),.PCURVE_S1.);
#14263 = LINE('',#14264,#14265);
#14264 = CARTESIAN_POINT('',(34.730416116962,4.335688681475,0.));
#14265 = VECTOR('',#14266,1.);
#14266 = DIRECTION('',(-0.,-0.,-1.));
#14267 = PCURVE('',#234,#14268);
#14268 = DEFINITIONAL_REPRESENTATION('',(#14269),#14272);
#14269 = B_SPLINE_CURVE_WITH_KNOTS('',1,(#14270,#14271),.UNSPECIFIED.,
  .F.,.F.,(2,2),(-4.6000006,6.E-07),.PIECEWISE_BEZIER_KNOTS.);
#14270 = CARTESIAN_POINT('',(-4.661470442569,-4.6000006));
#14271 = CARTESIAN_POINT('',(-4.661470442569,6.E-07));
#14272 = ( GEOMETRIC_REPRESENTATION_CONTEXT(2) 
PARAMETRIC_REPRESENTATION_CONTEXT() REPRESENTATION_CONTEXT('2D SPACE',''
  ) );
#14273 = PCURVE('',#205,#14274);
#14274 = DEFINITIONAL_REPRESENTATION('',(#14275),#14278);
#14275 = B_SPLINE_CURVE_WITH_KNOTS('',1,(#14276,#14277),.UNSPECIFIED.,
  .F.,.F.,(2,2),(-4.6000006,6.E-07),.PIECEWISE_BEZIER_KNOTS.);
#14276 = CARTESIAN_POINT('',(-0.124195852081,-4.6000006));
#14277 = CARTESIAN_POINT('',(-0.124195852081,6.E-07));
#14278 = ( GEOMETRIC_REPRESENTATION_CONTEXT(2) 
PARAMETRIC_REPRESENTATION_CONTEXT() REPRESENTATION_CONTEXT('2D SPACE',''
  ) );
#14279 = ADVANCED_FACE('',(#14280),#205,.T.);
#14280 = FACE_BOUND('',#14281,.F.);
#14281 = EDGE_LOOP('',(#14282,#14283,#14284,#14285));
#14282 = ORIENTED_EDGE('',*,*,#188,.F.);
#14283 = ORIENTED_EDGE('',*,*,#5354,.F.);
#14284 = ORIENTED_EDGE('',*,*,#5427,.T.);
#14285 = ORIENTED_EDGE('',*,*,#14261,.T.);
#14286 = ADVANCED_FACE('',(#14287),#5338,.F.);
#14287 = FACE_BOUND('',#14288,.T.);
#14288 = EDGE_LOOP('',(#14289,#14310,#14311,#14312));
#14289 = ORIENTED_EDGE('',*,*,#14290,.T.);
#14290 = EDGE_CURVE('',#5322,#9832,#14291,.T.);
#14291 = SEAM_CURVE('',#14292,(#14296,#14303),.PCURVE_S1.);
#14292 = LINE('',#14293,#14294);
#14293 = CARTESIAN_POINT('',(32.,1.085324868355E-16,0.));
#14294 = VECTOR('',#14295,1.);
#14295 = DIRECTION('',(0.,0.,1.));
#14296 = PCURVE('',#5338,#14297);
#14297 = DEFINITIONAL_REPRESENTATION('',(#14298),#14302);
#14298 = LINE('',#14299,#14300);
#14299 = CARTESIAN_POINT('',(-0.,0.));
#14300 = VECTOR('',#14301,1.);
#14301 = DIRECTION('',(-0.,-1.));
#14302 = ( GEOMETRIC_REPRESENTATION_CONTEXT(2) 
PARAMETRIC_REPRESENTATION_CONTEXT() REPRESENTATION_CONTEXT('2D SPACE',''
  ) );
#14303 = PCURVE('',#5338,#14304);
#14304 = DEFINITIONAL_REPRESENTATION('',(#14305),#14309);
#14305 = LINE('',#14306,#14307);
#14306 = CARTESIAN_POINT('',(-6.28318530718,0.));
#14307 = VECTOR('',#14308,1.);
#14308 = DIRECTION('',(-0.,-1.));
#14309 = ( GEOMETRIC_REPRESENTATION_CONTEXT(2) 
PARAMETRIC_REPRESENTATION_CONTEXT() REPRESENTATION_CONTEXT('2D SPACE',''
  ) );
#14310 = ORIENTED_EDGE('',*,*,#9831,.T.);
#14311 = ORIENTED_EDGE('',*,*,#14290,.F.);
#14312 = ORIENTED_EDGE('',*,*,#5321,.F.);
#14313 = ( GEOMETRIC_REPRESENTATION_CONTEXT(3) 
GLOBAL_UNCERTAINTY_ASSIGNED_CONTEXT((#14317)) 
GLOBAL_UNIT_ASSIGNED_CONTEXT((#14314,#14315,#14316)) 
REPRESENTATION_CONTEXT('Context #1',
  '3D Context with UNIT and UNCERTAINTY') );
#14314 = ( LENGTH_UNIT() NAMED_UNIT(*) SI_UNIT(.MILLI.,.METRE.) );
#14315 = ( NAMED_UNIT(*) PLANE_ANGLE_UNIT() SI_UNIT($,.RADIAN.) );
#14316 = ( NAMED_UNIT(*) SI_UNIT($,.STERADIAN.) SOLID_ANGLE_UNIT() );
#14317 = UNCERTAINTY_MEASURE_WITH_UNIT(LENGTH_MEASURE(1.E-07),#14314,
  'distance_accuracy_value','confusion accuracy');
#14318 = PRODUCT_RELATED_PRODUCT_CATEGORY('part',$,(#7));
ENDSEC;
END-ISO-10303-21;
